-- phpMyAdmin SQL Dump
-- version 5.2.1
-- https://www.phpmyadmin.net/
--
-- Host: 127.0.0.1
-- Generation Time: Sep 29, 2023 at 09:43 AM
-- Server version: 10.4.28-MariaDB
-- PHP Version: 8.2.4

SET SQL_MODE = "NO_AUTO_VALUE_ON_ZERO";
START TRANSACTION;
SET time_zone = "+00:00";


/*!40101 SET @OLD_CHARACTER_SET_CLIENT=@@CHARACTER_SET_CLIENT */;
/*!40101 SET @OLD_CHARACTER_SET_RESULTS=@@CHARACTER_SET_RESULTS */;
/*!40101 SET @OLD_COLLATION_CONNECTION=@@COLLATION_CONNECTION */;
/*!40101 SET NAMES utf8mb4 */;

--
-- Database: `fleet_mangement`
--

-- --------------------------------------------------------

--
-- Table structure for table `admin`
--

CREATE TABLE `admin` (
  `id` bigint(20) UNSIGNED NOT NULL,
  `name` varchar(40) NOT NULL,
  `email` varchar(40) NOT NULL,
  `email_verified_at` timestamp NULL DEFAULT NULL,
  `password` varchar(200) NOT NULL,
  `remember_token` varchar(100) DEFAULT NULL,
  `created_at` timestamp NULL DEFAULT NULL,
  `updated_at` timestamp NULL DEFAULT NULL
) ENGINE=InnoDB DEFAULT CHARSET=utf8mb4 COLLATE=utf8mb4_unicode_ci;

--
-- Dumping data for table `admin`
--

INSERT INTO `admin` (`id`, `name`, `email`, `email_verified_at`, `password`, `remember_token`, `created_at`, `updated_at`) VALUES
(1, 'admin', 'admin@gmail.com', NULL, '$2y$10$K2TQN70U8hBt/OgQQh/Y3elYF0UJG7VbRyOm0lWFWZWE98xf1Gr5i', NULL, NULL, NULL);

-- --------------------------------------------------------

--
-- Table structure for table `contact`
--

CREATE TABLE `contact` (
  `id` bigint(20) UNSIGNED NOT NULL,
  `name` varchar(40) NOT NULL,
  `email` varchar(40) NOT NULL,
  `message` varchar(100) NOT NULL,
  `created_at` timestamp NULL DEFAULT NULL,
  `updated_at` timestamp NULL DEFAULT NULL
) ENGINE=InnoDB DEFAULT CHARSET=utf8mb4 COLLATE=utf8mb4_unicode_ci;

-- --------------------------------------------------------

--
-- Table structure for table `customer`
--

CREATE TABLE `customer` (
  `id` bigint(20) UNSIGNED NOT NULL,
  `fullname` varchar(40) NOT NULL,
  `phone` varchar(40) NOT NULL,
  `location` varchar(150) NOT NULL,
  `coordinate` varchar(40) DEFAULT NULL,
  `distance` varchar(40) DEFAULT NULL,
  `time_taken` varchar(40) NOT NULL,
  `relation_id` int(11) NOT NULL,
  `customer_token` varchar(100) DEFAULT NULL,
  `invoice_id` varchar(100) DEFAULT NULL,
  `url` varchar(255) DEFAULT NULL,
  `amount` varchar(40) NOT NULL,
  `total_amount` varchar(40) NOT NULL,
  `night_charges` varchar(40) NOT NULL DEFAULT '0',
  `payment_mode` varchar(40) NOT NULL,
  `razorpay_payment_id` varchar(200) DEFAULT NULL,
  `booking_time` varchar(255) NOT NULL,
  `booking_date` varchar(255) NOT NULL,
  `created_at` timestamp NULL DEFAULT NULL,
  `updated_at` timestamp NULL DEFAULT NULL
) ENGINE=InnoDB DEFAULT CHARSET=utf8mb4 COLLATE=utf8mb4_unicode_ci;

--
-- Dumping data for table `customer`
--

INSERT INTO `customer` (`id`, `fullname`, `phone`, `location`, `coordinate`, `distance`, `time_taken`, `relation_id`, `customer_token`, `invoice_id`, `url`, `amount`, `total_amount`, `night_charges`, `payment_mode`, `razorpay_payment_id`, `booking_time`, `booking_date`, `created_at`, `updated_at`) VALUES
(1, 'Laisha Hintz V', '8805778742', 'provident', '357', '96', '00:00:39', 16, '4721', '23-24-ATC-1', NULL, '3709', '3775', '0', 'dolor', NULL, '14:02:46', '23-04-2023', NULL, NULL),
(2, 'Ms. Bettye Kassulke DVM', '+1 (615) 928-5594', 'nemo', '260', '21', '21:34:20', 11, '2879', 'autem', NULL, '4413', '590', '0', 'voluptas', NULL, '01:03:33', '22-04-2023', NULL, NULL),
(3, 'Nyah Gorczany', '+14583763471', 'doloremque', '155', '101', '16:10:18', 49, '741', 'dolor', NULL, '2457', '169', '0', 'quis', NULL, '03:40:03', '11-04-2023', NULL, NULL),
(4, 'Dr. Lila Beer', '(814) 322-8203', 'officiis', '219', '29', '00:31:08', 17, '1078', 'molestiae', NULL, '1362', '515', '0', 'et', NULL, '03:16:58', '03-04-2023', NULL, NULL),
(5, 'Dr. Everett Cartwright III', '940-644-8395', 'voluptatem', '165', '36', '01:00:55', 97, '2743', 'ex', NULL, '1697', '2439', '0', 'pariatur', NULL, '07:36:38', '04-04-2023', NULL, NULL),
(6, 'Abdullah Witting', '1-561-774-9801', 'repellendus', '498', '87', '23:59:54', 55, '3952', 'est', NULL, '3392', '1384', '0', 'maxime', NULL, '03:29:07', '24-04-2023', NULL, NULL),
(7, 'Terrance Hegmann', '341.881.8955', 'aperiam', '404', '76', '13:18:48', 16, '625', 'dolor', NULL, '4773', '4583', '0', 'tempore', NULL, '17:37:59', '06-04-2023', NULL, NULL),
(8, 'Rex Durgan', '1-252-994-5760', 'nihil', '398', '42', '11:32:24', 67, '4186', 'nemo', NULL, '1301', '2917', '0', 'omnis', NULL, '19:47:58', '26-04-2023', NULL, NULL),
(9, 'Dr. Freddie Waelchi V', '1-404-645-6795', 'culpa', '234', '119', '13:15:35', 75, '1585', 'sunt', NULL, '2843', '273', '0', 'asperiores', NULL, '10:09:26', '07-04-2023', NULL, NULL),
(10, 'Dina Kihn', '878-243-9231', 'sint', '410', '54', '12:24:46', 2, '2478', 'ut', NULL, '4828', '850', '0', 'voluptas', NULL, '09:15:08', '21-04-2023', NULL, NULL),
(11, 'Dr. Else Lindgren PhD', '+1-605-994-6102', 'sit', '229', '18', '04:12:12', 41, '2856', 'et', NULL, '1484', '2783', '0', 'et', NULL, '04:40:29', '22-04-2023', NULL, NULL),
(12, 'Dennis Russel', '+1-856-669-7207', 'ipsam', '287', '109', '00:43:21', 1, '1807', 'quam', NULL, '4255', '2326', '0', 'in', NULL, '23:06:24', '04-04-2023', NULL, NULL),
(13, 'Prof. Peggie Reilly DVM', '+19182965135', 'dolorum', '305', '88', '03:25:48', 65, '407', 'molestiae', NULL, '3826', '4600', '0', 'expedita', NULL, '18:01:44', '25-04-2023', NULL, NULL),
(14, 'Wilma Rath III', '(510) 459-3234', 'soluta', '126', '24', '05:37:37', 100, '1653', 'itaque', NULL, '3360', '2855', '0', 'perferendis', NULL, '02:04:20', '19-04-2023', NULL, NULL),
(15, 'Winifred Dietrich', '+14422028681', 'ipsum', '226', '115', '03:13:52', 18, '4663', 'qui', NULL, '4721', '222', '0', 'corporis', NULL, '17:15:27', '08-04-2023', NULL, NULL),
(16, 'Alexa Bahringer', '678-513-6584', 'laborum', '192', '114', '11:09:48', 31, '3691', 'est', NULL, '2971', '2979', '0', 'sunt', NULL, '05:15:59', '15-04-2023', NULL, NULL),
(17, 'Kyle Cummings', '252.580.7382', 'similique', '301', '96', '04:33:40', 81, '1653', 'error', NULL, '4677', '4636', '0', 'et', NULL, '20:31:27', '28-04-2023', NULL, NULL),
(18, 'Eldred Rolfson', '956-550-0154', 'ducimus', '282', '36', '16:22:38', 22, '3132', 'necessitatibus', NULL, '4340', '1921', '0', 'libero', NULL, '21:04:58', '16-04-2023', NULL, NULL),
(19, 'Dr. Fatima Koss V', '539.438.3068', 'beatae', '346', '125', '00:25:47', 59, '2282', 'ipsa', NULL, '1620', '3034', '0', 'accusamus', NULL, '15:31:33', '27-04-2023', NULL, NULL),
(20, 'Mallory Harris I', '+1-225-694-6086', 'sed', '252', '33', '00:48:15', 93, '1144', 'debitis', NULL, '1286', '1594', '0', 'voluptas', NULL, '08:41:30', '19-04-2023', NULL, NULL),
(21, 'Meggie Schimmel Jr.', '985.372.5032', 'consequatur', '129', '56', '12:28:32', 11, '640', 'eaque', NULL, '1607', '2319', '0', 'vel', NULL, '07:58:22', '12-04-2023', NULL, NULL),
(22, 'Mr. Tony Zboncak', '469-901-4236', 'in', '256', '101', '21:00:05', 46, '4653', 'modi', NULL, '3649', '492', '0', 'iusto', NULL, '01:19:00', '14-04-2023', NULL, NULL),
(23, 'Mr. Tobin Howe DDS', '952-654-3950', 'qui', '135', '2', '23:07:39', 81, '294', 'ex', NULL, '4826', '1957', '0', 'est', NULL, '23:44:25', '09-04-2023', NULL, NULL),
(24, 'Manuel Jerde', '(947) 897-3832', 'rerum', '269', '5', '16:22:13', 82, '3523', 'reprehenderit', NULL, '3031', '843', '0', 'facilis', NULL, '14:17:17', '15-04-2023', NULL, NULL),
(25, 'Hailey Hill', '309.509.5137', 'quae', '388', '92', '21:57:30', 95, '1075', 'mollitia', NULL, '2157', '4059', '0', 'nam', NULL, '00:33:00', '20-04-2023', NULL, NULL),
(26, 'Ursula Renner', '351-951-2596', 'dolor', '472', '45', '05:41:52', 78, '2117', 'et', NULL, '1332', '4007', '0', 'perferendis', NULL, '07:42:37', '25-04-2023', NULL, NULL),
(27, 'Dr. Spencer Goyette III', '575.360.5307', 'ea', '162', '17', '11:50:52', 4, '1280', 'ut', NULL, '4390', '2385', '0', 'ullam', NULL, '15:34:31', '11-04-2023', NULL, NULL),
(28, 'Vaughn Pacocha', '661-841-5295', 'id', '384', '29', '13:19:56', 65, '4972', 'laboriosam', NULL, '3106', '1029', '0', 'similique', NULL, '06:51:10', '03-04-2023', NULL, NULL),
(29, 'Dedrick Durgan', '+1.302.241.5798', 'quisquam', '477', '45', '19:19:42', 38, '1100', 'illum', NULL, '1317', '3305', '0', 'nihil', NULL, '19:40:25', '30-03-2023', NULL, NULL),
(30, 'Lindsey Borer', '+1 (754) 464-8659', 'illum', '462', '32', '00:32:32', 33, '332', 'omnis', NULL, '2111', '2840', '0', 'officiis', NULL, '18:32:59', '03-04-2023', NULL, NULL),
(31, 'Felicita Harris', '+14348067136', 'unde', '374', '117', '08:15:25', 6, '922', 'eius', NULL, '1668', '2989', '0', 'tempora', NULL, '08:59:24', '10-04-2023', NULL, NULL),
(32, 'Prof. Arnaldo Douglas', '+1 (534) 778-4262', 'ratione', '384', '57', '14:08:59', 35, '1751', 'ipsam', NULL, '1460', '4966', '0', 'maxime', NULL, '00:25:54', '02-04-2023', NULL, NULL),
(33, 'Mr. London Kuhlman', '(385) 976-8468', 'distinctio', '388', '145', '19:23:07', 46, '2316', 'reprehenderit', NULL, '4812', '3339', '0', 'qui', NULL, '23:32:28', '04-04-2023', NULL, NULL),
(34, 'Abigayle Dibbert', '754.819.7175', 'sit', '428', '93', '20:45:21', 41, '4908', 'sapiente', NULL, '2948', '1398', '0', 'minus', NULL, '09:37:37', '24-04-2023', NULL, NULL),
(35, 'Amani Block', '(972) 686-7921', 'praesentium', '234', '9', '05:37:54', 72, '2154', 'ipsa', NULL, '4919', '3470', '0', 'consectetur', NULL, '09:40:07', '18-04-2023', NULL, NULL),
(36, 'Stephania Heaney', '+1.732.818.9470', 'ut', '240', '78', '18:57:39', 64, '4435', 'suscipit', NULL, '1105', '3457', '0', 'consectetur', NULL, '08:04:36', '24-04-2023', NULL, NULL),
(37, 'Tyshawn Wolff', '661.359.4191', 'unde', '342', '133', '09:37:17', 42, '3744', 'quia', NULL, '2405', '1278', '0', 'sed', NULL, '18:02:39', '24-04-2023', NULL, NULL),
(38, 'Prof. Kamren Barrows MD', '+13522774698', 'at', '361', '121', '04:08:33', 46, '2632', 'sapiente', NULL, '3090', '3134', '0', 'molestiae', NULL, '09:52:10', '06-04-2023', NULL, NULL),
(39, 'Dr. Lucas Kuhic V', '409.692.6952', 'expedita', '243', '64', '16:00:02', 7, '192', 'non', NULL, '1708', '2067', '0', 'sapiente', NULL, '10:16:58', '06-04-2023', NULL, NULL),
(40, 'Webster Pagac', '380-433-2348', 'suscipit', '154', '73', '05:02:20', 87, '4226', 'sint', NULL, '2208', '3372', '0', 'reprehenderit', NULL, '00:14:35', '04-04-2023', NULL, NULL),
(41, 'Polly Hackett DVM', '+1.484.697.5084', 'hic', '495', '52', '02:45:36', 88, '3498', 'sapiente', NULL, '1246', '3670', '0', 'impedit', NULL, '23:53:38', '23-04-2023', NULL, NULL),
(42, 'Darius Emmerich', '954.691.3894', 'modi', '466', '12', '04:05:07', 55, '3374', 'eos', NULL, '4513', '2633', '0', 'assumenda', NULL, '20:53:15', '14-04-2023', NULL, NULL),
(43, 'Dr. Victor Kirlin', '1-828-886-4695', 'maxime', '477', '29', '23:33:22', 25, '978', 'non', NULL, '2109', '2690', '0', 'ducimus', NULL, '01:23:30', '15-04-2023', NULL, NULL),
(44, 'Rebeka Blanda', '956-919-3350', 'corrupti', '172', '131', '06:13:14', 58, '1444', 'dolorem', NULL, '4749', '3995', '0', 'iste', NULL, '07:32:50', '09-04-2023', NULL, NULL),
(45, 'Cristopher Hackett III', '(626) 691-0564', 'expedita', '150', '150', '13:33:05', 47, '1411', 'aut', NULL, '3267', '1712', '0', 'aut', NULL, '11:56:09', '31-03-2023', NULL, NULL),
(46, 'Delia Raynor', '+1 (209) 330-1243', 'tenetur', '183', '131', '05:26:27', 23, '4415', 'nam', NULL, '3377', '3520', '0', 'exercitationem', NULL, '05:43:42', '18-04-2023', NULL, NULL),
(47, 'Mrs. Beverly Weissnat Sr.', '937-741-2527', 'qui', '246', '6', '10:05:19', 40, '3596', 'laudantium', NULL, '2195', '1046', '0', 'repellendus', NULL, '00:47:21', '04-04-2023', NULL, NULL),
(48, 'Mrs. Marcelle Upton', '+1 (614) 456-5403', 'sunt', '487', '16', '06:21:44', 25, '4815', 'dolores', NULL, '2460', '2578', '0', 'ea', NULL, '03:38:25', '12-04-2023', NULL, NULL),
(49, 'Bessie Moen', '+1-423-568-0930', 'cum', '336', '33', '13:21:03', 43, '2753', 'voluptate', NULL, '1334', '4614', '0', 'ut', NULL, '21:20:42', '17-04-2023', NULL, NULL),
(50, 'Terrill Wolf Jr.', '+1-443-481-0394', 'reprehenderit', '121', '4', '06:01:46', 61, '3917', 'maxime', NULL, '1729', '4822', '0', 'id', NULL, '02:23:51', '26-04-2023', NULL, NULL),
(51, 'Abbie Lueilwitz', '+1-740-264-8249', 'qui', '237', '58', '07:52:39', 5, '444', 'ut', NULL, '4344', '688', '0', 'ut', NULL, '17:17:10', '18-04-2023', NULL, NULL),
(52, 'Pablo Torphy', '364-259-0222', 'voluptatum', '244', '145', '23:32:56', 64, '1343', 'molestias', NULL, '4945', '663', '0', 'odit', NULL, '12:57:55', '23-04-2023', NULL, NULL),
(53, 'Shanelle Conroy', '+1.239.474.9038', 'minus', '104', '128', '22:25:05', 25, '583', 'sed', NULL, '1557', '3513', '0', 'aut', NULL, '04:02:58', '22-04-2023', NULL, NULL),
(54, 'Miss Cynthia Rolfson II', '718.410.3189', 'iste', '153', '120', '23:12:30', 21, '3621', 'dicta', NULL, '3069', '2870', '0', 'qui', NULL, '03:47:33', '17-04-2023', NULL, NULL),
(55, 'Myrtie Effertz Jr.', '+1-847-557-4820', 'at', '352', '139', '00:07:21', 67, '4209', 'dolor', NULL, '4480', '3901', '0', 'vel', NULL, '23:12:30', '25-04-2023', NULL, NULL),
(56, 'Dr. Adolfo Effertz II', '+1-731-315-9267', 'est', '154', '139', '10:52:48', 17, '2994', 'a', NULL, '858', '715', '0', 'officiis', NULL, '12:44:11', '02-04-2023', NULL, NULL),
(57, 'Noelia Fisher DVM', '(240) 707-4199', 'quaerat', '302', '12', '11:54:53', 2, '2785', 'ducimus', NULL, '3084', '1529', '0', 'totam', NULL, '07:26:10', '11-04-2023', NULL, NULL),
(58, 'Kolby Anderson', '+1 (918) 820-8531', 'quaerat', '334', '145', '13:55:08', 83, '4252', 'consectetur', NULL, '3930', '2605', '0', 'quod', NULL, '19:26:27', '28-04-2023', NULL, NULL),
(59, 'Imani Hessel', '(385) 277-8173', 'et', '266', '15', '07:45:38', 6, '1113', 'amet', NULL, '3240', '2488', '0', 'voluptas', NULL, '21:57:28', '20-04-2023', NULL, NULL),
(60, 'Bonita Block', '563-234-0131', 'qui', '363', '93', '16:19:36', 71, '1346', 'in', NULL, '2562', '1236', '0', 'temporibus', NULL, '06:24:46', '30-03-2023', NULL, NULL),
(61, 'Rebekah Buckridge', '351-613-4408', 'facere', '348', '129', '01:37:55', 22, '4305', 'at', NULL, '3505', '2644', '0', 'ipsa', NULL, '20:53:54', '20-04-2023', NULL, NULL),
(62, 'Cristobal Considine', '727-245-3581', 'qui', '121', '48', '18:18:33', 69, '623', 'laudantium', NULL, '1592', '2765', '0', 'est', NULL, '21:34:58', '15-04-2023', NULL, NULL),
(63, 'Trudie Kuhlman', '517-829-9852', 'nulla', '163', '91', '08:00:30', 46, '4437', 'laborum', NULL, '1558', '2800', '0', 'quia', NULL, '15:06:18', '26-04-2023', NULL, NULL),
(64, 'Dr. Johnpaul Aufderhar III', '323.288.1778', 'consequatur', '252', '25', '08:02:26', 49, '4616', 'maiores', NULL, '3957', '2117', '0', 'omnis', NULL, '08:05:10', '30-03-2023', NULL, NULL),
(65, 'Buck Schmeler', '575.354.1595', 'deleniti', '486', '127', '21:06:50', 76, '1530', 'delectus', NULL, '2086', '4883', '0', 'dicta', NULL, '13:32:28', '29-04-2023', NULL, NULL),
(66, 'Kendall Rutherford', '1-425-249-1315', 'molestiae', '207', '143', '11:33:33', 21, '1833', 'maxime', NULL, '2071', '3222', '0', 'cumque', NULL, '10:50:10', '24-04-2023', NULL, NULL),
(67, 'Elna Kihn', '+18564203345', 'voluptatem', '474', '69', '20:08:54', 16, '2493', 'et', NULL, '4435', '1396', '0', 'et', NULL, '07:27:44', '20-04-2023', NULL, NULL),
(68, 'Casimer Cassin', '+1-201-493-6292', 'impedit', '422', '83', '20:29:49', 49, '1909', 'dolores', NULL, '794', '1330', '0', 'odit', NULL, '22:30:30', '24-04-2023', NULL, NULL),
(69, 'Dr. Arthur Skiles', '254-999-0796', 'minima', '336', '72', '10:53:33', 44, '609', 'culpa', NULL, '3236', '4843', '0', 'quasi', NULL, '01:38:14', '04-04-2023', NULL, NULL),
(70, 'Dr. Kaci Upton Jr.', '325-418-7421', 'excepturi', '280', '119', '04:33:56', 37, '571', 'rem', NULL, '4970', '4357', '0', 'aperiam', NULL, '10:54:32', '15-04-2023', NULL, NULL),
(71, 'Idell Heller', '+1 (339) 900-8640', 'repellendus', '262', '23', '00:52:10', 11, '2468', 'dolores', NULL, '1991', '756', '0', 'ratione', NULL, '11:52:33', '16-04-2023', NULL, NULL),
(72, 'Dr. Hailee Hill V', '213.780.7264', 'ipsa', '399', '16', '00:34:15', 51, '2635', 'illo', NULL, '4806', '2050', '0', 'qui', NULL, '00:50:44', '30-03-2023', NULL, NULL),
(73, 'Mr. Murphy Frami II', '1-352-700-6395', 'facere', '289', '66', '08:22:46', 45, '4785', 'molestiae', NULL, '4883', '313', '0', 'consequatur', NULL, '09:43:28', '19-04-2023', NULL, NULL),
(74, 'Prof. Stevie O\'Kon', '+1-240-773-5923', 'eligendi', '473', '60', '09:44:48', 49, '4708', 'adipisci', NULL, '3876', '4058', '0', 'voluptas', NULL, '23:10:40', '12-04-2023', NULL, NULL),
(75, 'Prof. Kaya Wuckert IV', '903.393.3805', 'aut', '296', '142', '18:00:40', 4, '585', 'et', NULL, '3997', '3076', '0', 'ipsum', NULL, '05:21:51', '21-04-2023', NULL, NULL),
(76, 'Mrs. Stephanie O\'Hara IV', '617.928.2923', 'voluptates', '109', '6', '08:40:38', 72, '2760', 'deserunt', NULL, '590', '1672', '0', 'enim', NULL, '23:33:40', '09-04-2023', NULL, NULL),
(77, 'Prof. Doyle Mills PhD', '260.982.9470', 'numquam', '375', '39', '00:20:45', 31, '4896', 'odit', NULL, '4708', '248', '0', 'a', NULL, '19:13:13', '26-04-2023', NULL, NULL),
(78, 'Dr. Brendan Witting', '1-518-940-7159', 'nam', '318', '129', '18:21:39', 1, '1490', 'aut', NULL, '679', '1331', '0', 'autem', NULL, '02:41:26', '04-04-2023', NULL, NULL),
(79, 'Jensen Zemlak', '(804) 580-6405', 'doloribus', '397', '76', '06:17:30', 1, '4951', 'ipsa', NULL, '782', '1096', '0', 'in', NULL, '17:51:36', '16-04-2023', NULL, NULL),
(80, 'Ms. Theresia Hamill', '680.747.6967', 'dolores', '305', '95', '04:51:13', 36, '3558', 'ducimus', NULL, '3394', '3151', '0', 'culpa', NULL, '11:24:24', '29-04-2023', NULL, NULL),
(81, 'Lucy Jast', '(217) 466-8780', 'mollitia', '380', '110', '07:39:11', 69, '3078', 'odit', NULL, '3003', '3590', '0', 'at', NULL, '16:21:56', '10-04-2023', NULL, NULL),
(82, 'Liliana Rippin I', '+1.432.773.6967', 'necessitatibus', '250', '50', '20:59:07', 28, '1147', 'soluta', NULL, '1179', '4170', '0', 'autem', NULL, '00:58:30', '16-04-2023', NULL, NULL),
(83, 'Dr. Sunny Torphy', '+1-865-284-5205', 'non', '288', '82', '03:39:24', 43, '4186', 'placeat', NULL, '1573', '1211', '0', 'nulla', NULL, '19:34:14', '20-04-2023', NULL, NULL),
(84, 'Rachel Russel', '830.259.6579', 'repellendus', '459', '22', '16:03:38', 4, '3741', 'deleniti', NULL, '839', '1608', '0', 'et', NULL, '22:46:26', '24-04-2023', NULL, NULL),
(85, 'Jack Gaylord', '+1-484-351-6779', 'in', '235', '12', '16:54:33', 16, '1779', 'error', NULL, '936', '4905', '0', 'eum', NULL, '00:39:04', '21-04-2023', NULL, NULL),
(86, 'Alec Sipes', '470.858.2351', 'consequatur', '352', '149', '08:34:14', 20, '2813', 'ut', NULL, '4223', '2348', '0', 'exercitationem', NULL, '19:47:05', '27-04-2023', NULL, NULL),
(87, 'Trevion Hegmann Jr.', '+1 (308) 817-2674', 'sunt', '409', '56', '13:06:48', 57, '1038', 'ea', NULL, '4100', '4542', '0', 'aliquam', NULL, '14:14:45', '17-04-2023', NULL, NULL),
(88, 'Tamara Brakus', '+1-331-786-2142', 'fuga', '248', '121', '13:55:59', 91, '3296', 'mollitia', NULL, '3671', '1223', '0', 'doloribus', NULL, '20:07:17', '31-03-2023', NULL, NULL),
(89, 'Reva Simonis', '+1-919-325-3456', 'corrupti', '243', '149', '21:30:51', 87, '592', 'corrupti', NULL, '1019', '270', '0', 'odio', NULL, '00:28:21', '19-04-2023', NULL, NULL),
(90, 'Prof. Kenyon Stoltenberg DVM', '1-540-482-4662', 'magni', '186', '85', '21:48:23', 56, '1278', 'perferendis', NULL, '4403', '4638', '0', 'distinctio', NULL, '02:18:09', '30-03-2023', NULL, NULL),
(91, 'Miles Bernhard', '+1.682.494.3078', 'rerum', '357', '102', '18:14:51', 54, '1455', 'ipsa', NULL, '1215', '1849', '0', 'veritatis', NULL, '04:00:01', '23-04-2023', NULL, NULL),
(92, 'Chad Gibson', '1-341-389-2710', 'non', '450', '114', '03:38:20', 100, '4908', 'accusamus', NULL, '658', '3882', '0', 'officiis', NULL, '23:49:04', '26-04-2023', NULL, NULL),
(93, 'Nicholaus Anderson Jr.', '+1-928-426-3490', 'qui', '396', '134', '16:02:44', 51, '3430', 'voluptas', NULL, '539', '1012', '0', 'consequuntur', NULL, '23:05:07', '23-04-2023', NULL, NULL),
(94, 'Dr. Amir Kertzmann I', '320-241-2256', 'deserunt', '313', '117', '16:53:53', 10, '3684', 'id', NULL, '4437', '751', '0', 'consequuntur', NULL, '20:45:23', '03-04-2023', NULL, NULL),
(95, 'Kirk Heller', '+1.562.395.3732', 'voluptatem', '405', '83', '02:25:41', 16, '2299', 'molestias', NULL, '620', '1899', '0', 'consectetur', NULL, '14:43:17', '05-04-2023', NULL, NULL),
(96, 'Westley Larkin', '1-586-661-2729', 'aliquid', '253', '62', '05:05:39', 74, '2474', 'veniam', NULL, '2209', '4782', '0', 'soluta', NULL, '07:42:36', '23-04-2023', NULL, NULL),
(97, 'Prof. Werner Lubowitz Jr.', '+1.251.320.3222', 'itaque', '183', '105', '22:14:22', 61, '2627', 'est', NULL, '693', '1533', '0', 'velit', NULL, '18:11:02', '18-04-2023', NULL, NULL),
(98, 'Prof. Myron Thiel V', '(951) 279-6753', 'voluptatem', '184', '26', '04:27:33', 60, '3369', 'dolorem', NULL, '3069', '3780', '0', 'voluptatem', NULL, '21:56:52', '24-04-2023', NULL, NULL),
(99, 'Prof. Felicia McLaughlin PhD', '1-570-214-3528', 'sunt', '219', '92', '07:23:41', 65, '1150', 'quae', NULL, '3448', '4606', '0', 'ut', NULL, '05:32:52', '27-04-2023', NULL, NULL),
(100, 'Melissa Nitzsche', '+13039692494', 'amet', '458', '68', '17:14:11', 64, '3292', 'et', NULL, '1250', '4531', '0', 'quibusdam', NULL, '02:33:43', '14-04-2023', NULL, NULL),
(101, 'Samanta Purdy', '541-541-8736', 'cupiditate', '267', '144', '03:43:24', 99, '3112', 'voluptatem', NULL, '3346', '2827', '0', 'saepe', NULL, '05:14:49', '23-04-2023', NULL, NULL),
(102, 'Ms. Erna Prosacco Sr.', '469-290-7320', 'perferendis', '398', '6', '21:17:29', 70, '875', 'consequatur', NULL, '3779', '2947', '0', 'harum', NULL, '07:40:51', '31-03-2023', NULL, NULL),
(103, 'Kiel Dach', '1-580-892-4888', 'enim', '102', '125', '18:54:48', 71, '3360', 'rem', NULL, '1400', '284', '0', 'nam', NULL, '20:52:14', '18-04-2023', NULL, NULL),
(104, 'Lucie Rau', '(559) 456-9348', 'voluptas', '163', '36', '15:38:51', 51, '1555', 'expedita', NULL, '1932', '2070', '0', 'eos', NULL, '20:19:48', '13-04-2023', NULL, NULL),
(105, 'Ruthe Runte', '989.363.1688', 'deserunt', '280', '28', '22:03:13', 41, '582', 'accusamus', NULL, '4882', '3446', '0', 'ullam', NULL, '04:29:41', '06-04-2023', NULL, NULL),
(106, 'Macy Schimmel', '774-447-0505', 'molestiae', '186', '90', '07:11:44', 87, '2747', 'saepe', NULL, '1111', '4827', '0', 'assumenda', NULL, '07:42:40', '13-04-2023', NULL, NULL),
(107, 'Antwon Braun', '+1 (347) 443-7143', 'molestiae', '160', '78', '18:46:08', 5, '788', 'ut', NULL, '3654', '4895', '0', 'ut', NULL, '13:22:13', '21-04-2023', NULL, NULL),
(108, 'Ms. Alayna Robel', '1-318-725-2273', 'voluptas', '287', '79', '22:37:08', 97, '1999', 'delectus', NULL, '1627', '3612', '0', 'quibusdam', NULL, '04:44:34', '12-04-2023', NULL, NULL),
(109, 'Mr. Isaiah Reichert DDS', '559-798-5915', 'eveniet', '315', '132', '04:12:04', 48, '3592', 'quisquam', NULL, '3938', '2077', '0', 'earum', NULL, '06:22:02', '25-04-2023', NULL, NULL),
(110, 'Delpha Conn', '1-423-425-0778', 'qui', '331', '94', '08:59:32', 37, '290', 'exercitationem', NULL, '4688', '4552', '0', 'doloribus', NULL, '15:56:09', '08-04-2023', NULL, NULL),
(111, 'Dr. Granville Collins', '1-814-833-6746', 'dolorum', '183', '49', '02:36:39', 98, '556', 'ipsam', NULL, '974', '921', '0', 'eos', NULL, '19:00:54', '16-04-2023', NULL, NULL),
(112, 'Mrs. Meghan Hahn', '+1.470.285.7599', 'qui', '186', '50', '15:20:29', 6, '1427', 'architecto', NULL, '3028', '2046', '0', 'provident', NULL, '19:02:00', '22-04-2023', NULL, NULL),
(113, 'Danial Spencer I', '(540) 486-7801', 'aperiam', '326', '81', '00:19:12', 19, '1224', 'culpa', NULL, '1767', '4861', '0', 'necessitatibus', NULL, '07:49:05', '31-03-2023', NULL, NULL),
(114, 'Twila Zboncak', '+1-228-545-0667', 'nostrum', '241', '61', '06:22:05', 66, '3502', 'dolor', NULL, '3622', '1437', '0', 'tempore', NULL, '21:44:07', '16-04-2023', NULL, NULL),
(115, 'Johanna Krajcik PhD', '+1-757-612-0732', 'labore', '336', '149', '17:17:56', 34, '4602', 'quia', NULL, '2546', '3856', '0', 'consectetur', NULL, '09:30:05', '25-04-2023', NULL, NULL),
(116, 'Remington Strosin IV', '262-557-8271', 'ipsam', '406', '22', '08:33:57', 59, '3292', 'sed', NULL, '3800', '4602', '0', 'labore', NULL, '19:14:15', '30-03-2023', NULL, NULL),
(117, 'Prof. Brooks Jerde DVM', '(380) 719-5470', 'dolores', '419', '29', '08:20:21', 88, '1903', 'hic', NULL, '2765', '1445', '0', 'voluptatem', NULL, '05:20:18', '09-04-2023', NULL, NULL),
(118, 'Clare Emmerich DDS', '564-373-4002', 'ipsa', '267', '126', '22:40:55', 9, '2008', 'aspernatur', NULL, '2956', '4352', '0', 'aut', NULL, '03:24:51', '31-03-2023', NULL, NULL),
(119, 'Herman Bernhard', '(850) 884-8265', 'architecto', '151', '108', '02:46:37', 86, '3004', 'nemo', NULL, '4297', '1209', '0', 'et', NULL, '06:59:11', '29-04-2023', NULL, NULL),
(120, 'Prof. Lessie Fadel', '667.229.7222', 'eligendi', '356', '90', '19:45:40', 99, '3731', 'voluptates', NULL, '804', '2567', '0', 'laboriosam', NULL, '08:01:22', '06-04-2023', NULL, NULL),
(121, 'Kurtis Kozey', '743.665.1946', 'vel', '272', '134', '06:09:12', 19, '3436', 'amet', NULL, '3569', '4549', '0', 'culpa', NULL, '04:37:52', '02-04-2023', NULL, NULL),
(122, 'Prof. Lane VonRueden II', '(931) 934-5492', 'voluptate', '348', '137', '22:30:59', 40, '4778', 'aut', NULL, '3516', '966', '0', 'aliquam', NULL, '20:10:18', '17-04-2023', NULL, NULL),
(123, 'Keanu White', '+1-586-705-5769', 'qui', '158', '92', '15:05:54', 6, '4525', 'veniam', NULL, '1425', '1073', '0', 'sed', NULL, '21:29:04', '17-04-2023', NULL, NULL),
(124, 'Alphonso Bins', '602.628.5520', 'ea', '413', '134', '16:51:57', 68, '4198', 'ea', NULL, '1101', '3041', '0', 'et', NULL, '16:52:42', '14-04-2023', NULL, NULL),
(125, 'Jamal Collier', '1-703-785-9070', 'repellat', '136', '98', '23:40:59', 36, '2171', 'consequatur', NULL, '3133', '698', '0', 'odio', NULL, '19:56:48', '17-04-2023', NULL, NULL),
(126, 'Kelley White DDS', '+1-951-981-4862', 'repellat', '426', '146', '17:08:18', 25, '1075', 'debitis', NULL, '3057', '3474', '0', 'veniam', NULL, '21:43:47', '26-04-2023', NULL, NULL),
(127, 'Consuelo Barrows', '+1.612.347.0119', 'et', '226', '96', '13:34:36', 48, '928', 'mollitia', NULL, '3141', '3513', '0', 'sit', NULL, '16:23:04', '13-04-2023', NULL, NULL),
(128, 'Sophia Koch', '+1.951.254.8565', 'qui', '329', '91', '11:57:39', 81, '1749', 'consequatur', NULL, '4613', '4088', '0', 'voluptas', NULL, '10:42:33', '13-04-2023', NULL, NULL),
(129, 'Jeff Donnelly', '+1-513-734-0955', 'vel', '391', '118', '23:58:10', 41, '3011', 'perspiciatis', NULL, '1768', '746', '0', 'odit', NULL, '16:04:27', '01-04-2023', NULL, NULL),
(130, 'Ms. Clara Halvorson', '985-827-5312', 'nam', '268', '129', '14:41:01', 77, '130', 'molestiae', NULL, '1198', '2982', '0', 'maiores', NULL, '01:29:58', '02-04-2023', NULL, NULL),
(131, 'Josefina O\'Hara', '+1.224.965.0550', 'aut', '462', '45', '10:32:07', 18, '4598', 'numquam', NULL, '1629', '431', '0', 'porro', NULL, '08:09:46', '19-04-2023', NULL, NULL),
(132, 'Krista Legros', '+1.757.991.4199', 'recusandae', '223', '109', '19:57:03', 99, '3448', 'sit', NULL, '3912', '1483', '0', 'corporis', NULL, '16:40:30', '10-04-2023', NULL, NULL),
(133, 'Mr. Nolan Christiansen I', '+16512422826', 'et', '380', '32', '08:36:54', 80, '3289', 'sequi', NULL, '819', '2488', '0', 'esse', NULL, '22:27:41', '21-04-2023', NULL, NULL),
(134, 'Prof. Trudie White', '937-577-1642', 'officia', '176', '50', '11:36:07', 72, '2011', 'laborum', NULL, '619', '4922', '0', 'rerum', NULL, '03:52:09', '13-04-2023', NULL, NULL),
(135, 'Delia Corkery DDS', '443.299.3940', 'quas', '179', '63', '03:12:06', 91, '1644', 'quo', NULL, '2965', '642', '0', 'alias', NULL, '17:54:19', '22-04-2023', NULL, NULL),
(136, 'Webster Romaguera', '(310) 539-3182', 'omnis', '407', '136', '17:10:55', 38, '4959', 'nihil', NULL, '856', '1106', '0', 'eum', NULL, '21:59:45', '26-04-2023', NULL, NULL),
(137, 'Clovis Mosciski', '(605) 353-6725', 'velit', '204', '42', '19:36:59', 7, '1571', 'molestiae', NULL, '3980', '2223', '0', 'minus', NULL, '19:02:43', '26-04-2023', NULL, NULL),
(138, 'Ms. Hettie Roberts PhD', '541.467.0452', 'recusandae', '367', '42', '17:18:45', 57, '998', 'sint', NULL, '4993', '2063', '0', 'laboriosam', NULL, '05:24:58', '29-04-2023', NULL, NULL),
(139, 'Miller Gleichner', '+1-283-532-1042', 'voluptatem', '455', '120', '13:24:21', 93, '3867', 'qui', NULL, '3416', '2393', '0', 'sequi', NULL, '06:21:05', '17-04-2023', NULL, NULL),
(140, 'Lela Paucek', '+17859985720', 'optio', '264', '28', '06:56:45', 86, '449', 'ad', NULL, '2867', '3080', '0', 'fugit', NULL, '16:03:39', '13-04-2023', NULL, NULL),
(141, 'Alyce Beahan PhD', '534.327.5262', 'earum', '372', '102', '12:02:21', 38, '3349', 'et', NULL, '1820', '3979', '0', 'consectetur', NULL, '01:30:20', '18-04-2023', NULL, NULL),
(142, 'Ms. Telly Kuhlman', '386.879.2086', 'ducimus', '230', '42', '08:11:47', 89, '4468', 'quaerat', NULL, '2212', '2430', '0', 'saepe', NULL, '01:34:08', '03-04-2023', NULL, NULL),
(143, 'Melany Thiel II', '1-478-603-3230', 'odio', '188', '55', '19:40:15', 8, '2199', 'ut', NULL, '3532', '3552', '0', 'harum', NULL, '17:00:25', '23-04-2023', NULL, NULL),
(144, 'Ceasar Runolfsson', '1-417-245-7263', 'doloribus', '262', '143', '20:22:08', 93, '1222', 'est', NULL, '4198', '1415', '0', 'ex', NULL, '22:56:11', '14-04-2023', NULL, NULL),
(145, 'Lesley Block', '+1-930-997-6780', 'et', '346', '91', '06:37:46', 72, '1009', 'praesentium', NULL, '4610', '751', '0', 'nostrum', NULL, '13:54:48', '19-04-2023', NULL, NULL),
(146, 'Blaze Cassin Sr.', '360-794-8879', 'aliquam', '255', '65', '02:04:57', 58, '1488', 'aut', NULL, '1898', '4249', '0', 'expedita', NULL, '10:37:04', '10-04-2023', NULL, NULL),
(147, 'Jeffry Walker', '(571) 295-1148', 'et', '132', '1', '07:43:57', 98, '4902', 'eos', NULL, '3799', '2912', '0', 'enim', NULL, '03:21:06', '12-04-2023', NULL, NULL),
(148, 'Rodrigo Erdman', '1-515-933-4136', 'velit', '421', '7', '12:38:38', 8, '1443', 'ad', NULL, '3445', '1913', '0', 'aut', NULL, '20:12:28', '05-04-2023', NULL, NULL),
(149, 'Jayce Reynolds', '+12605314353', 'aperiam', '137', '58', '09:08:18', 98, '4651', 'eos', NULL, '2995', '1415', '0', 'qui', NULL, '15:21:32', '08-04-2023', NULL, NULL),
(150, 'Alvah Spinka I', '713.354.3193', 'ut', '497', '90', '04:41:42', 25, '542', 'tempora', NULL, '3020', '164', '0', 'exercitationem', NULL, '21:39:35', '31-03-2023', NULL, NULL),
(151, 'Paul Leffler V', '772.955.3230', 'sunt', '324', '91', '13:27:12', 83, '304', 'qui', NULL, '2163', '1196', '0', 'quos', NULL, '06:12:06', '15-04-2023', NULL, NULL),
(152, 'Darby D\'Amore', '+1-681-234-1976', 'quia', '129', '112', '19:56:54', 46, '4558', 'temporibus', NULL, '3346', '1079', '0', 'velit', NULL, '14:52:00', '31-03-2023', NULL, NULL),
(153, 'Justice Altenwerth', '564-379-8651', 'facere', '402', '74', '03:40:33', 28, '1635', 'in', NULL, '858', '572', '0', 'ut', NULL, '22:58:42', '31-03-2023', NULL, NULL),
(154, 'Miss Fatima Schoen', '+13184840775', 'nihil', '384', '79', '00:46:57', 46, '2643', 'dolores', NULL, '591', '2573', '0', 'debitis', NULL, '03:43:48', '22-04-2023', NULL, NULL),
(155, 'Maud Kuhn I', '1-838-265-5912', 'ut', '361', '114', '08:12:05', 23, '2645', 'reprehenderit', NULL, '2620', '3659', '0', 'vel', NULL, '03:33:12', '15-04-2023', NULL, NULL),
(156, 'Imogene Emmerich', '+1-253-220-3760', 'ut', '270', '5', '15:03:06', 20, '4837', 'facilis', NULL, '4916', '2214', '0', 'fuga', NULL, '23:21:57', '04-04-2023', NULL, NULL),
(157, 'Rhoda Terry', '605.816.2539', 'qui', '345', '52', '01:46:44', 80, '691', 'vero', NULL, '1039', '3198', '0', 'qui', NULL, '04:14:29', '15-04-2023', NULL, NULL),
(158, 'Roxanne Williamson', '252.560.3377', 'doloremque', '317', '56', '11:49:31', 13, '1094', 'illo', NULL, '4692', '1482', '0', 'voluptates', NULL, '20:32:36', '23-04-2023', NULL, NULL),
(159, 'Tess Witting', '+1-680-499-1922', 'et', '317', '17', '17:17:18', 22, '2254', 'incidunt', NULL, '1211', '2443', '0', 'fugit', NULL, '10:39:01', '31-03-2023', NULL, NULL),
(160, 'Ms. Hildegard Langosh DVM', '940.313.1250', 'est', '204', '98', '07:57:31', 65, '554', 'accusamus', NULL, '4854', '2484', '0', 'quo', NULL, '16:33:38', '28-04-2023', NULL, NULL),
(161, 'Prof. Jamaal Langosh III', '+1.808.788.9055', 'dolorem', '470', '14', '04:00:54', 49, '1036', 'perferendis', NULL, '1366', '4035', '0', 'consequatur', NULL, '22:11:28', '07-04-2023', NULL, NULL),
(162, 'Dr. Britney Schneider DVM', '1-484-402-6324', 'sint', '283', '19', '04:32:10', 7, '540', 'quo', NULL, '2382', '4547', '0', 'aut', NULL, '22:55:30', '25-04-2023', NULL, NULL),
(163, 'Hailee Simonis', '+1-970-444-1995', 'sed', '391', '38', '13:31:15', 9, '722', 'necessitatibus', NULL, '2750', '4494', '0', 'rem', NULL, '15:11:04', '12-04-2023', NULL, NULL),
(164, 'Rafael Hauck', '+1.608.801.5312', 'eum', '184', '67', '02:49:12', 38, '3385', 'inventore', NULL, '1456', '4360', '0', 'incidunt', NULL, '23:47:09', '17-04-2023', NULL, NULL),
(165, 'Christa Bednar', '907.559.4339', 'fugiat', '276', '109', '06:08:19', 63, '352', 'blanditiis', NULL, '4170', '431', '0', 'est', NULL, '09:24:20', '29-04-2023', NULL, NULL),
(166, 'Mrs. Breanna Haag', '+12062689635', 'quos', '287', '80', '09:14:41', 4, '4306', 'accusamus', NULL, '820', '2764', '0', 'eum', NULL, '15:39:51', '16-04-2023', NULL, NULL),
(167, 'Prof. Savanna McClure I', '1-463-799-3937', 'cumque', '392', '148', '19:31:00', 26, '393', 'quam', NULL, '1794', '1705', '0', 'fuga', NULL, '15:43:15', '06-04-2023', NULL, NULL),
(168, 'Joe Deckow', '270-258-6468', 'consequatur', '384', '124', '09:09:33', 82, '1130', 'fuga', NULL, '3853', '4729', '0', 'sint', NULL, '23:46:15', '04-04-2023', NULL, NULL),
(169, 'Mitchell Cruickshank', '(702) 306-1630', 'omnis', '483', '118', '08:17:43', 92, '4580', 'fugiat', NULL, '1084', '1581', '0', 'harum', NULL, '19:51:29', '29-04-2023', NULL, NULL),
(170, 'Dr. Queen Runolfsdottir', '469-714-9886', 'ab', '292', '91', '00:27:20', 96, '3210', 'assumenda', NULL, '1973', '4732', '0', 'accusantium', NULL, '01:31:12', '26-04-2023', NULL, NULL),
(171, 'Mr. Jaiden Graham Jr.', '909-626-9341', 'porro', '290', '140', '19:05:45', 31, '2548', 'laboriosam', NULL, '1083', '2008', '0', 'quod', NULL, '09:26:58', '20-04-2023', NULL, NULL),
(172, 'Delbert West', '1-743-993-0061', 'ut', '367', '54', '23:26:31', 42, '2450', 'exercitationem', NULL, '4216', '3394', '0', 'explicabo', NULL, '20:31:15', '30-03-2023', NULL, NULL),
(173, 'Lelia Friesen', '+1-351-518-6309', 'maiores', '397', '143', '22:39:32', 46, '2533', 'maxime', NULL, '733', '4134', '0', 'rem', NULL, '23:47:42', '16-04-2023', NULL, NULL),
(174, 'Verla Fadel I', '+1-814-965-4673', 'velit', '148', '127', '06:24:28', 44, '122', 'iure', NULL, '1285', '1663', '0', 'iste', NULL, '05:13:40', '13-04-2023', NULL, NULL),
(175, 'Greta Runolfsson', '(680) 842-3853', 'sunt', '255', '30', '12:44:44', 23, '3372', 'tenetur', NULL, '2964', '4240', '0', 'enim', NULL, '20:11:48', '15-04-2023', NULL, NULL),
(176, 'Frida Beatty', '1-629-798-4852', 'aut', '361', '50', '02:27:11', 81, '4018', 'quia', NULL, '1834', '2977', '0', 'perferendis', NULL, '16:39:27', '07-04-2023', NULL, NULL),
(177, 'Zechariah Frami', '+1.737.621.7340', 'praesentium', '182', '112', '16:47:39', 20, '2124', 'dolor', NULL, '1793', '3472', '0', 'explicabo', NULL, '05:28:30', '31-03-2023', NULL, NULL),
(178, 'Ludie Casper', '1-640-353-9555', 'eveniet', '262', '20', '08:30:40', 95, '1886', 'asperiores', NULL, '1886', '2356', '0', 'amet', NULL, '21:30:37', '22-04-2023', NULL, NULL),
(179, 'Dr. Otha Smitham Sr.', '+1-202-767-2276', 'rerum', '177', '32', '16:28:22', 6, '3952', 'nemo', NULL, '1143', '3370', '0', 'possimus', NULL, '01:02:18', '20-04-2023', NULL, NULL),
(180, 'Tracey Kohler', '+1-813-693-9645', 'et', '310', '92', '11:48:52', 54, '1719', 'dolorum', NULL, '4833', '2911', '0', 'officiis', NULL, '08:49:37', '06-04-2023', NULL, NULL),
(181, 'Nathaniel Gutmann', '+16675362327', 'aut', '285', '113', '00:32:04', 43, '1950', 'est', NULL, '4693', '1055', '0', 'ex', NULL, '01:36:28', '25-04-2023', NULL, NULL),
(182, 'Naomie Osinski', '918.575.2650', 'magnam', '473', '88', '22:09:57', 57, '194', 'ut', NULL, '1744', '3257', '0', 'molestiae', NULL, '15:25:40', '20-04-2023', NULL, NULL),
(183, 'Ms. Ursula Farrell PhD', '+1.774.868.1908', 'non', '134', '49', '17:21:44', 87, '3241', 'quisquam', NULL, '3135', '1630', '0', 'minima', NULL, '02:42:06', '05-04-2023', NULL, NULL),
(184, 'Augusta Walsh V', '662-457-2943', 'quibusdam', '349', '145', '01:55:33', 14, '3956', 'adipisci', NULL, '3070', '1068', '0', 'quo', NULL, '04:39:25', '30-03-2023', NULL, NULL),
(185, 'Marquis Kovacek', '678.414.6343', 'et', '484', '112', '22:46:48', 21, '3595', 'similique', NULL, '1855', '2986', '0', 'earum', NULL, '09:49:21', '01-04-2023', NULL, NULL),
(186, 'Elian Yundt', '(480) 418-2388', 'dolorem', '191', '88', '10:00:35', 83, '1394', 'rerum', NULL, '1923', '1279', '0', 'est', NULL, '19:02:33', '11-04-2023', NULL, NULL),
(187, 'Jacky Willms IV', '843-536-8411', 'eligendi', '363', '19', '08:10:14', 54, '2709', 'nobis', NULL, '2400', '4340', '0', 'maxime', NULL, '17:37:21', '28-04-2023', NULL, NULL),
(188, 'Alysa Pfannerstill', '947-438-3406', 'consequatur', '495', '85', '07:34:48', 76, '4146', 'magnam', NULL, '2836', '1983', '0', 'et', NULL, '08:51:30', '22-04-2023', NULL, NULL),
(189, 'Maxime Gleason', '+1-337-263-4078', 'enim', '436', '51', '11:02:14', 11, '4969', 'voluptatum', NULL, '4596', '3275', '0', 'maxime', NULL, '11:32:43', '13-04-2023', NULL, NULL),
(190, 'Ms. Maeve Little I', '1-870-609-2408', 'possimus', '126', '130', '05:59:43', 53, '1855', 'dolorem', NULL, '1650', '1150', '0', 'corporis', NULL, '20:10:15', '19-04-2023', NULL, NULL),
(191, 'Magnus Bins', '(747) 557-5312', 'consequatur', '464', '14', '10:59:13', 63, '799', 'odio', NULL, '3204', '704', '0', 'cumque', NULL, '19:01:29', '09-04-2023', NULL, NULL),
(192, 'Breanna Corwin', '872-508-7237', 'molestias', '244', '98', '04:30:25', 14, '639', 'aperiam', NULL, '4461', '2694', '0', 'consequuntur', NULL, '03:10:18', '29-04-2023', NULL, NULL),
(193, 'Ted Klocko', '(380) 802-7442', 'vel', '153', '49', '20:32:39', 27, '2267', 'nihil', NULL, '1864', '3981', '0', 'doloribus', NULL, '06:13:24', '24-04-2023', NULL, NULL),
(194, 'Watson Howell DVM', '618-201-5019', 'autem', '350', '11', '21:16:05', 29, '4132', 'dolores', NULL, '4651', '609', '0', 'placeat', NULL, '07:18:38', '03-04-2023', NULL, NULL),
(195, 'Boris Cummerata', '+1 (208) 714-0184', 'soluta', '256', '6', '01:42:25', 18, '2117', 'quasi', NULL, '1043', '2805', '0', 'totam', NULL, '18:10:26', '24-04-2023', NULL, NULL),
(196, 'Rhianna Abbott', '(640) 723-2754', 'amet', '490', '141', '21:48:44', 15, '4161', 'impedit', NULL, '1317', '937', '0', 'fugiat', NULL, '01:47:25', '27-04-2023', NULL, NULL),
(197, 'Holden Ruecker', '478.932.8395', 'earum', '492', '63', '08:28:52', 68, '508', 'quae', NULL, '1964', '2467', '0', 'unde', NULL, '08:44:01', '11-04-2023', NULL, NULL),
(198, 'Arne Zulauf', '669-292-2895', 'impedit', '332', '93', '13:09:29', 94, '2667', 'velit', NULL, '4724', '4728', '0', 'aperiam', NULL, '08:13:49', '23-04-2023', NULL, NULL),
(199, 'Sydney Blick', '512.662.1497', 'nesciunt', '149', '119', '04:03:13', 49, '2932', 'sed', NULL, '3219', '3753', '0', 'tempora', NULL, '12:15:34', '18-04-2023', NULL, NULL),
(200, 'Abelardo Bayer', '+18184943095', 'iste', '283', '93', '17:42:07', 73, '1678', 'impedit', NULL, '678', '2787', '0', 'omnis', NULL, '14:22:08', '02-04-2023', NULL, NULL),
(201, 'Jeramie Barrows', '(407) 331-6239', 'maiores', '275', '134', '07:41:52', 13, '1048', 'voluptatem', NULL, '2119', '1876', '0', 'velit', NULL, '05:56:30', '10-04-2023', NULL, NULL),
(202, 'Myrtice Torphy V', '757.707.2236', 'id', '347', '13', '04:47:09', 82, '2355', 'nihil', NULL, '1828', '3592', '0', 'ab', NULL, '18:24:11', '13-04-2023', NULL, NULL),
(203, 'Jeffrey Rohan', '+1.310.543.4775', 'aut', '267', '51', '09:04:32', 6, '3165', 'et', NULL, '1752', '1346', '0', 'aperiam', NULL, '18:55:47', '03-04-2023', NULL, NULL),
(204, 'Prof. Kane Jenkins', '1-929-501-0629', 'voluptatibus', '270', '99', '22:45:18', 60, '4776', 'velit', NULL, '4250', '4513', '0', 'quod', NULL, '12:03:35', '09-04-2023', NULL, NULL),
(205, 'Dr. Amelia Kertzmann DDS', '253.760.9991', 'voluptas', '112', '71', '19:46:38', 16, '2835', 'harum', NULL, '2645', '1758', '0', 'voluptas', NULL, '12:03:20', '14-04-2023', NULL, NULL),
(206, 'Amiya Gusikowski', '+12623312291', 'rerum', '348', '64', '22:14:36', 1, '1919', 'quis', NULL, '3177', '4066', '0', 'mollitia', NULL, '22:27:49', '13-04-2023', NULL, NULL),
(207, 'Jacinto Treutel', '+1-332-866-8996', 'inventore', '274', '127', '11:51:19', 89, '3860', 'ea', NULL, '725', '2239', '0', 'harum', NULL, '01:46:30', '17-04-2023', NULL, NULL),
(208, 'Dr. Angie Wolff IV', '463-677-3010', 'exercitationem', '190', '132', '03:06:52', 10, '100', 'qui', NULL, '3146', '3884', '0', 'consequatur', NULL, '09:27:41', '10-04-2023', NULL, NULL),
(209, 'Meghan Wuckert', '1-351-571-3732', 'et', '269', '74', '20:16:15', 17, '1892', 'non', NULL, '3459', '2929', '0', 'vitae', NULL, '21:24:49', '17-04-2023', NULL, NULL),
(210, 'Prof. Dominique Torp', '+13015187118', 'hic', '295', '132', '12:04:48', 99, '3993', 'distinctio', NULL, '3983', '1358', '0', 'nam', NULL, '05:29:46', '09-04-2023', NULL, NULL),
(211, 'Mrs. Bridgette Bauch PhD', '520-650-4325', 'vel', '104', '55', '17:31:46', 95, '3345', 'consequatur', NULL, '4139', '2642', '0', 'est', NULL, '07:06:44', '16-04-2023', NULL, NULL),
(212, 'Elenora Kuhn', '315-688-0223', 'architecto', '169', '34', '01:14:31', 7, '150', 'ipsam', NULL, '2992', '1981', '0', 'qui', NULL, '17:23:47', '09-04-2023', NULL, NULL),
(213, 'Emilia Hickle', '463.340.9739', 'consequuntur', '300', '88', '03:47:56', 81, '523', 'quia', NULL, '1111', '3595', '0', 'assumenda', NULL, '21:09:49', '20-04-2023', NULL, NULL),
(214, 'Lucile Mosciski', '1-260-612-2189', 'nostrum', '429', '51', '03:24:27', 2, '624', 'ab', NULL, '2439', '3032', '0', 'nulla', NULL, '20:41:36', '24-04-2023', NULL, NULL),
(215, 'Prof. Tracey Bartoletti', '678.619.9321', 'reiciendis', '351', '139', '23:46:36', 42, '1130', 'deserunt', NULL, '806', '4788', '0', 'aspernatur', NULL, '15:28:56', '02-04-2023', NULL, NULL),
(216, 'Myrna Raynor', '+17077557683', 'consequatur', '499', '115', '18:11:44', 62, '4447', 'recusandae', NULL, '3136', '715', '0', 'esse', NULL, '18:50:13', '02-04-2023', NULL, NULL),
(217, 'Ferne Keeling', '318-438-5279', 'nostrum', '347', '104', '13:51:26', 28, '2555', 'hic', NULL, '4418', '3714', '0', 'fugiat', NULL, '09:26:49', '13-04-2023', NULL, NULL),
(218, 'Mr. Jillian Harris', '781.435.0115', 'qui', '190', '43', '06:39:21', 8, '1679', 'numquam', NULL, '1434', '4004', '0', 'velit', NULL, '09:03:40', '28-04-2023', NULL, NULL),
(219, 'Dena Hahn', '+1.732.679.2867', 'perferendis', '384', '113', '21:25:55', 97, '488', 'eos', NULL, '3226', '1446', '0', 'a', NULL, '14:55:46', '06-04-2023', NULL, NULL),
(220, 'Dr. Leola Lebsack IV', '352.746.6935', 'veritatis', '264', '115', '01:28:48', 8, '654', 'possimus', NULL, '2997', '341', '0', 'qui', NULL, '13:24:03', '29-04-2023', NULL, NULL),
(221, 'Amalia Marquardt', '1-947-825-6620', 'amet', '191', '85', '06:43:11', 19, '526', 'quod', NULL, '880', '1378', '0', 'quasi', NULL, '05:55:35', '29-04-2023', NULL, NULL),
(222, 'Prof. Justyn Romaguera DDS', '+1-678-720-1175', 'totam', '323', '135', '00:35:24', 26, '49', 'dolorum', NULL, '948', '4561', '0', 'saepe', NULL, '06:23:45', '12-04-2023', NULL, NULL),
(223, 'Ona Conroy', '405.774.0138', 'velit', '329', '137', '04:02:45', 2, '4229', 'ut', NULL, '2838', '3657', '0', 'eaque', NULL, '02:48:38', '07-04-2023', NULL, NULL),
(224, 'Mr. Jamar Marvin', '+19806853767', 'aut', '321', '123', '03:44:48', 70, '1939', 'qui', NULL, '3039', '2342', '0', 'quibusdam', NULL, '05:59:50', '29-04-2023', NULL, NULL),
(225, 'Zoie Haley', '831.669.0712', 'modi', '149', '79', '01:09:17', 5, '4373', 'nesciunt', NULL, '1975', '1235', '0', 'nesciunt', NULL, '12:49:11', '03-04-2023', NULL, NULL),
(226, 'Sigurd Parker', '+1-812-719-7716', 'illo', '307', '93', '00:31:11', 37, '1061', 'molestiae', NULL, '3502', '2604', '0', 'recusandae', NULL, '02:04:04', '09-04-2023', NULL, NULL),
(227, 'Ms. Aurore Hettinger', '1-640-692-2017', 'nostrum', '376', '90', '23:30:40', 32, '713', 'quis', NULL, '3054', '4812', '0', 'voluptatem', NULL, '20:20:09', '01-04-2023', NULL, NULL),
(228, 'Teagan Glover', '+1.212.858.8864', 'quis', '359', '45', '04:22:04', 49, '1008', 'non', NULL, '2587', '1066', '0', 'recusandae', NULL, '21:16:14', '28-04-2023', NULL, NULL),
(229, 'Yoshiko Haley', '+1-603-243-0203', 'laudantium', '327', '26', '03:15:05', 22, '2232', 'saepe', NULL, '773', '2405', '0', 'rem', NULL, '21:04:02', '21-04-2023', NULL, NULL),
(230, 'Kayley Schowalter DVM', '928.692.9798', 'delectus', '473', '133', '01:09:04', 77, '2741', 'omnis', NULL, '4253', '421', '0', 'perferendis', NULL, '23:11:06', '19-04-2023', NULL, NULL),
(231, 'Prof. Jacey Ferry', '+1-838-385-3626', 'et', '475', '16', '20:50:09', 11, '2686', 'ea', NULL, '4884', '923', '0', 'nostrum', NULL, '18:03:26', '25-04-2023', NULL, NULL),
(232, 'Prof. Donny Tremblay', '+1 (239) 268-8741', 'deserunt', '117', '35', '01:30:48', 56, '2122', 'pariatur', NULL, '4833', '2697', '0', 'quam', NULL, '01:49:01', '31-03-2023', NULL, NULL),
(233, 'Karl Wolf', '1-361-360-0239', 'voluptatem', '273', '70', '10:08:48', 96, '3032', 'non', NULL, '2596', '2442', '0', 'dicta', NULL, '19:46:25', '08-04-2023', NULL, NULL),
(234, 'Mrs. Lauriane Kassulke MD', '+18204381336', 'repudiandae', '219', '47', '22:47:01', 17, '1134', 'explicabo', NULL, '1424', '2690', '0', 'enim', NULL, '23:38:32', '01-04-2023', NULL, NULL),
(235, 'Amina Nader', '248-815-8247', 'sed', '109', '112', '12:33:48', 83, '325', 'quo', NULL, '3291', '1739', '0', 'non', NULL, '14:33:50', '03-04-2023', NULL, NULL),
(236, 'Mr. Odell Swaniawski', '941.247.4198', 'dolores', '309', '35', '22:42:38', 86, '482', 'alias', NULL, '717', '2428', '0', 'quia', NULL, '00:04:57', '15-04-2023', NULL, NULL),
(237, 'Judy Hahn Sr.', '+1-458-914-1067', 'nulla', '243', '120', '12:32:42', 97, '4934', 'praesentium', NULL, '4551', '3799', '0', 'iste', NULL, '21:00:01', '06-04-2023', NULL, NULL),
(238, 'Chesley O\'Keefe', '443-983-0718', 'optio', '330', '79', '12:37:05', 75, '279', 'ut', NULL, '3163', '2642', '0', 'ipsum', NULL, '03:05:30', '01-04-2023', NULL, NULL),
(239, 'Jonathan Kozey', '+17655754482', 'soluta', '337', '103', '04:45:35', 86, '2169', 'consequatur', NULL, '1482', '3141', '0', 'sequi', NULL, '11:44:20', '16-04-2023', NULL, NULL),
(240, 'Evangeline Harber', '(530) 688-9632', 'autem', '405', '102', '18:32:29', 58, '3389', 'placeat', NULL, '4009', '1993', '0', 'et', NULL, '13:29:14', '02-04-2023', NULL, NULL),
(241, 'Sylvester Bernier III', '239.499.6085', 'tenetur', '472', '121', '13:57:16', 58, '76', 'iure', NULL, '998', '190', '0', 'magnam', NULL, '10:18:55', '23-04-2023', NULL, NULL),
(242, 'Dr. Brett Legros', '620-479-1155', 'et', '383', '20', '03:47:25', 61, '2082', 'soluta', NULL, '4778', '1570', '0', 'voluptatem', NULL, '22:34:54', '29-04-2023', NULL, NULL),
(243, 'Jeremie Trantow III', '240-266-9665', 'ut', '153', '108', '02:38:13', 72, '2885', 'nobis', NULL, '2910', '1709', '0', 'sequi', NULL, '03:15:32', '08-04-2023', NULL, NULL),
(244, 'Miss Jenifer Pagac Jr.', '(307) 855-1881', 'non', '479', '110', '11:33:12', 48, '4017', 'aperiam', NULL, '2286', '2124', '0', 'ea', NULL, '22:33:25', '22-04-2023', NULL, NULL),
(245, 'Scot Schuster II', '+1-267-347-3217', 'dolore', '105', '28', '20:03:53', 45, '2915', 'sunt', NULL, '2861', '2916', '0', 'molestias', NULL, '08:35:47', '21-04-2023', NULL, NULL),
(246, 'Josh Boyle', '+1.352.289.0808', 'et', '335', '16', '11:27:03', 4, '4150', 'nam', NULL, '1361', '4000', '0', 'sed', NULL, '05:15:15', '19-04-2023', NULL, NULL),
(247, 'Ms. Elvera Ondricka IV', '+1 (248) 803-4348', 'voluptate', '225', '86', '02:21:21', 64, '2394', 'sit', NULL, '4006', '4134', '0', 'autem', NULL, '09:13:10', '02-04-2023', NULL, NULL),
(248, 'Kaelyn Schaden', '+1 (971) 549-2306', 'qui', '431', '20', '12:55:21', 92, '2858', 'iusto', NULL, '2897', '3737', '0', 'esse', NULL, '05:49:57', '03-04-2023', NULL, NULL),
(249, 'Ms. Adele Wintheiser Jr.', '+1.743.293.0623', 'voluptatibus', '152', '65', '01:27:25', 33, '3881', 'ut', NULL, '3477', '636', '0', 'necessitatibus', NULL, '05:44:41', '26-04-2023', NULL, NULL),
(250, 'Mrs. Anjali Miller', '463-265-1084', 'non', '381', '56', '03:21:08', 35, '3709', 'iusto', NULL, '723', '1880', '0', 'a', NULL, '15:33:42', '11-04-2023', NULL, NULL),
(251, 'Kathryne Pollich', '1-423-414-8378', 'voluptatem', '296', '141', '05:59:24', 92, '891', 'corporis', NULL, '4334', '1385', '0', 'itaque', NULL, '02:07:01', '21-04-2023', NULL, NULL),
(252, 'Ezra Corwin', '(631) 515-4521', 'sed', '495', '127', '10:26:07', 99, '1597', 'quae', NULL, '4106', '3431', '0', 'neque', NULL, '14:49:32', '08-04-2023', NULL, NULL),
(253, 'Brady Welch', '+1 (424) 703-6636', 'libero', '488', '8', '19:08:31', 34, '3627', 'maiores', NULL, '1598', '3354', '0', 'in', NULL, '04:40:16', '03-04-2023', NULL, NULL),
(254, 'Sallie Will', '458-661-6489', 'et', '144', '23', '07:12:31', 41, '224', 'velit', NULL, '2023', '1551', '0', 'sunt', NULL, '16:53:20', '10-04-2023', NULL, NULL),
(255, 'Marietta McDermott', '985.438.6725', 'ea', '124', '4', '09:19:20', 42, '2377', 'qui', NULL, '1498', '3676', '0', 'qui', NULL, '06:53:24', '19-04-2023', NULL, NULL),
(256, 'Chauncey Beatty', '351.727.6437', 'fugiat', '126', '45', '15:14:11', 18, '4507', 'at', NULL, '2291', '3659', '0', 'qui', NULL, '20:56:14', '27-04-2023', NULL, NULL),
(257, 'Quinton Macejkovic', '820-928-7635', 'et', '426', '137', '18:59:37', 99, '1478', 'ducimus', NULL, '1613', '3778', '0', 'laborum', NULL, '01:27:02', '14-04-2023', NULL, NULL),
(258, 'Eric Vandervort', '+1 (830) 773-5784', 'voluptate', '174', '60', '17:52:41', 52, '819', 'cum', NULL, '2462', '783', '0', 'enim', NULL, '23:47:21', '16-04-2023', NULL, NULL),
(259, 'Prof. Clyde Barton I', '838-329-0895', 'quibusdam', '360', '110', '10:00:23', 33, '1353', 'iusto', NULL, '2105', '1034', '0', 'optio', NULL, '13:24:06', '31-03-2023', NULL, NULL),
(260, 'Prof. Dane Effertz', '1-458-969-6686', 'mollitia', '168', '135', '03:05:24', 92, '3249', 'rerum', NULL, '3484', '3874', '0', 'quam', NULL, '19:05:40', '13-04-2023', NULL, NULL),
(261, 'Ms. Vallie Reinger', '629-476-9493', 'ut', '224', '38', '06:40:17', 17, '1373', 'harum', NULL, '2623', '732', '0', 'ab', NULL, '05:08:39', '25-04-2023', NULL, NULL),
(262, 'Antonina Davis', '(364) 693-0080', 'similique', '403', '75', '16:12:40', 59, '2390', 'deserunt', NULL, '4917', '2511', '0', 'ab', NULL, '00:35:10', '10-04-2023', NULL, NULL),
(263, 'Jody Stark', '270.487.0491', 'autem', '416', '47', '04:18:28', 12, '1510', 'asperiores', NULL, '3844', '3785', '0', 'recusandae', NULL, '05:38:30', '21-04-2023', NULL, NULL),
(264, 'Dr. Dariana Quigley', '1-223-356-9054', 'culpa', '402', '100', '07:43:39', 82, '825', 'iste', NULL, '3623', '4129', '0', 'est', NULL, '11:46:22', '19-04-2023', NULL, NULL),
(265, 'Rosalia Boehm V', '+1.831.865.9113', 'temporibus', '216', '136', '11:15:31', 7, '1024', 'repellat', NULL, '1240', '4135', '0', 'atque', NULL, '03:16:39', '14-04-2023', NULL, NULL),
(266, 'Brielle Treutel MD', '973.335.7467', 'quia', '118', '107', '08:11:48', 81, '2682', 'aliquam', NULL, '3596', '1467', '0', 'aut', NULL, '04:08:17', '23-04-2023', NULL, NULL),
(267, 'Ms. Marion Botsford', '540-879-0812', 'nulla', '350', '123', '05:15:49', 74, '367', 'dolor', NULL, '1051', '1562', '0', 'sed', NULL, '21:40:13', '19-04-2023', NULL, NULL),
(268, 'Prof. Shanel Kulas II', '(571) 953-9991', 'maiores', '338', '5', '22:57:02', 85, '3421', 'excepturi', NULL, '4277', '1664', '0', 'delectus', NULL, '18:40:26', '31-03-2023', NULL, NULL),
(269, 'Sabrina Beier', '520-502-4737', 'ducimus', '388', '123', '21:48:43', 61, '2761', 'porro', NULL, '2872', '2592', '0', 'facere', NULL, '10:15:02', '06-04-2023', NULL, NULL),
(270, 'Davon Rowe', '+1-941-599-8861', 'accusantium', '419', '50', '01:44:23', 90, '4821', 'dolor', NULL, '680', '4039', '0', 'hic', NULL, '01:17:04', '16-04-2023', NULL, NULL),
(271, 'Hazel Koelpin PhD', '1-380-995-3978', 'expedita', '289', '32', '14:00:17', 96, '2547', 'dolor', NULL, '1531', '370', '0', 'numquam', NULL, '07:24:28', '13-04-2023', NULL, NULL),
(272, 'Prof. Maryse Tillman', '479.855.0128', 'alias', '286', '61', '08:24:18', 32, '4802', 'iure', NULL, '4207', '2387', '0', 'nemo', NULL, '08:05:05', '02-04-2023', NULL, NULL),
(273, 'Dolly Altenwerth', '(954) 752-3446', 'suscipit', '454', '73', '21:52:51', 12, '2545', 'et', NULL, '1597', '3116', '0', 'reprehenderit', NULL, '17:37:55', '06-04-2023', NULL, NULL),
(274, 'Prof. Dwight Swift', '(430) 866-9134', 'facilis', '154', '37', '01:32:49', 68, '4161', 'porro', NULL, '2279', '1808', '0', 'est', NULL, '06:45:44', '31-03-2023', NULL, NULL),
(275, 'Prof. Mohammad Leannon', '+1.360.741.5143', 'aspernatur', '358', '33', '02:39:25', 11, '11', 'quae', NULL, '4401', '1817', '0', 'ut', NULL, '02:26:15', '20-04-2023', NULL, NULL),
(276, 'Edna Rodriguez', '757.675.2897', 'iusto', '499', '6', '11:24:26', 57, '4476', 'eveniet', NULL, '2565', '3579', '0', 'sunt', NULL, '16:00:59', '15-04-2023', NULL, NULL);
INSERT INTO `customer` (`id`, `fullname`, `phone`, `location`, `coordinate`, `distance`, `time_taken`, `relation_id`, `customer_token`, `invoice_id`, `url`, `amount`, `total_amount`, `night_charges`, `payment_mode`, `razorpay_payment_id`, `booking_time`, `booking_date`, `created_at`, `updated_at`) VALUES
(277, 'Lorenzo Marks', '380-694-1457', 'molestiae', '318', '132', '09:16:54', 48, '188', 'ut', NULL, '3210', '4021', '0', 'aperiam', NULL, '16:30:17', '16-04-2023', NULL, NULL),
(278, 'Liliane Prosacco', '1-541-904-3420', 'debitis', '254', '2', '20:56:50', 13, '1344', 'sunt', NULL, '3285', '1996', '0', 'accusamus', NULL, '17:09:43', '23-04-2023', NULL, NULL),
(279, 'Margarett Bradtke', '+1-727-570-1367', 'qui', '127', '130', '10:37:32', 25, '300', 'excepturi', NULL, '3412', '1702', '0', 'sint', NULL, '21:52:55', '22-04-2023', NULL, NULL),
(280, 'Dr. Anthony Murray', '813-990-2461', 'corrupti', '468', '55', '01:31:03', 100, '2841', 'sit', NULL, '4660', '3072', '0', 'voluptatem', NULL, '00:43:13', '28-04-2023', NULL, NULL),
(281, 'Wayne Rice II', '+1.619.740.6353', 'nesciunt', '458', '14', '17:45:29', 66, '4241', 'exercitationem', NULL, '3601', '3298', '0', 'sit', NULL, '10:32:58', '04-04-2023', NULL, NULL),
(282, 'Uriah Feeney', '+1 (781) 729-4433', 'porro', '154', '98', '00:16:35', 27, '4013', 'minima', NULL, '1198', '4667', '0', 'voluptatibus', NULL, '08:22:46', '28-04-2023', NULL, NULL),
(283, 'Sydni Torp', '803-860-0428', 'praesentium', '133', '41', '00:58:25', 48, '3779', 'debitis', NULL, '3902', '4408', '0', 'ut', NULL, '22:07:17', '06-04-2023', NULL, NULL),
(284, 'Jonathan Bashirian MD', '+1-440-762-2237', 'dolores', '167', '144', '00:20:44', 12, '3591', 'provident', NULL, '4641', '4661', '0', 'optio', NULL, '11:37:18', '08-04-2023', NULL, NULL),
(285, 'Dr. Vince Jacobi V', '1-224-348-8319', 'eius', '476', '76', '17:05:52', 49, '4379', 'possimus', NULL, '905', '1076', '0', 'placeat', NULL, '08:02:21', '05-04-2023', NULL, NULL),
(286, 'Jimmy Keebler', '1-850-782-8286', 'et', '496', '19', '08:30:43', 99, '2724', 'eligendi', NULL, '4210', '4950', '0', 'similique', NULL, '21:32:09', '02-04-2023', NULL, NULL),
(287, 'Horace Armstrong V', '1-619-348-6250', 'in', '439', '82', '00:20:42', 88, '1599', 'nisi', NULL, '3544', '628', '0', 'perspiciatis', NULL, '18:00:19', '24-04-2023', NULL, NULL),
(288, 'Dr. Gerhard Lockman', '(779) 543-5766', 'fuga', '135', '51', '23:58:27', 96, '557', 'ad', NULL, '3332', '1399', '0', 'quod', NULL, '17:18:07', '17-04-2023', NULL, NULL),
(289, 'Prof. Scottie Mante', '(601) 266-1228', 'dignissimos', '313', '27', '11:26:09', 62, '2267', 'deleniti', NULL, '2552', '1004', '0', 'doloremque', NULL, '07:46:39', '24-04-2023', NULL, NULL),
(290, 'Ivy Weber', '+1-726-443-8178', 'eius', '449', '102', '02:15:57', 59, '872', 'ducimus', NULL, '4416', '4430', '0', 'libero', NULL, '15:08:38', '08-04-2023', NULL, NULL),
(291, 'Prof. Dexter Eichmann Jr.', '1-806-436-5471', 'et', '416', '124', '00:07:49', 69, '3899', 'perferendis', NULL, '4818', '940', '0', 'repudiandae', NULL, '04:37:02', '02-04-2023', NULL, NULL),
(292, 'Cedrick Thompson', '1-530-465-3155', 'in', '409', '102', '18:29:26', 100, '3742', 'iste', NULL, '2757', '315', '0', 'eum', NULL, '18:05:15', '15-04-2023', NULL, NULL),
(293, 'Prof. Antoinette Ratke', '+1-623-278-7985', 'consequuntur', '380', '80', '08:26:44', 38, '2192', 'eos', NULL, '4536', '2644', '0', 'ut', NULL, '12:36:20', '27-04-2023', NULL, NULL),
(294, 'Meagan Zboncak', '219-783-4527', 'et', '171', '110', '16:16:31', 81, '2596', 'minus', NULL, '3026', '3440', '0', 'rem', NULL, '23:38:40', '12-04-2023', NULL, NULL),
(295, 'Jamarcus Lind', '845.510.1254', 'ut', '195', '3', '16:40:29', 30, '4484', 'tempore', NULL, '3918', '163', '0', 'aspernatur', NULL, '10:54:37', '17-04-2023', NULL, NULL),
(296, 'Ms. Maida Tromp', '+1-747-946-0656', 'cupiditate', '325', '82', '02:39:38', 84, '3954', 'debitis', NULL, '1152', '220', '0', 'non', NULL, '12:55:01', '17-04-2023', NULL, NULL),
(297, 'Earnestine Nikolaus', '+1.406.404.1356', 'rerum', '171', '143', '07:08:29', 71, '4683', 'et', NULL, '4581', '3667', '0', 'cumque', NULL, '13:59:14', '27-04-2023', NULL, NULL),
(298, 'Frida Spinka', '+1.470.402.1892', 'consequatur', '332', '64', '10:56:39', 6, '2352', 'aut', NULL, '2596', '4859', '0', 'ut', NULL, '15:50:04', '13-04-2023', NULL, NULL),
(299, 'Buford Kunze', '+1 (267) 723-9360', 'corrupti', '282', '87', '09:25:24', 10, '4172', 'possimus', NULL, '2992', '343', '0', 'suscipit', NULL, '20:42:28', '03-04-2023', NULL, NULL),
(300, 'Mr. Charley Wunsch MD', '+1 (341) 787-1229', 'officia', '152', '138', '11:27:43', 90, '1166', 'consequatur', NULL, '1882', '2568', '0', 'ut', NULL, '04:53:10', '13-04-2023', NULL, NULL),
(301, 'Emmie Grady', '+13466181172', 'eveniet', '396', '138', '06:57:12', 17, '2603', 'qui', NULL, '3326', '2287', '0', 'et', NULL, '08:54:25', '02-04-2023', NULL, NULL),
(302, 'Jewell Boehm', '+1-772-680-6687', 'nam', '367', '98', '14:17:10', 54, '4175', 'vero', NULL, '3467', '2984', '0', 'dignissimos', NULL, '05:09:32', '08-04-2023', NULL, NULL),
(303, 'Dr. Tremayne Price', '(559) 612-5560', 'accusantium', '281', '91', '01:02:58', 41, '811', 'aut', NULL, '989', '3703', '0', 'mollitia', NULL, '04:24:52', '31-03-2023', NULL, NULL),
(304, 'Ole Runolfsson', '(334) 820-7523', 'ut', '348', '9', '05:12:45', 77, '1808', 'ab', NULL, '1698', '4965', '0', 'quidem', NULL, '21:02:42', '06-04-2023', NULL, NULL),
(305, 'Shea Rice', '+1.662.995.9918', 'temporibus', '112', '99', '22:48:45', 49, '1085', 'illum', NULL, '3534', '3157', '0', 'vel', NULL, '07:59:04', '25-04-2023', NULL, NULL),
(306, 'Ms. Francisca Armstrong I', '(901) 434-6774', 'ut', '451', '87', '15:21:29', 81, '2238', 'quis', NULL, '2621', '832', '0', 'est', NULL, '12:54:10', '03-04-2023', NULL, NULL),
(307, 'Dexter Haag MD', '580-625-6017', 'et', '368', '22', '21:57:55', 50, '4389', 'earum', NULL, '2233', '3990', '0', 'minus', NULL, '03:45:33', '30-03-2023', NULL, NULL),
(308, 'Dr. Elva Watsica I', '+15206025956', 'explicabo', '187', '1', '19:57:39', 22, '432', 'ipsa', NULL, '2087', '4902', '0', 'facilis', NULL, '21:43:50', '12-04-2023', NULL, NULL),
(309, 'Ashlynn Morissette III', '+1-248-317-5716', 'error', '322', '12', '20:44:27', 72, '3300', 'sunt', NULL, '1191', '2136', '0', 'voluptas', NULL, '15:30:47', '11-04-2023', NULL, NULL),
(310, 'Pete Bartoletti V', '+1-564-825-9444', 'voluptatum', '455', '149', '10:40:28', 87, '2270', 'est', NULL, '2956', '873', '0', 'rerum', NULL, '05:31:41', '15-04-2023', NULL, NULL),
(311, 'Orlando Towne', '+1-310-817-7439', 'nesciunt', '429', '90', '14:34:54', 52, '4627', 'molestias', NULL, '4357', '1514', '0', 'qui', NULL, '03:35:02', '10-04-2023', NULL, NULL),
(312, 'Meghan Connelly', '+14012344952', 'et', '439', '109', '04:56:43', 51, '2043', 'laborum', NULL, '1103', '3692', '0', 'quo', NULL, '13:32:41', '15-04-2023', NULL, NULL),
(313, 'Cristobal Gleason', '+12832246842', 'id', '363', '67', '10:36:40', 1, '1441', 'quia', NULL, '1944', '4859', '0', 'et', NULL, '16:01:30', '15-04-2023', NULL, NULL),
(314, 'Eddie Schimmel', '707-391-5540', 'nesciunt', '209', '60', '01:26:42', 14, '2071', 'esse', NULL, '1281', '4731', '0', 'a', NULL, '08:06:25', '30-03-2023', NULL, NULL),
(315, 'Cydney Littel', '(458) 456-8764', 'veniam', '154', '84', '14:00:32', 52, '3477', 'ab', NULL, '4040', '4892', '0', 'omnis', NULL, '15:12:09', '23-04-2023', NULL, NULL),
(316, 'Prof. Mozell Bruen', '1-253-583-1796', 'hic', '490', '143', '10:16:44', 70, '4057', 'sunt', NULL, '696', '2773', '0', 'voluptate', NULL, '10:30:10', '21-04-2023', NULL, NULL),
(317, 'Dr. Annamae Kling DDS', '947-891-6418', 'quod', '346', '46', '11:30:22', 9, '4515', 'inventore', NULL, '574', '189', '0', 'voluptas', NULL, '14:51:13', '02-04-2023', NULL, NULL),
(318, 'Dock Kutch', '(785) 543-3113', 'autem', '206', '107', '06:10:16', 28, '3570', 'optio', NULL, '1062', '1269', '0', 'hic', NULL, '03:44:25', '27-04-2023', NULL, NULL),
(319, 'Alexandrea Blick', '+1.458.521.8254', 'placeat', '440', '77', '23:35:17', 38, '4549', 'ratione', NULL, '4240', '4787', '0', 'et', NULL, '10:30:00', '22-04-2023', NULL, NULL),
(320, 'Asia Hermann', '+1-331-580-9245', 'ut', '323', '98', '16:00:56', 20, '4185', 'tenetur', NULL, '1927', '317', '0', 'sunt', NULL, '21:19:01', '24-04-2023', NULL, NULL),
(321, 'Katrine Herman', '+1-531-554-5493', 'et', '366', '39', '04:06:54', 91, '1575', 'neque', NULL, '1416', '129', '0', 'voluptate', NULL, '17:16:57', '20-04-2023', NULL, NULL),
(322, 'Prof. Jaquan Beatty MD', '+17732088157', 'quia', '480', '144', '23:14:28', 33, '4144', 'sapiente', NULL, '4312', '138', '0', 'eveniet', NULL, '02:07:23', '25-04-2023', NULL, NULL),
(323, 'Elvis Stanton', '+13529194199', 'autem', '266', '91', '21:26:34', 5, '3554', 'nesciunt', NULL, '1229', '1813', '0', 'rerum', NULL, '06:14:10', '18-04-2023', NULL, NULL),
(324, 'Rosalyn Rosenbaum', '+1-419-337-1909', 'ut', '419', '111', '23:32:04', 74, '1589', 'autem', NULL, '2955', '4100', '0', 'ut', NULL, '17:21:58', '18-04-2023', NULL, NULL),
(325, 'Florencio Corwin', '+18207616282', 'sint', '408', '21', '20:01:36', 5, '954', 'qui', NULL, '4136', '1087', '0', 'veniam', NULL, '18:07:05', '27-04-2023', NULL, NULL),
(326, 'Hillard Kuvalis', '1-520-637-7158', 'eaque', '134', '45', '05:44:31', 38, '2981', 'odit', NULL, '2986', '2921', '0', 'eum', NULL, '08:11:56', '23-04-2023', NULL, NULL),
(327, 'Miss Samara Dietrich', '+1-917-864-0542', 'nulla', '418', '18', '03:54:55', 100, '2945', 'ab', NULL, '2060', '4320', '0', 'corrupti', NULL, '21:06:33', '02-04-2023', NULL, NULL),
(328, 'Wellington Wolff DDS', '+1 (425) 394-6128', 'vel', '481', '87', '02:13:55', 97, '882', 'aperiam', NULL, '2653', '3792', '0', 'facere', NULL, '02:48:32', '31-03-2023', NULL, NULL),
(329, 'Velma Hilpert', '(831) 613-5141', 'omnis', '213', '133', '02:48:00', 84, '404', 'nihil', NULL, '2594', '200', '0', 'eveniet', NULL, '21:33:00', '16-04-2023', NULL, NULL),
(330, 'Mrs. Elna Goldner PhD', '(681) 557-4296', 'ut', '455', '38', '06:12:01', 98, '304', 'molestiae', NULL, '3299', '2450', '0', 'et', NULL, '00:20:17', '03-04-2023', NULL, NULL),
(331, 'Jess Toy V', '1-657-762-4401', 'nihil', '215', '115', '00:35:30', 75, '427', 'sapiente', NULL, '2988', '4650', '0', 'qui', NULL, '17:35:09', '10-04-2023', NULL, NULL),
(332, 'Rigoberto Dare DDS', '+18063587754', 'doloribus', '195', '22', '23:25:05', 18, '647', 'assumenda', NULL, '2440', '1756', '0', 'enim', NULL, '19:20:11', '04-04-2023', NULL, NULL),
(333, 'Deon Hickle', '1-406-797-4522', 'ex', '320', '121', '07:59:03', 23, '4667', 'qui', NULL, '3356', '1536', '0', 'nostrum', NULL, '02:03:29', '24-04-2023', NULL, NULL),
(334, 'Jerel Dare', '1-281-696-5523', 'eos', '434', '131', '02:22:38', 26, '3019', 'adipisci', NULL, '3823', '3789', '0', 'nisi', NULL, '07:58:12', '07-04-2023', NULL, NULL),
(335, 'Eula Schaden', '502.744.6757', 'quas', '113', '15', '04:11:44', 16, '3761', 'itaque', NULL, '2334', '651', '0', 'ut', NULL, '14:21:39', '05-04-2023', NULL, NULL),
(336, 'Mrs. Shanel Thompson', '1-213-998-7902', 'sunt', '135', '91', '12:37:16', 44, '174', 'nulla', NULL, '4777', '1899', '0', 'consequatur', NULL, '04:22:24', '06-04-2023', NULL, NULL),
(337, 'Dedric Hammes', '458-437-9665', 'ut', '210', '45', '08:57:30', 57, '499', 'voluptas', NULL, '4929', '4947', '0', 'vel', NULL, '11:51:06', '31-03-2023', NULL, NULL),
(338, 'Rodolfo Kilback PhD', '+1-318-523-7494', 'earum', '290', '23', '20:03:43', 48, '3206', 'dolores', NULL, '3723', '3560', '0', 'doloribus', NULL, '23:56:23', '11-04-2023', NULL, NULL),
(339, 'Chris Jenkins', '+18584418327', 'dolor', '162', '13', '10:54:23', 30, '1129', 'non', NULL, '1839', '4758', '0', 'rerum', NULL, '01:52:13', '01-04-2023', NULL, NULL),
(340, 'Mavis Heller', '313-926-4670', 'quia', '221', '103', '10:13:16', 15, '1301', 'aut', NULL, '4735', '1207', '0', 'nisi', NULL, '20:38:06', '27-04-2023', NULL, NULL),
(341, 'Prof. Noemy Pfeffer DVM', '1-971-757-3047', 'voluptatem', '163', '61', '22:50:12', 99, '1531', 'qui', NULL, '2461', '1046', '0', 'perspiciatis', NULL, '10:56:58', '23-04-2023', NULL, NULL),
(342, 'Brenna Donnelly', '502-352-5509', 'nesciunt', '258', '46', '08:07:33', 71, '64', 'est', NULL, '1812', '989', '0', 'quo', NULL, '20:55:21', '13-04-2023', NULL, NULL),
(343, 'Brain Kling', '+1-432-671-0549', 'velit', '114', '25', '23:36:42', 42, '274', 'magnam', NULL, '2067', '2717', '0', 'vel', NULL, '15:00:22', '09-04-2023', NULL, NULL),
(344, 'Mr. Clair Huel PhD', '(775) 449-2791', 'ex', '324', '138', '12:30:39', 100, '1828', 'aspernatur', NULL, '2104', '4101', '0', 'sit', NULL, '15:17:08', '29-04-2023', NULL, NULL),
(345, 'Mallie Gibson', '678-865-1002', 'dolores', '469', '76', '13:31:52', 3, '4506', 'ex', NULL, '3411', '2457', '0', 'est', NULL, '17:31:34', '17-04-2023', NULL, NULL),
(346, 'Mr. Stan Wisoky DVM', '405.447.0753', 'qui', '206', '100', '20:13:25', 18, '3262', 'delectus', NULL, '2849', '1438', '0', 'et', NULL, '19:36:59', '22-04-2023', NULL, NULL),
(347, 'Ara Runolfsdottir', '830-777-0252', 'est', '489', '77', '22:42:21', 68, '149', 'est', NULL, '530', '2363', '0', 'est', NULL, '03:07:42', '02-04-2023', NULL, NULL),
(348, 'Axel Hauck Sr.', '(405) 572-6158', 'veniam', '325', '86', '11:49:39', 8, '132', 'nam', NULL, '1154', '1011', '0', 'non', NULL, '09:23:35', '22-04-2023', NULL, NULL),
(349, 'Mr. Uriah Lebsack I', '714-579-9833', 'sint', '255', '57', '14:27:20', 25, '2983', 'vitae', NULL, '4407', '1439', '0', 'et', NULL, '15:54:45', '24-04-2023', NULL, NULL),
(350, 'Antwan Hirthe', '601-640-3962', 'occaecati', '432', '47', '12:33:11', 42, '776', 'est', NULL, '4077', '3487', '0', 'deleniti', NULL, '15:31:38', '05-04-2023', NULL, NULL),
(351, 'Aisha Gutkowski', '(903) 508-3862', 'dicta', '219', '61', '12:24:10', 75, '1782', 'architecto', NULL, '3645', '3870', '0', 'sit', NULL, '15:17:34', '29-04-2023', NULL, NULL),
(352, 'Amira Vandervort', '(541) 799-6610', 'quaerat', '448', '69', '11:56:00', 12, '2788', 'doloribus', NULL, '3273', '1839', '0', 'nemo', NULL, '07:02:30', '30-03-2023', NULL, NULL),
(353, 'Efrain Erdman', '(863) 362-8556', 'assumenda', '211', '11', '16:08:57', 27, '4652', 'aut', NULL, '2552', '4215', '0', 'cum', NULL, '01:49:07', '10-04-2023', NULL, NULL),
(354, 'Koby Boehm', '+1-930-750-0284', 'accusantium', '291', '89', '06:46:11', 9, '3763', 'ea', NULL, '609', '3128', '0', 'eum', NULL, '15:05:16', '22-04-2023', NULL, NULL),
(355, 'Tania Baumbach Jr.', '1-585-419-9649', 'iure', '155', '3', '08:57:29', 36, '1197', 'ratione', NULL, '1623', '3829', '0', 'in', NULL, '13:59:37', '09-04-2023', NULL, NULL),
(356, 'Charles Corwin', '618-405-1134', 'totam', '492', '52', '16:32:45', 49, '2307', 'deleniti', NULL, '3861', '4297', '0', 'at', NULL, '13:06:23', '07-04-2023', NULL, NULL),
(357, 'Althea Mayer Sr.', '(256) 987-5294', 'sed', '378', '5', '12:36:31', 24, '3146', 'et', NULL, '1911', '640', '0', 'quisquam', NULL, '06:44:55', '01-04-2023', NULL, NULL),
(358, 'Stone Lesch', '435-712-2357', 'officiis', '189', '14', '18:14:52', 63, '2779', 'cumque', NULL, '4595', '3668', '0', 'deleniti', NULL, '07:50:32', '19-04-2023', NULL, NULL),
(359, 'Aurelia Boehm', '940.306.9319', 'voluptas', '428', '109', '20:45:05', 81, '1267', 'quia', NULL, '1260', '3543', '0', 'qui', NULL, '21:12:49', '14-04-2023', NULL, NULL),
(360, 'Zoe Daugherty', '323.297.1007', 'sequi', '207', '88', '08:52:19', 10, '2725', 'similique', NULL, '3262', '351', '0', 'tempora', NULL, '03:34:26', '28-04-2023', NULL, NULL),
(361, 'Dr. Madilyn O\'Hara', '404-885-7791', 'voluptatibus', '292', '33', '11:49:20', 68, '2692', 'ut', NULL, '2563', '4227', '0', 'excepturi', NULL, '16:49:13', '27-04-2023', NULL, NULL),
(362, 'Clotilde Medhurst', '+1 (858) 883-1330', 'ut', '198', '45', '05:14:27', 74, '2757', 'tenetur', NULL, '845', '2350', '0', 'ipsam', NULL, '00:53:17', '11-04-2023', NULL, NULL),
(363, 'Diego Emmerich', '501-713-2796', 'beatae', '253', '86', '21:11:29', 16, '1473', 'dolorum', NULL, '2830', '2789', '0', 'earum', NULL, '07:27:54', '07-04-2023', NULL, NULL),
(364, 'Jerrell Davis', '234-690-8689', 'sint', '243', '138', '08:28:04', 10, '3666', 'corrupti', NULL, '3355', '3129', '0', 'ut', NULL, '13:02:40', '14-04-2023', NULL, NULL),
(365, 'Ms. Letitia Skiles IV', '206.424.9845', 'velit', '395', '106', '17:48:14', 89, '2458', 'dolores', NULL, '2368', '3984', '0', 'dicta', NULL, '07:46:21', '07-04-2023', NULL, NULL),
(366, 'Lily Schumm', '+1-458-867-7584', 'tempore', '278', '41', '10:04:31', 42, '3491', 'magni', NULL, '4460', '1924', '0', 'ut', NULL, '00:33:15', '06-04-2023', NULL, NULL),
(367, 'Antwan Block', '1-562-340-6079', 'cumque', '164', '66', '16:29:38', 80, '2849', 'fugiat', NULL, '4659', '1738', '0', 'quod', NULL, '15:22:06', '04-04-2023', NULL, NULL),
(368, 'Wendell Hansen', '(765) 686-9599', 'temporibus', '459', '113', '19:03:49', 74, '1726', 'laudantium', NULL, '3269', '3112', '0', 'dolor', NULL, '10:39:12', '10-04-2023', NULL, NULL),
(369, 'Bernie Hayes', '(810) 256-2861', 'ut', '235', '3', '23:33:50', 82, '4473', 'voluptates', NULL, '2238', '4555', '0', 'facilis', NULL, '10:59:05', '14-04-2023', NULL, NULL),
(370, 'Dalton Thiel', '+15739182024', 'sint', '426', '97', '05:51:27', 19, '4171', 'adipisci', NULL, '4299', '1555', '0', 'numquam', NULL, '11:07:31', '07-04-2023', NULL, NULL),
(371, 'Pietro Lang', '(858) 221-5204', 'libero', '407', '27', '12:24:34', 91, '2803', 'delectus', NULL, '3329', '4583', '0', 'architecto', NULL, '22:19:41', '12-04-2023', NULL, NULL),
(372, 'Laisha Kshlerin', '+1.305.275.1600', 'et', '450', '81', '08:47:58', 73, '3269', 'et', NULL, '886', '2985', '0', 'provident', NULL, '18:08:44', '23-04-2023', NULL, NULL),
(373, 'Leanna Lesch', '+1.612.273.9722', 'reiciendis', '436', '57', '22:13:15', 83, '1041', 'autem', NULL, '4369', '1912', '0', 'ex', NULL, '19:05:19', '03-04-2023', NULL, NULL),
(374, 'Santino Farrell', '1-714-392-1020', 'amet', '488', '140', '08:01:33', 29, '1311', 'debitis', NULL, '3839', '547', '0', 'dolorem', NULL, '14:40:00', '11-04-2023', NULL, NULL),
(375, 'Zula Hirthe DVM', '+1.910.296.1614', 'possimus', '246', '127', '23:55:26', 60, '934', 'fugiat', NULL, '4987', '1398', '0', 'asperiores', NULL, '17:14:48', '21-04-2023', NULL, NULL),
(376, 'Valentine Bruen', '+1.309.683.6850', 'expedita', '221', '141', '00:32:38', 61, '1287', 'quae', NULL, '1826', '2648', '0', 'excepturi', NULL, '02:29:56', '28-04-2023', NULL, NULL),
(377, 'Claud Purdy MD', '917.337.4959', 'et', '188', '79', '12:54:41', 21, '3505', 'voluptatem', NULL, '4221', '787', '0', 'ipsam', NULL, '16:02:29', '27-04-2023', NULL, NULL),
(378, 'Mr. Rory Mraz PhD', '802.778.1917', 'eveniet', '403', '119', '16:47:57', 26, '2868', 'laboriosam', NULL, '2759', '2141', '0', 'quia', NULL, '06:41:40', '23-04-2023', NULL, NULL),
(379, 'Lorine Okuneva', '947.752.9838', 'eum', '405', '11', '01:47:19', 86, '462', 'fugit', NULL, '4640', '2687', '0', 'maiores', NULL, '02:25:50', '03-04-2023', NULL, NULL),
(380, 'Robb Mann DDS', '435-302-5393', 'rem', '450', '79', '19:14:41', 100, '654', 'facilis', NULL, '4148', '4935', '0', 'error', NULL, '04:34:55', '06-04-2023', NULL, NULL),
(381, 'Zoie Quitzon DDS', '(816) 273-1723', 'doloremque', '389', '25', '08:45:22', 69, '3049', 'quia', NULL, '1126', '558', '0', 'vero', NULL, '23:45:05', '10-04-2023', NULL, NULL),
(382, 'Damaris Moen', '+14256321060', 'modi', '435', '27', '22:36:59', 94, '1718', 'ab', NULL, '3728', '1259', '0', 'fuga', NULL, '09:46:09', '01-04-2023', NULL, NULL),
(383, 'Michaela Ferry MD', '+16815219778', 'tenetur', '177', '13', '01:17:11', 9, '3839', 'molestiae', NULL, '2130', '1247', '0', 'cupiditate', NULL, '20:42:14', '15-04-2023', NULL, NULL),
(384, 'Dr. Dudley Bogan', '+1.602.485.1628', 'rerum', '144', '68', '12:48:00', 33, '1662', 'assumenda', NULL, '2554', '3535', '0', 'voluptatem', NULL, '08:52:09', '20-04-2023', NULL, NULL),
(385, 'Dr. Oren Koch III', '+1-424-995-7284', 'illum', '298', '35', '23:41:05', 86, '1055', 'minima', NULL, '4992', '4700', '0', 'impedit', NULL, '12:16:08', '15-04-2023', NULL, NULL),
(386, 'Leo Goodwin', '+19293314160', 'alias', '163', '138', '17:33:12', 21, '1980', 'natus', NULL, '1086', '3386', '0', 'qui', NULL, '14:11:58', '19-04-2023', NULL, NULL),
(387, 'Lelah Murazik', '1-240-430-2503', 'labore', '250', '52', '23:29:09', 31, '478', 'dolorem', NULL, '3521', '3801', '0', 'est', NULL, '06:02:44', '21-04-2023', NULL, NULL),
(388, 'Jaylen Wilkinson', '(917) 448-4416', 'ut', '191', '86', '20:17:05', 21, '1861', 'earum', NULL, '3895', '332', '0', 'saepe', NULL, '07:27:14', '23-04-2023', NULL, NULL),
(389, 'Rahsaan Wehner', '1-516-449-6962', 'ducimus', '413', '24', '06:44:35', 100, '3407', 'sed', NULL, '1064', '2728', '0', 'nostrum', NULL, '04:26:59', '13-04-2023', NULL, NULL),
(390, 'Vivianne Frami DDS', '+1 (281) 339-5050', 'voluptatem', '376', '128', '23:59:13', 50, '3939', 'et', NULL, '636', '230', '0', 'consequatur', NULL, '19:17:52', '27-04-2023', NULL, NULL),
(391, 'Cheyenne Stracke', '(774) 739-5130', 'neque', '107', '98', '20:31:57', 36, '980', 'omnis', NULL, '3875', '3677', '0', 'sint', NULL, '16:49:05', '18-04-2023', NULL, NULL),
(392, 'Keshawn Hill', '863-559-7211', 'officia', '247', '100', '20:44:02', 26, '4778', 'quia', NULL, '2746', '647', '0', 'consequatur', NULL, '14:09:19', '23-04-2023', NULL, NULL),
(393, 'Heloise Lynch', '404.970.9072', 'sint', '172', '148', '23:35:06', 31, '1770', 'sit', NULL, '1010', '4948', '0', 'consequatur', NULL, '03:54:53', '01-04-2023', NULL, NULL),
(394, 'Dr. Luisa Brakus V', '+1-252-442-6012', 'nemo', '279', '71', '04:12:53', 5, '1694', 'rerum', NULL, '4572', '3837', '0', 'consequatur', NULL, '12:04:47', '22-04-2023', NULL, NULL),
(395, 'Prof. Misty Hilpert', '+13527493909', 'voluptatum', '414', '145', '03:50:38', 98, '720', 'molestiae', NULL, '1145', '3804', '0', 'a', NULL, '22:12:39', '17-04-2023', NULL, NULL),
(396, 'Audie Shanahan', '(636) 229-8744', 'sint', '484', '76', '03:59:38', 76, '4524', 'culpa', NULL, '4412', '3196', '0', 'tempore', NULL, '05:15:13', '11-04-2023', NULL, NULL),
(397, 'D\'angelo Robel', '+1 (681) 744-2854', 'atque', '202', '87', '02:12:25', 96, '3589', 'esse', NULL, '4501', '787', '0', 'doloremque', NULL, '22:19:49', '14-04-2023', NULL, NULL),
(398, 'Robin Huel II', '281-829-1082', 'quia', '227', '26', '21:31:45', 32, '4003', 'consequatur', NULL, '4207', '3332', '0', 'laboriosam', NULL, '20:41:50', '10-04-2023', NULL, NULL),
(399, 'Leonard Kuhn V', '+1 (463) 889-1430', 'quis', '387', '110', '04:42:17', 69, '384', 'quisquam', NULL, '1344', '4766', '0', 'facere', NULL, '06:49:07', '25-04-2023', NULL, NULL),
(400, 'Alphonso Wisoky', '520-241-6037', 'molestiae', '465', '124', '09:05:48', 78, '1042', 'ipsa', NULL, '3935', '4850', '0', 'sit', NULL, '08:12:38', '09-04-2023', NULL, NULL),
(401, 'Adrienne Von', '1-949-831-8503', 'voluptatem', '293', '28', '10:23:01', 90, '528', 'a', NULL, '2474', '2985', '0', 'unde', NULL, '07:50:20', '27-04-2023', NULL, NULL),
(402, 'Kelly Morar', '+1-361-257-9470', 'totam', '323', '90', '01:32:44', 87, '3497', 'sapiente', NULL, '3274', '1803', '0', 'cumque', NULL, '03:50:04', '26-04-2023', NULL, NULL),
(403, 'Noelia Bergnaum', '321-923-3826', 'asperiores', '214', '18', '10:30:55', 27, '1053', 'et', NULL, '3900', '3172', '0', 'ipsa', NULL, '13:29:24', '15-04-2023', NULL, NULL),
(404, 'Abdul Kassulke III', '(330) 716-0987', 'impedit', '400', '45', '00:12:27', 19, '624', 'facilis', NULL, '1872', '242', '0', 'omnis', NULL, '08:10:53', '15-04-2023', NULL, NULL),
(405, 'Dr. Nestor Schuster Jr.', '423.801.1362', 'voluptatem', '355', '118', '13:41:59', 58, '1257', 'modi', NULL, '2474', '4632', '0', 'ipsum', NULL, '08:13:38', '11-04-2023', NULL, NULL),
(406, 'Ronny Dibbert', '878-347-6343', 'quod', '435', '68', '06:15:28', 88, '1172', 'veniam', NULL, '920', '3320', '0', 'officiis', NULL, '23:25:57', '21-04-2023', NULL, NULL),
(407, 'Abbigail Gulgowski', '540-739-3556', 'saepe', '121', '54', '16:26:33', 43, '347', 'corporis', NULL, '4251', '2064', '0', 'magnam', NULL, '00:24:21', '19-04-2023', NULL, NULL),
(408, 'Deron Welch', '(769) 833-6458', 'facere', '438', '45', '08:27:58', 7, '1685', 'quo', NULL, '3634', '687', '0', 'maiores', NULL, '17:57:06', '02-04-2023', NULL, NULL),
(409, 'Maudie Senger', '+1-628-314-0938', 'ratione', '479', '142', '04:13:37', 86, '4395', 'doloribus', NULL, '997', '4018', '0', 'rerum', NULL, '07:09:27', '30-03-2023', NULL, NULL),
(410, 'Nella Turcotte DDS', '+16503178398', 'a', '162', '5', '12:03:49', 13, '2752', 'sit', NULL, '2569', '4647', '0', 'eius', NULL, '02:20:47', '04-04-2023', NULL, NULL),
(411, 'Alexandrea Wintheiser', '660-669-6280', 'fuga', '385', '150', '18:46:51', 54, '109', 'non', NULL, '3214', '4301', '0', 'ut', NULL, '03:09:26', '12-04-2023', NULL, NULL),
(412, 'Nat Jaskolski', '+17862839288', 'ut', '160', '134', '17:16:41', 43, '4672', 'id', NULL, '4834', '4393', '0', 'libero', NULL, '22:44:47', '19-04-2023', NULL, NULL),
(413, 'Domenick Nicolas', '+1-785-586-9285', 'itaque', '349', '118', '12:54:42', 81, '1550', 'non', NULL, '2706', '3767', '0', 'voluptatem', NULL, '23:07:14', '10-04-2023', NULL, NULL),
(414, 'Elizabeth Hickle', '1-940-298-8577', 'amet', '267', '98', '23:57:35', 23, '2600', 'nesciunt', NULL, '875', '2246', '0', 'nam', NULL, '02:31:16', '01-04-2023', NULL, NULL),
(415, 'Wayne Hilpert', '1-240-403-5541', 'et', '431', '90', '01:07:07', 92, '3806', 'repellendus', NULL, '2154', '577', '0', 'autem', NULL, '19:15:54', '25-04-2023', NULL, NULL),
(416, 'Prof. Solon McLaughlin DDS', '1-860-495-3902', 'nam', '420', '35', '06:37:30', 89, '3438', 'non', NULL, '2990', '3201', '0', 'aut', NULL, '20:53:21', '31-03-2023', NULL, NULL),
(417, 'Emerald Bahringer MD', '+1 (901) 260-2736', 'eveniet', '256', '121', '03:37:30', 98, '1819', 'voluptate', NULL, '1539', '2020', '0', 'beatae', NULL, '04:15:02', '11-04-2023', NULL, NULL),
(418, 'Prof. Mac McDermott PhD', '(458) 939-1516', 'quo', '420', '68', '22:19:28', 22, '2794', 'eius', NULL, '3821', '2081', '0', 'vitae', NULL, '12:41:26', '20-04-2023', NULL, NULL),
(419, 'Blake Schumm', '+1-936-731-7816', 'delectus', '429', '125', '21:18:20', 76, '3594', 'ut', NULL, '2839', '702', '0', 'repudiandae', NULL, '15:11:57', '06-04-2023', NULL, NULL),
(420, 'Adolf Wunsch', '+18082215488', 'necessitatibus', '179', '64', '00:12:11', 100, '2649', 'debitis', NULL, '1473', '630', '0', 'sed', NULL, '07:47:52', '10-04-2023', NULL, NULL),
(421, 'Magdalena Klein', '(606) 362-0529', 'voluptatem', '250', '123', '17:54:08', 68, '1269', 'quod', NULL, '1019', '254', '0', 'et', NULL, '13:24:11', '26-04-2023', NULL, NULL),
(422, 'Adolfo Altenwerth PhD', '1-479-461-9503', 'est', '110', '62', '19:27:53', 80, '4774', 'et', NULL, '4932', '4151', '0', 'blanditiis', NULL, '02:45:41', '28-04-2023', NULL, NULL),
(423, 'Carissa Russel III', '(726) 612-7367', 'laudantium', '322', '42', '06:51:14', 66, '1982', 'dolorem', NULL, '1663', '1215', '0', 'ab', NULL, '12:26:01', '17-04-2023', NULL, NULL),
(424, 'Dr. Una Funk', '564.774.1310', 'et', '210', '16', '19:03:08', 6, '2097', 'est', NULL, '4516', '4110', '0', 'assumenda', NULL, '17:13:07', '17-04-2023', NULL, NULL),
(425, 'Miss Emmalee Gulgowski', '254.221.4175', 'quia', '367', '79', '04:50:09', 56, '574', 'et', NULL, '4078', '4039', '0', 'sed', NULL, '06:11:55', '18-04-2023', NULL, NULL),
(426, 'Margarett Schiller', '1-360-262-9199', 'a', '405', '145', '04:29:42', 77, '90', 'eum', NULL, '4961', '1538', '0', 'optio', NULL, '14:43:14', '25-04-2023', NULL, NULL),
(427, 'Mr. Antwon Howe IV', '(843) 922-8423', 'voluptatem', '481', '12', '06:37:48', 13, '2532', 'velit', NULL, '4069', '886', '0', 'voluptatem', NULL, '17:44:51', '24-04-2023', NULL, NULL),
(428, 'Jarod Bogan', '1-301-915-8584', 'eos', '473', '81', '06:52:44', 23, '1957', 'eius', NULL, '1199', '2444', '0', 'velit', NULL, '03:12:11', '12-04-2023', NULL, NULL),
(429, 'Mr. Filiberto Lebsack Sr.', '930.612.7305', 'et', '151', '150', '22:23:17', 61, '746', 'fugit', NULL, '2748', '1274', '0', 'quia', NULL, '00:22:39', '08-04-2023', NULL, NULL),
(430, 'Prof. Lia Schaefer III', '413-326-7694', 'in', '478', '14', '13:17:42', 62, '1420', 'beatae', NULL, '1555', '341', '0', 'maxime', NULL, '15:09:30', '25-04-2023', NULL, NULL),
(431, 'Dr. Sasha Prosacco Sr.', '320-710-0007', 'asperiores', '450', '97', '20:35:23', 20, '2151', 'excepturi', NULL, '961', '4080', '0', 'et', NULL, '22:43:56', '17-04-2023', NULL, NULL),
(432, 'Mr. Damion Jast IV', '+1.662.248.2346', 'quo', '436', '23', '10:54:08', 92, '3345', 'in', NULL, '663', '4003', '0', 'illo', NULL, '02:04:54', '30-03-2023', NULL, NULL),
(433, 'Kevon Keeling', '+1-551-522-6903', 'dolorem', '323', '71', '01:52:09', 32, '4822', 'in', NULL, '1423', '3944', '0', 'quia', NULL, '06:28:05', '01-04-2023', NULL, NULL),
(434, 'Richie Stark', '+1-424-882-5191', 'impedit', '480', '92', '03:07:18', 76, '4713', 'eum', NULL, '2895', '508', '0', 'laboriosam', NULL, '14:44:32', '19-04-2023', NULL, NULL),
(435, 'Mr. Geo Pfannerstill', '+1-817-733-8564', 'fugit', '122', '129', '10:33:33', 64, '3016', 'molestiae', NULL, '2980', '4609', '0', 'error', NULL, '08:10:14', '23-04-2023', NULL, NULL),
(436, 'Kailee Leannon', '(305) 959-8294', 'quas', '298', '39', '07:09:20', 70, '2915', 'ducimus', NULL, '3315', '189', '0', 'iure', NULL, '06:48:04', '20-04-2023', NULL, NULL),
(437, 'Nelle Graham', '+1-928-521-9374', 'omnis', '429', '104', '04:12:29', 93, '2373', 'animi', NULL, '1489', '1538', '0', 'voluptate', NULL, '19:25:04', '27-04-2023', NULL, NULL),
(438, 'Mr. Hilario Champlin', '1-475-772-2249', 'ullam', '147', '1', '21:43:04', 20, '2492', 'iure', NULL, '1291', '3286', '0', 'voluptatum', NULL, '04:11:10', '04-04-2023', NULL, NULL),
(439, 'Mrs. Elizabeth Maggio', '+1.440.663.2259', 'ex', '247', '9', '11:34:28', 79, '324', 'repellat', NULL, '1353', '4654', '0', 'quam', NULL, '21:27:04', '16-04-2023', NULL, NULL),
(440, 'Kamren Schmidt', '+19416389360', 'dolorum', '214', '102', '16:39:25', 66, '4188', 'magnam', NULL, '1737', '3540', '0', 'dolores', NULL, '13:02:10', '12-04-2023', NULL, NULL),
(441, 'Penelope Bernhard', '(727) 342-5406', 'voluptatem', '302', '54', '06:04:51', 57, '4703', 'commodi', NULL, '2529', '2144', '0', 'qui', NULL, '21:13:46', '04-04-2023', NULL, NULL),
(442, 'Granville Gleason Jr.', '+15314344544', 'enim', '145', '141', '11:56:29', 77, '2329', 'ut', NULL, '3416', '519', '0', 'aperiam', NULL, '11:47:28', '25-04-2023', NULL, NULL),
(443, 'Dr. Neva Moen', '580-694-8986', 'consequatur', '435', '84', '08:56:08', 76, '2438', 'temporibus', NULL, '2061', '3526', '0', 'porro', NULL, '18:58:14', '20-04-2023', NULL, NULL),
(444, 'Randall Kessler', '534.609.2017', 'et', '300', '98', '00:36:55', 73, '2571', 'tenetur', NULL, '2755', '4002', '0', 'facilis', NULL, '01:25:14', '24-04-2023', NULL, NULL),
(445, 'Kaley Torp', '1-940-932-7915', 'inventore', '234', '135', '08:36:39', 24, '4653', 'omnis', NULL, '1857', '1931', '0', 'et', NULL, '23:42:26', '06-04-2023', NULL, NULL),
(446, 'Jaquan Purdy IV', '+1-858-252-9902', 'at', '475', '147', '14:37:08', 39, '3807', 'non', NULL, '4679', '2744', '0', 'mollitia', NULL, '05:16:25', '28-04-2023', NULL, NULL),
(447, 'Jayson Sanford Jr.', '+14698698718', 'quibusdam', '226', '2', '22:09:32', 21, '2310', 'sapiente', NULL, '1611', '607', '0', 'sunt', NULL, '10:18:11', '21-04-2023', NULL, NULL),
(448, 'Keshawn Rodriguez', '929-360-8756', 'magnam', '216', '59', '04:46:27', 62, '3921', 'consequatur', NULL, '636', '2529', '0', 'animi', NULL, '14:01:44', '22-04-2023', NULL, NULL),
(449, 'Adan Maggio', '+1 (424) 990-7543', 'est', '256', '107', '07:57:28', 62, '171', 'recusandae', NULL, '553', '758', '0', 'dignissimos', NULL, '11:45:41', '13-04-2023', NULL, NULL),
(450, 'Faye Barrows', '+1 (779) 735-7159', 'et', '301', '113', '00:27:50', 19, '1412', 'laboriosam', NULL, '4640', '4235', '0', 'et', NULL, '11:44:07', '12-04-2023', NULL, NULL),
(451, 'Angus Lang', '1-650-912-2113', 'aliquid', '406', '44', '22:32:26', 25, '3322', 'aut', NULL, '1619', '573', '0', 'aut', NULL, '05:22:47', '26-04-2023', NULL, NULL),
(452, 'Crystal Rice II', '+1-828-293-3366', 'non', '365', '41', '23:26:51', 64, '3894', 'aut', NULL, '3239', '2513', '0', 'rerum', NULL, '02:29:12', '14-04-2023', NULL, NULL),
(453, 'Mitchel Fay', '+19065874672', 'magni', '129', '92', '12:38:41', 98, '3830', 'nobis', NULL, '591', '1272', '0', 'facere', NULL, '04:29:14', '30-03-2023', NULL, NULL),
(454, 'Edyth Ward IV', '+1-412-791-4547', 'fugit', '225', '80', '05:16:16', 8, '13', 'maxime', NULL, '2239', '223', '0', 'nulla', NULL, '14:46:23', '09-04-2023', NULL, NULL),
(455, 'Conner Yost', '484-867-9317', 'distinctio', '216', '71', '20:22:49', 38, '1428', 'laudantium', NULL, '4294', '4778', '0', 'ducimus', NULL, '14:10:51', '15-04-2023', NULL, NULL),
(456, 'Savanna Halvorson', '+1-920-345-9220', 'quo', '148', '82', '06:40:21', 56, '618', 'occaecati', NULL, '4288', '4169', '0', 'esse', NULL, '15:06:09', '09-04-2023', NULL, NULL),
(457, 'Prof. Olin Homenick Sr.', '732.227.3508', 'necessitatibus', '472', '94', '04:18:42', 3, '2232', 'et', NULL, '2125', '4813', '0', 'aut', NULL, '01:13:53', '16-04-2023', NULL, NULL),
(458, 'Mrs. Adrianna Jacobson PhD', '740-303-7794', 'natus', '447', '47', '17:06:27', 35, '408', 'libero', NULL, '2197', '1197', '0', 'voluptatem', NULL, '00:32:41', '26-04-2023', NULL, NULL),
(459, 'Miss Annetta Considine DVM', '(754) 626-0044', 'et', '474', '25', '11:00:42', 62, '4796', 'qui', NULL, '546', '4414', '0', 'recusandae', NULL, '18:30:59', '02-04-2023', NULL, NULL),
(460, 'Rickie Champlin', '(430) 683-1511', 'rem', '421', '75', '20:39:41', 68, '1858', 'qui', NULL, '3079', '1171', '0', 'qui', NULL, '22:34:15', '18-04-2023', NULL, NULL),
(461, 'Kay Jakubowski', '317.508.8698', 'ratione', '327', '45', '18:51:54', 51, '2446', 'aut', NULL, '895', '3703', '0', 'ut', NULL, '03:15:05', '19-04-2023', NULL, NULL),
(462, 'Prof. Flossie Fritsch', '1-630-933-0864', 'ut', '105', '82', '10:57:59', 65, '4124', 'architecto', NULL, '2598', '4612', '0', 'atque', NULL, '14:54:29', '06-04-2023', NULL, NULL),
(463, 'Bella Thiel', '+15052589912', 'sequi', '155', '44', '07:29:55', 99, '3499', 'eaque', NULL, '1398', '875', '0', 'dignissimos', NULL, '18:37:34', '01-04-2023', NULL, NULL),
(464, 'Diamond Batz', '1-779-462-5063', 'quod', '191', '20', '13:48:58', 10, '3486', 'odio', NULL, '4518', '4496', '0', 'qui', NULL, '07:52:18', '12-04-2023', NULL, NULL),
(465, 'Mr. Gabriel Weissnat', '1-838-969-9626', 'et', '399', '45', '22:27:19', 58, '2398', 'ullam', NULL, '1881', '2834', '0', 'quia', NULL, '05:56:20', '09-04-2023', NULL, NULL),
(466, 'Ms. Vada Goyette DVM', '1-651-517-2097', 'voluptatem', '285', '140', '08:53:09', 82, '2007', 'omnis', NULL, '1492', '3147', '0', 'nemo', NULL, '10:27:08', '29-04-2023', NULL, NULL),
(467, 'Gustave Reynolds', '1-570-623-4323', 'esse', '107', '72', '16:02:23', 82, '3856', 'ea', NULL, '3864', '1766', '0', 'sequi', NULL, '14:11:09', '19-04-2023', NULL, NULL),
(468, 'Mable Hill', '815-710-0803', 'rerum', '267', '6', '20:50:19', 76, '130', 'eos', NULL, '4857', '4974', '0', 'et', NULL, '19:48:46', '19-04-2023', NULL, NULL),
(469, 'Ms. Melyssa Fisher III', '+15599145676', 'ipsa', '166', '82', '21:47:48', 48, '270', 'nulla', NULL, '3390', '1210', '0', 'dolorem', NULL, '10:24:32', '28-04-2023', NULL, NULL),
(470, 'Tina Hills V', '(848) 582-0092', 'ad', '167', '126', '17:20:09', 29, '2886', 'deleniti', NULL, '2646', '390', '0', 'aliquam', NULL, '05:17:23', '19-04-2023', NULL, NULL),
(471, 'Dr. Nathan Emmerich', '+1-743-425-3205', 'repellat', '333', '149', '11:12:00', 36, '2104', 'consectetur', NULL, '1500', '4144', '0', 'quia', NULL, '06:43:41', '17-04-2023', NULL, NULL),
(472, 'Violette Mann', '(848) 837-6726', 'molestiae', '392', '104', '06:49:51', 1, '571', 'corporis', NULL, '4120', '1421', '0', 'autem', NULL, '23:17:01', '08-04-2023', NULL, NULL),
(473, 'Hailey Marquardt', '(270) 862-3930', 'repellendus', '441', '111', '16:43:16', 87, '2849', 'libero', NULL, '4829', '4553', '0', 'voluptatum', NULL, '22:27:14', '17-04-2023', NULL, NULL),
(474, 'Stanford Stoltenberg', '+1.412.409.3230', 'vel', '178', '148', '14:43:02', 64, '2148', 'et', NULL, '4653', '4328', '0', 'maxime', NULL, '16:09:06', '02-04-2023', NULL, NULL),
(475, 'Frederic Nolan', '(929) 349-3419', 'unde', '469', '93', '08:31:42', 25, '198', 'laborum', NULL, '501', '2043', '0', 'reprehenderit', NULL, '00:43:05', '20-04-2023', NULL, NULL),
(476, 'Mr. Cory Sawayn', '+1-901-958-3362', 'delectus', '136', '116', '13:28:41', 44, '4899', 'eos', NULL, '2449', '3908', '0', 'non', NULL, '15:29:23', '09-04-2023', NULL, NULL),
(477, 'Halle Anderson', '+19847535001', 'aut', '462', '34', '07:58:15', 25, '1996', 'quasi', NULL, '3377', '3063', '0', 'itaque', NULL, '03:26:18', '31-03-2023', NULL, NULL),
(478, 'Mr. Travon Hilpert V', '+1-912-957-4897', 'sed', '426', '33', '07:57:47', 54, '2517', 'omnis', NULL, '2719', '322', '0', 'hic', NULL, '23:38:48', '04-04-2023', NULL, NULL),
(479, 'Miss Maria Paucek DDS', '(325) 631-4506', 'quam', '219', '81', '22:41:57', 82, '3070', 'voluptatum', NULL, '881', '2640', '0', 'eius', NULL, '13:40:54', '19-04-2023', NULL, NULL),
(480, 'Sabrina Adams II', '725-585-2627', 'quae', '415', '9', '09:22:23', 73, '2086', 'quis', NULL, '4059', '4407', '0', 'eaque', NULL, '19:59:18', '03-04-2023', NULL, NULL),
(481, 'Alison Lubowitz', '+1-269-606-6214', 'nemo', '343', '113', '07:02:43', 72, '1519', 'natus', NULL, '1756', '3677', '0', 'ex', NULL, '11:24:30', '07-04-2023', NULL, NULL),
(482, 'Arno Crist', '+1 (762) 976-8998', 'sit', '122', '37', '09:43:37', 37, '891', 'ducimus', NULL, '1392', '2304', '0', 'ex', NULL, '16:13:41', '23-04-2023', NULL, NULL),
(483, 'Rey Skiles', '775.456.9046', 'consequuntur', '290', '47', '19:01:22', 80, '3354', 'omnis', NULL, '1692', '4505', '0', 'quia', NULL, '15:32:36', '31-03-2023', NULL, NULL),
(484, 'Deon Schmitt', '+1 (347) 362-3551', 'in', '365', '113', '06:13:38', 76, '2914', 'iure', NULL, '1265', '2670', '0', 'aut', NULL, '16:39:11', '06-04-2023', NULL, NULL),
(485, 'Mable Pouros III', '+1 (661) 953-8572', 'expedita', '275', '110', '04:20:29', 27, '2137', 'sint', NULL, '3916', '2801', '0', 'ea', NULL, '16:16:46', '16-04-2023', NULL, NULL),
(486, 'Gianni Pollich', '+16573498123', 'impedit', '120', '19', '20:36:35', 8, '2325', 'laudantium', NULL, '3681', '3347', '0', 'porro', NULL, '08:12:16', '20-04-2023', NULL, NULL),
(487, 'Wendell Lubowitz', '+1 (229) 682-3104', 'dolores', '224', '100', '00:10:08', 19, '4372', 'rerum', NULL, '3922', '2368', '0', 'est', NULL, '22:45:11', '22-04-2023', NULL, NULL),
(488, 'Sandra O\'Keefe', '(602) 921-0304', 'iure', '500', '84', '00:49:31', 20, '101', 'adipisci', NULL, '3672', '843', '0', 'ut', NULL, '05:13:22', '03-04-2023', NULL, NULL),
(489, 'Madonna Upton', '+1.412.430.4937', 'dolores', '303', '66', '13:48:31', 7, '849', 'et', NULL, '4674', '2589', '0', 'voluptatem', NULL, '15:16:32', '24-04-2023', NULL, NULL),
(490, 'Elissa Bogisich', '760-938-6475', 'quam', '334', '71', '06:24:22', 66, '3376', 'rem', NULL, '3853', '1755', '0', 'voluptate', NULL, '20:29:24', '09-04-2023', NULL, NULL),
(491, 'Prof. Vilma Rice', '425-573-2319', 'ratione', '380', '99', '03:15:12', 32, '2098', 'rem', NULL, '915', '3286', '0', 'rem', NULL, '08:07:27', '25-04-2023', NULL, NULL),
(492, 'Dr. Kadin Bradtke MD', '+1-614-370-9790', 'explicabo', '126', '49', '00:19:43', 79, '4793', 'similique', NULL, '3339', '2533', '0', 'dolores', NULL, '12:50:26', '09-04-2023', NULL, NULL),
(493, 'Miss Mallie Jones Sr.', '+12403218939', 'provident', '261', '80', '14:22:05', 94, '2437', 'beatae', NULL, '1691', '4322', '0', 'excepturi', NULL, '04:29:34', '15-04-2023', NULL, NULL),
(494, 'Amos Rodriguez Sr.', '941-892-7133', 'praesentium', '313', '62', '13:34:55', 57, '4216', 'harum', NULL, '3427', '1975', '0', 'optio', NULL, '08:43:58', '23-04-2023', NULL, NULL),
(495, 'Miles Torphy MD', '(970) 388-0412', 'qui', '255', '92', '19:03:30', 100, '3741', 'quibusdam', NULL, '4436', '3484', '0', 'quas', NULL, '17:00:16', '30-03-2023', NULL, NULL),
(496, 'Angelica Wuckert', '309.288.3655', 'occaecati', '415', '109', '16:21:22', 100, '2410', 'asperiores', NULL, '4936', '2125', '0', 'odio', NULL, '06:45:00', '25-04-2023', NULL, NULL),
(497, 'Ron Blick III', '(281) 860-6182', 'sed', '144', '97', '23:44:05', 9, '1256', 'enim', NULL, '4394', '3685', '0', 'quo', NULL, '13:57:53', '09-04-2023', NULL, NULL),
(498, 'Emory Bergnaum', '234-962-8828', 'aut', '205', '116', '03:02:48', 100, '2900', 'in', NULL, '1894', '1086', '0', 'dolorem', NULL, '07:45:12', '04-04-2023', NULL, NULL),
(499, 'Soledad Pfannerstill', '(985) 739-8453', 'eum', '310', '12', '06:53:32', 84, '1218', 'aut', NULL, '3443', '232', '0', 'libero', NULL, '23:16:57', '06-04-2023', NULL, NULL),
(500, 'Mr. Wilber Gutmann PhD', '+1 (915) 664-4942', 'quo', '402', '104', '20:29:49', 92, '188', 'inventore', NULL, '1724', '3823', '0', 'voluptas', NULL, '13:32:18', '01-04-2023', NULL, NULL),
(501, 'Caleb Okuneva', '(612) 495-5633', 'suscipit', '204', '1', '21:03:54', 84, '2913', 'nam', NULL, '1497', '3855', '0', 'sapiente', NULL, '13:39:40', '16-04-2023', NULL, NULL),
(502, 'Glen Cormier DDS', '(820) 453-5762', 'qui', '166', '21', '20:35:53', 41, '1426', 'et', NULL, '3723', '4822', '0', 'temporibus', NULL, '02:02:17', '03-04-2023', NULL, NULL),
(503, 'Mrs. Helga Bashirian MD', '1-952-293-4879', 'aut', '406', '146', '06:32:40', 45, '4087', 'ab', NULL, '1912', '262', '0', 'reiciendis', NULL, '18:49:15', '28-04-2023', NULL, NULL),
(504, 'Prof. Elta Collier', '617.526.2554', 'voluptate', '118', '85', '09:42:30', 44, '4851', 'consequatur', NULL, '3497', '1958', '0', 'ut', NULL, '15:14:49', '25-04-2023', NULL, NULL),
(505, 'Prof. Hazel Rippin', '(551) 939-4949', 'expedita', '127', '10', '19:59:18', 65, '4680', 'voluptatibus', NULL, '4031', '4539', '0', 'omnis', NULL, '18:46:25', '04-04-2023', NULL, NULL),
(506, 'Prof. Audreanne Trantow V', '+1-938-410-4729', 'esse', '125', '130', '11:12:03', 7, '1148', 'enim', NULL, '2030', '556', '0', 'eum', NULL, '03:22:59', '08-04-2023', NULL, NULL),
(507, 'Melany Gleichner', '425-570-4959', 'blanditiis', '313', '7', '00:52:57', 94, '2925', 'voluptatem', NULL, '2124', '2330', '0', 'rerum', NULL, '08:33:43', '09-04-2023', NULL, NULL),
(508, 'Gino Kling', '1-747-888-8447', 'distinctio', '477', '127', '05:26:27', 16, '1358', 'qui', NULL, '588', '3611', '0', 'natus', NULL, '11:04:54', '15-04-2023', NULL, NULL),
(509, 'Dr. Eudora Tromp', '716.226.1112', 'quibusdam', '179', '21', '04:33:33', 83, '825', 'voluptatum', NULL, '3376', '4239', '0', 'veniam', NULL, '08:23:38', '15-04-2023', NULL, NULL),
(510, 'Ned Roob', '1-207-232-7688', 'quas', '218', '109', '19:14:17', 18, '1142', 'ut', NULL, '2737', '734', '0', 'sed', NULL, '07:09:56', '23-04-2023', NULL, NULL),
(511, 'Martin Spencer IV', '339-300-3469', 'quis', '403', '109', '03:31:25', 9, '390', 'velit', NULL, '2538', '2905', '0', 'similique', NULL, '05:01:17', '06-04-2023', NULL, NULL),
(512, 'Ms. Abagail Friesen', '1-956-461-2301', 'repellat', '490', '113', '06:54:20', 18, '3128', 'sed', NULL, '3496', '2223', '0', 'quisquam', NULL, '14:57:29', '04-04-2023', NULL, NULL),
(513, 'Prof. Tania VonRueden I', '1-657-501-6350', 'nisi', '135', '63', '16:40:58', 31, '3145', 'ullam', NULL, '4263', '683', '0', 'est', NULL, '19:27:21', '09-04-2023', NULL, NULL),
(514, 'Arvel Aufderhar', '202.722.4077', 'impedit', '453', '90', '12:53:00', 73, '2183', 'optio', NULL, '3234', '3805', '0', 'impedit', NULL, '15:20:35', '29-04-2023', NULL, NULL),
(515, 'Tabitha Kirlin', '1-971-571-0396', 'eos', '464', '64', '15:00:48', 72, '2413', 'ipsam', NULL, '3931', '1038', '0', 'earum', NULL, '08:33:56', '06-04-2023', NULL, NULL),
(516, 'Jaden Zieme', '620.207.0441', 'ut', '388', '9', '04:25:36', 78, '2619', 'commodi', NULL, '2914', '547', '0', 'aut', NULL, '21:45:31', '22-04-2023', NULL, NULL),
(517, 'Maryse Krajcik', '463-615-6645', 'ratione', '235', '110', '03:08:12', 36, '4904', 'necessitatibus', NULL, '1773', '904', '0', 'cum', NULL, '08:28:47', '01-04-2023', NULL, NULL),
(518, 'Denis Champlin', '352.201.1690', 'voluptatem', '241', '87', '20:00:18', 26, '1506', 'accusamus', NULL, '1854', '4189', '0', 'laborum', NULL, '19:47:36', '14-04-2023', NULL, NULL),
(519, 'Prof. Corene Hickle PhD', '1-903-975-2039', 'ipsa', '378', '126', '01:00:20', 96, '4697', 'amet', NULL, '4126', '3343', '0', 'in', NULL, '17:07:28', '30-03-2023', NULL, NULL),
(520, 'Dr. Jessica Beer II', '870.224.0498', 'dolorem', '107', '120', '20:35:07', 24, '3250', 'nihil', NULL, '2569', '991', '0', 'quas', NULL, '00:12:20', '10-04-2023', NULL, NULL),
(521, 'Johnpaul Reynolds', '+1-641-994-2532', 'sunt', '143', '113', '01:44:34', 79, '830', 'ut', NULL, '1322', '4444', '0', 'alias', NULL, '10:35:09', '18-04-2023', NULL, NULL),
(522, 'Arielle Turner II', '1-445-247-4420', 'esse', '417', '115', '07:25:18', 10, '2694', 'est', NULL, '4129', '1852', '0', 'voluptate', NULL, '18:34:03', '06-04-2023', NULL, NULL),
(523, 'Jessika Orn DVM', '(781) 737-4286', 'et', '167', '33', '14:15:19', 61, '3317', 'itaque', NULL, '2033', '2060', '0', 'sit', NULL, '05:14:18', '17-04-2023', NULL, NULL),
(524, 'Jay Kihn', '+1.507.730.2100', 'tenetur', '309', '57', '23:36:33', 75, '1644', 'sunt', NULL, '3537', '4386', '0', 'quia', NULL, '19:56:52', '12-04-2023', NULL, NULL),
(525, 'Nicklaus McDermott V', '220-425-9623', 'et', '268', '92', '00:01:21', 100, '4033', 'consequatur', NULL, '2683', '1297', '0', 'ea', NULL, '03:48:28', '01-04-2023', NULL, NULL),
(526, 'Mrs. Genesis Stehr', '1-661-390-6019', 'nobis', '384', '9', '13:04:27', 23, '1818', 'excepturi', NULL, '4288', '3380', '0', 'quia', NULL, '14:23:06', '22-04-2023', NULL, NULL),
(527, 'Clifford Macejkovic', '+1 (202) 983-4311', 'dolorum', '205', '90', '06:02:12', 28, '4892', 'debitis', NULL, '2126', '4979', '0', 'impedit', NULL, '08:31:18', '21-04-2023', NULL, NULL),
(528, 'Prof. Lora Rath', '260-219-6398', 'veritatis', '496', '57', '19:25:16', 64, '2506', 'debitis', NULL, '4404', '4910', '0', 'aut', NULL, '09:02:12', '27-04-2023', NULL, NULL),
(529, 'Mrs. Krystel Olson', '458.822.6460', 'magnam', '179', '150', '06:24:33', 38, '4418', 'at', NULL, '3388', '1138', '0', 'commodi', NULL, '07:07:15', '05-04-2023', NULL, NULL),
(530, 'Prof. Cornelius Stracke', '+1 (917) 959-0029', 'cupiditate', '236', '146', '13:17:56', 72, '1014', 'alias', NULL, '4934', '4752', '0', 'et', NULL, '23:42:39', '12-04-2023', NULL, NULL),
(531, 'Tanya Reinger', '+1 (970) 318-1356', 'sed', '181', '103', '17:06:35', 10, '1188', 'iste', NULL, '4728', '3055', '0', 'aut', NULL, '18:33:16', '19-04-2023', NULL, NULL),
(532, 'Marge Sipes', '239.379.2805', 'non', '253', '98', '14:26:13', 30, '3820', 'et', NULL, '943', '307', '0', 'nobis', NULL, '10:51:41', '06-04-2023', NULL, NULL),
(533, 'Miss Kailee Sipes II', '+15592496614', 'consectetur', '194', '51', '23:03:17', 94, '994', 'vel', NULL, '1282', '2285', '0', 'repudiandae', NULL, '06:12:07', '04-04-2023', NULL, NULL),
(534, 'Dr. Eulalia Connelly PhD', '207-841-9728', 'repudiandae', '171', '141', '16:42:41', 48, '1198', 'voluptas', NULL, '4308', '2466', '0', 'accusamus', NULL, '17:07:56', '03-04-2023', NULL, NULL),
(535, 'Miss Letitia Johns', '+1 (380) 548-7369', 'vitae', '273', '79', '05:05:18', 78, '4790', 'illum', NULL, '881', '4024', '0', 'saepe', NULL, '23:27:17', '21-04-2023', NULL, NULL),
(536, 'Roosevelt Cummerata', '+17547741068', 'aliquam', '278', '31', '12:53:59', 58, '3089', 'sit', NULL, '4042', '3846', '0', 'atque', NULL, '10:38:36', '18-04-2023', NULL, NULL),
(537, 'Wilfrid Fisher PhD', '231.738.3148', 'minus', '258', '128', '23:39:15', 44, '61', 'deserunt', NULL, '2003', '3887', '0', 'quasi', NULL, '06:15:16', '19-04-2023', NULL, NULL),
(538, 'Mrs. Zita Bogan Jr.', '986.489.6140', 'tenetur', '362', '133', '04:23:11', 22, '4287', 'reprehenderit', NULL, '2020', '4618', '0', 'cumque', NULL, '09:54:22', '05-04-2023', NULL, NULL),
(539, 'Elisabeth Will V', '+1 (346) 806-0881', 'ut', '161', '9', '17:45:29', 13, '2011', 'saepe', NULL, '3238', '1961', '0', 'repudiandae', NULL, '05:05:19', '01-04-2023', NULL, NULL),
(540, 'Amiya Haag', '801-637-2235', 'mollitia', '362', '105', '15:37:18', 32, '2080', 'cum', NULL, '4880', '2263', '0', 'voluptas', NULL, '06:50:32', '16-04-2023', NULL, NULL),
(541, 'Freeman Homenick PhD', '814-760-7024', 'voluptatem', '277', '11', '02:26:15', 65, '871', 'ut', NULL, '4604', '2709', '0', 'eum', NULL, '17:19:21', '09-04-2023', NULL, NULL),
(542, 'Prof. Reymundo Wilderman', '254.796.7097', 'eveniet', '473', '106', '10:50:30', 28, '1269', 'libero', NULL, '3481', '3484', '0', 'praesentium', NULL, '01:38:39', '31-03-2023', NULL, NULL),
(543, 'Prof. Owen Satterfield IV', '+17324985027', 'aut', '380', '134', '08:59:56', 55, '614', 'tempore', NULL, '3522', '4654', '0', 'dolores', NULL, '22:02:14', '21-04-2023', NULL, NULL),
(544, 'Mr. Buddy Paucek', '1-878-410-9841', 'fugiat', '110', '10', '16:06:05', 98, '1081', 'suscipit', NULL, '1877', '1841', '0', 'ut', NULL, '08:25:20', '10-04-2023', NULL, NULL),
(545, 'Felix Kling', '+19014273334', 'consequatur', '232', '91', '14:29:59', 19, '1667', 'esse', NULL, '2433', '466', '0', 'dolores', NULL, '05:45:16', '12-04-2023', NULL, NULL),
(546, 'Neoma Kovacek', '(743) 639-9876', 'et', '258', '98', '16:04:43', 42, '3821', 'soluta', NULL, '3614', '2920', '0', 'tempore', NULL, '14:10:13', '14-04-2023', NULL, NULL),
(547, 'Dr. Boris Heathcote Sr.', '(252) 674-4087', 'totam', '346', '58', '13:36:44', 65, '2396', 'sapiente', NULL, '1598', '1873', '0', 'sint', NULL, '23:16:40', '10-04-2023', NULL, NULL),
(548, 'Karina Swift', '1-689-945-9359', 'eum', '360', '18', '06:01:32', 41, '380', 'consequatur', NULL, '4115', '752', '0', 'cumque', NULL, '07:47:30', '31-03-2023', NULL, NULL),
(549, 'Jerald Tromp', '860.445.0704', 'fugit', '404', '72', '13:41:24', 62, '1639', 'est', NULL, '3290', '3079', '0', 'deserunt', NULL, '12:17:38', '06-04-2023', NULL, NULL),
(550, 'Romaine Wuckert', '248.539.3154', 'voluptatem', '443', '129', '10:18:28', 100, '4031', 'iste', NULL, '4877', '3257', '0', 'error', NULL, '07:23:13', '01-04-2023', NULL, NULL),
(551, 'Prof. Lizeth Hauck', '+14064585381', 'veniam', '272', '125', '06:29:08', 47, '207', 'laudantium', NULL, '2497', '4573', '0', 'non', NULL, '12:56:37', '02-04-2023', NULL, NULL),
(552, 'Beulah Wisozk', '+1-220-395-9703', 'et', '225', '92', '09:03:00', 16, '1238', 'est', NULL, '3316', '1211', '0', 'molestias', NULL, '20:21:35', '21-04-2023', NULL, NULL),
(553, 'Mr. Melvina Wiza III', '818.279.5463', 'sed', '489', '44', '14:43:39', 32, '4262', 'quas', NULL, '4594', '3029', '0', 'qui', NULL, '21:14:14', '16-04-2023', NULL, NULL);
INSERT INTO `customer` (`id`, `fullname`, `phone`, `location`, `coordinate`, `distance`, `time_taken`, `relation_id`, `customer_token`, `invoice_id`, `url`, `amount`, `total_amount`, `night_charges`, `payment_mode`, `razorpay_payment_id`, `booking_time`, `booking_date`, `created_at`, `updated_at`) VALUES
(554, 'Lee Feest', '(747) 814-6936', 'tenetur', '423', '138', '07:12:43', 44, '2130', 'quia', NULL, '2266', '4096', '0', 'neque', NULL, '03:53:15', '05-04-2023', NULL, NULL),
(555, 'Prof. Carlee Schultz Jr.', '703-431-4448', 'nulla', '481', '117', '08:14:33', 16, '3452', 'non', NULL, '2448', '498', '0', 'sed', NULL, '16:45:13', '27-04-2023', NULL, NULL),
(556, 'Halle Crist MD', '+1.614.955.1210', 'sunt', '199', '137', '12:52:59', 17, '2103', 'perferendis', NULL, '1848', '3313', '0', 'aut', NULL, '12:00:09', '16-04-2023', NULL, NULL),
(557, 'Tracy Rogahn', '585.463.6157', 'odio', '117', '45', '12:32:35', 81, '956', 'et', NULL, '4007', '1178', '0', 'aut', NULL, '13:56:33', '16-04-2023', NULL, NULL),
(558, 'Reyna Rohan Sr.', '650.451.4814', 'porro', '342', '79', '11:31:57', 49, '4998', 'consequatur', NULL, '1622', '1555', '0', 'eveniet', NULL, '20:38:18', '15-04-2023', NULL, NULL),
(559, 'Genesis Turcotte III', '540.795.3772', 'ea', '414', '109', '16:07:07', 14, '4387', 'similique', NULL, '2414', '2572', '0', 'magnam', NULL, '10:31:56', '06-04-2023', NULL, NULL),
(560, 'Elliott Tremblay', '(260) 328-1910', 'ut', '413', '46', '21:56:52', 20, '2557', 'rerum', NULL, '768', '2450', '0', 'cumque', NULL, '20:39:19', '10-04-2023', NULL, NULL),
(561, 'Prof. Eugene Murphy MD', '(857) 943-0006', 'voluptas', '425', '129', '19:03:59', 71, '3207', 'rerum', NULL, '2112', '435', '0', 'ex', NULL, '01:16:18', '25-04-2023', NULL, NULL),
(562, 'Lloyd Adams DVM', '+1.920.382.4805', 'est', '125', '139', '23:14:49', 73, '4670', 'repellendus', NULL, '4723', '3153', '0', 'eos', NULL, '19:06:43', '05-04-2023', NULL, NULL),
(563, 'Prof. Guadalupe Dickinson Sr.', '458-792-6770', 'et', '352', '49', '13:05:36', 74, '4562', 'sit', NULL, '3069', '1028', '0', 'est', NULL, '17:19:13', '29-04-2023', NULL, NULL),
(564, 'Mrs. Noelia Dickens II', '1-424-554-8519', 'est', '286', '137', '09:25:48', 42, '1975', 'ut', NULL, '2227', '2694', '0', 'soluta', NULL, '19:06:34', '15-04-2023', NULL, NULL),
(565, 'Miss Yvonne Hauck', '+15409250162', 'eligendi', '295', '24', '17:56:30', 32, '3207', 'tempora', NULL, '1233', '356', '0', 'possimus', NULL, '18:01:05', '25-04-2023', NULL, NULL),
(566, 'Wyman Turner DVM', '+1.940.995.3764', 'aut', '475', '117', '19:14:03', 49, '2505', 'eos', NULL, '1179', '2150', '0', 'et', NULL, '09:58:32', '03-04-2023', NULL, NULL),
(567, 'Dr. Micaela Mohr', '586.441.8005', 'deserunt', '189', '133', '13:28:42', 28, '1924', 'ab', NULL, '2696', '4565', '0', 'quis', NULL, '20:35:21', '07-04-2023', NULL, NULL),
(568, 'Marcos Kuhic DVM', '+1 (863) 873-7803', 'eaque', '268', '52', '23:04:23', 81, '4335', 'ipsum', NULL, '2577', '3576', '0', 'rem', NULL, '00:09:12', '19-04-2023', NULL, NULL),
(569, 'Mrs. Lori Paucek Jr.', '+1-303-435-9921', 'accusantium', '494', '122', '12:25:09', 52, '1473', 'est', NULL, '1592', '2757', '0', 'consequuntur', NULL, '00:46:34', '18-04-2023', NULL, NULL),
(570, 'Ashlee Green', '+1-863-560-2309', 'est', '267', '93', '23:40:45', 57, '1813', 'fugit', NULL, '3689', '1407', '0', 'delectus', NULL, '13:04:20', '08-04-2023', NULL, NULL),
(571, 'Dannie Willms I', '785.588.0915', 'voluptas', '242', '4', '20:57:10', 8, '240', 'recusandae', NULL, '1050', '3295', '0', 'at', NULL, '04:14:27', '11-04-2023', NULL, NULL),
(572, 'Herman Kassulke Sr.', '+1 (779) 210-7857', 'eos', '396', '30', '06:22:05', 7, '2932', 'dolor', NULL, '4902', '4294', '0', 'omnis', NULL, '11:22:58', '26-04-2023', NULL, NULL),
(573, 'Tremayne Kilback', '+12055459173', 'ipsam', '357', '132', '08:40:49', 58, '1703', 'vitae', NULL, '2224', '3839', '0', 'quia', NULL, '20:11:03', '04-04-2023', NULL, NULL),
(574, 'Darius Herzog PhD', '+12838526068', 'doloremque', '456', '139', '13:04:04', 76, '794', 'maxime', NULL, '1137', '3307', '0', 'libero', NULL, '02:19:32', '17-04-2023', NULL, NULL),
(575, 'Mrs. Myra Klocko', '1-680-975-2906', 'est', '184', '134', '21:13:20', 24, '2193', 'ab', NULL, '3266', '3391', '0', 'earum', NULL, '07:07:22', '24-04-2023', NULL, NULL),
(576, 'Milo McDermott III', '1-878-993-8193', 'assumenda', '112', '12', '02:05:20', 53, '311', 'dolores', NULL, '1255', '1861', '0', 'neque', NULL, '15:08:58', '01-04-2023', NULL, NULL),
(577, 'Gideon Buckridge PhD', '+1 (458) 906-8990', 'est', '387', '132', '04:28:06', 19, '1529', 'optio', NULL, '4892', '4616', '0', 'sit', NULL, '19:20:26', '10-04-2023', NULL, NULL),
(578, 'Ms. Eileen Considine', '919-946-2048', 'numquam', '390', '38', '00:22:17', 94, '3990', 'qui', NULL, '2395', '4977', '0', 'debitis', NULL, '06:52:59', '01-04-2023', NULL, NULL),
(579, 'Milford DuBuque', '1-847-561-0688', 'vitae', '253', '70', '03:57:13', 61, '2833', 'unde', NULL, '4312', '3457', '0', 'maiores', NULL, '20:49:57', '03-04-2023', NULL, NULL),
(580, 'Elmore Erdman', '+1-980-464-7822', 'ratione', '171', '88', '09:14:05', 3, '3328', 'qui', NULL, '1644', '1540', '0', 'consequatur', NULL, '21:24:56', '07-04-2023', NULL, NULL),
(581, 'Rylan Grimes', '(616) 752-6637', 'ipsum', '127', '147', '11:31:13', 80, '2968', 'cupiditate', NULL, '4248', '2886', '0', 'debitis', NULL, '01:36:02', '18-04-2023', NULL, NULL),
(582, 'Santos Krajcik', '+1-516-286-8012', 'sed', '217', '46', '12:16:36', 30, '322', 'et', NULL, '3095', '2620', '0', 'quia', NULL, '10:14:01', '10-04-2023', NULL, NULL),
(583, 'Dr. Efrain Hermann II', '316.858.7259', 'eligendi', '447', '82', '07:47:35', 55, '705', 'voluptatem', NULL, '4423', '260', '0', 'et', NULL, '22:31:57', '01-04-2023', NULL, NULL),
(584, 'Kayli Jaskolski', '+1 (540) 708-7937', 'et', '382', '22', '11:10:23', 48, '4160', 'et', NULL, '1243', '2870', '0', 'aspernatur', NULL, '19:52:13', '16-04-2023', NULL, NULL),
(585, 'Kenyatta Haley', '+1 (845) 640-3508', 'at', '319', '94', '20:00:40', 64, '4697', 'explicabo', NULL, '2969', '1777', '0', 'sequi', NULL, '12:21:24', '23-04-2023', NULL, NULL),
(586, 'Prof. Ken Boyle', '(209) 518-8711', 'ipsam', '451', '110', '22:15:52', 62, '3125', 'sint', NULL, '3621', '1335', '0', 'impedit', NULL, '14:58:03', '27-04-2023', NULL, NULL),
(587, 'Chase Kunde I', '+1 (929) 682-4481', 'et', '318', '119', '17:28:33', 12, '2837', 'pariatur', NULL, '1686', '832', '0', 'consequatur', NULL, '20:43:25', '02-04-2023', NULL, NULL),
(588, 'Prof. Therese Nader MD', '212-577-3577', 'placeat', '493', '57', '01:34:53', 71, '2688', 'dolor', NULL, '1600', '4179', '0', 'accusantium', NULL, '08:23:22', '15-04-2023', NULL, NULL),
(589, 'Jeffry Skiles III', '(586) 340-9874', 'distinctio', '270', '52', '10:34:00', 89, '4030', 'iste', NULL, '1344', '2971', '0', 'delectus', NULL, '08:22:16', '04-04-2023', NULL, NULL),
(590, 'Thomas Pollich', '551.491.0305', 'reiciendis', '311', '17', '04:32:33', 30, '4264', 'aliquam', NULL, '3948', '4866', '0', 'ipsa', NULL, '18:18:14', '17-04-2023', NULL, NULL),
(591, 'Miss Lavonne Larson MD', '410.315.5385', 'amet', '351', '127', '01:01:56', 13, '161', 'suscipit', NULL, '3316', '2264', '0', 'eaque', NULL, '21:05:22', '25-04-2023', NULL, NULL),
(592, 'Mr. Noble Champlin PhD', '872.336.4775', 'quia', '224', '120', '14:16:26', 14, '3716', 'consequatur', NULL, '3604', '4599', '0', 'in', NULL, '12:07:29', '17-04-2023', NULL, NULL),
(593, 'Archibald Rogahn', '+1-480-706-9224', 'hic', '246', '133', '03:20:15', 15, '2130', 'consectetur', NULL, '2776', '549', '0', 'impedit', NULL, '23:14:58', '28-04-2023', NULL, NULL),
(594, 'Dr. Nayeli Hagenes', '+1.657.265.6881', 'unde', '373', '0', '15:27:10', 36, '3421', 'maxime', NULL, '1048', '4968', '0', 'eius', NULL, '15:18:43', '04-04-2023', NULL, NULL),
(595, 'Ophelia Bosco', '1-458-623-8115', 'dicta', '200', '113', '12:06:07', 82, '2079', 'eum', NULL, '741', '3322', '0', 'quis', NULL, '13:53:21', '23-04-2023', NULL, NULL),
(596, 'Dillon Anderson', '724.982.3361', 'quas', '442', '18', '08:35:46', 58, '963', 'deleniti', NULL, '2279', '1171', '0', 'nihil', NULL, '15:50:21', '31-03-2023', NULL, NULL),
(597, 'Mr. Jettie Nolan PhD', '219-320-8398', 'a', '223', '93', '12:42:46', 60, '1496', 'suscipit', NULL, '1359', '3048', '0', 'error', NULL, '05:31:47', '18-04-2023', NULL, NULL),
(598, 'Vallie Ortiz', '281.848.6235', 'et', '421', '111', '19:46:41', 91, '3722', 'magni', NULL, '4589', '1363', '0', 'adipisci', NULL, '12:57:35', '11-04-2023', NULL, NULL),
(599, 'Dr. Daryl Lesch', '+1-956-591-7638', 'doloremque', '253', '119', '21:03:13', 11, '1466', 'eius', NULL, '2811', '2855', '0', 'quia', NULL, '11:33:42', '23-04-2023', NULL, NULL),
(600, 'Kaya McCullough', '+1 (909) 638-7430', 'dolor', '149', '125', '00:27:46', 67, '2790', 'voluptates', NULL, '3570', '2858', '0', 'quod', NULL, '11:38:42', '06-04-2023', NULL, NULL),
(601, 'Sabryna Vandervort', '925-838-6767', 'aut', '244', '84', '04:29:54', 45, '3414', 'maxime', NULL, '4376', '4721', '0', 'assumenda', NULL, '16:47:25', '28-04-2023', NULL, NULL),
(602, 'Ernie Klocko', '(678) 890-6960', 'odio', '424', '46', '07:56:45', 14, '4483', 'vel', NULL, '3320', '4371', '0', 'possimus', NULL, '22:41:38', '07-04-2023', NULL, NULL),
(603, 'Karine Wiegand II', '1-640-852-6838', 'consequatur', '143', '1', '16:34:11', 79, '2584', 'modi', NULL, '3437', '2500', '0', 'et', NULL, '15:47:49', '24-04-2023', NULL, NULL),
(604, 'Dorris Crona', '+1.662.529.6496', 'minus', '277', '148', '03:48:20', 62, '2545', 'ut', NULL, '4190', '4969', '0', 'porro', NULL, '18:10:58', '03-04-2023', NULL, NULL),
(605, 'Aubrey Bergnaum', '1-848-221-2487', 'et', '468', '114', '05:47:24', 78, '4157', 'rerum', NULL, '3601', '172', '0', 'fugit', NULL, '22:26:05', '12-04-2023', NULL, NULL),
(606, 'Alfred Haag', '1-380-309-2987', 'quos', '161', '31', '06:38:14', 68, '1278', 'voluptatibus', NULL, '2025', '2528', '0', 'porro', NULL, '08:34:11', '15-04-2023', NULL, NULL),
(607, 'Prof. Sylvan Rutherford', '904-514-3383', 'animi', '400', '116', '16:00:51', 3, '436', 'sint', NULL, '2865', '1311', '0', 'vel', NULL, '18:20:56', '20-04-2023', NULL, NULL),
(608, 'Mrs. Maia Casper', '+1 (612) 422-3403', 'inventore', '463', '61', '13:36:12', 56, '3581', 'laudantium', NULL, '3097', '130', '0', 'consequatur', NULL, '15:57:05', '09-04-2023', NULL, NULL),
(609, 'Mable Keeling', '562-326-4612', 'sit', '339', '73', '12:42:50', 47, '1541', 'ut', NULL, '1033', '1467', '0', 'expedita', NULL, '01:45:53', '31-03-2023', NULL, NULL),
(610, 'Darian Weissnat', '504-304-6201', 'velit', '486', '75', '19:35:21', 92, '4836', 'praesentium', NULL, '1993', '2708', '0', 'et', NULL, '15:50:53', '06-04-2023', NULL, NULL),
(611, 'Mr. Jerrod Prohaska', '+1-440-683-6752', 'hic', '416', '146', '23:04:39', 28, '895', 'assumenda', NULL, '2677', '1719', '0', 'illum', NULL, '20:14:17', '10-04-2023', NULL, NULL),
(612, 'Shanon Strosin', '+1 (380) 348-7487', 'et', '152', '144', '14:13:14', 72, '3564', 'sapiente', NULL, '2839', '1968', '0', 'iusto', NULL, '21:02:38', '06-04-2023', NULL, NULL),
(613, 'River Corkery', '832.319.8612', 'sequi', '139', '17', '03:11:02', 89, '1156', 'suscipit', NULL, '4489', '4533', '0', 'dignissimos', NULL, '17:02:56', '28-04-2023', NULL, NULL),
(614, 'Adelia King', '423.836.3423', 'illo', '107', '62', '19:49:45', 38, '2280', 'exercitationem', NULL, '4962', '1821', '0', 'ex', NULL, '15:10:30', '22-04-2023', NULL, NULL),
(615, 'Samson Homenick', '661-632-9383', 'molestias', '487', '143', '10:20:06', 62, '1572', 'saepe', NULL, '3728', '1569', '0', 'est', NULL, '07:29:45', '05-04-2023', NULL, NULL),
(616, 'Marian Thompson', '804-246-7068', 'alias', '259', '28', '01:52:40', 22, '2551', 'id', NULL, '2073', '2407', '0', 'fuga', NULL, '05:55:40', '31-03-2023', NULL, NULL),
(617, 'Darien Parker DDS', '1-312-300-0525', 'aliquid', '180', '37', '22:46:24', 41, '2507', 'dolorem', NULL, '3173', '1726', '0', 'quidem', NULL, '16:27:40', '15-04-2023', NULL, NULL),
(618, 'Libby Schulist', '+1.341.510.1533', 'et', '145', '35', '23:55:25', 85, '3960', 'iusto', NULL, '2501', '2615', '0', 'ab', NULL, '05:36:08', '30-03-2023', NULL, NULL),
(619, 'Mellie Lesch', '1-908-558-4641', 'debitis', '218', '4', '08:19:58', 52, '250', 'labore', NULL, '2250', '4580', '0', 'nulla', NULL, '11:06:15', '24-04-2023', NULL, NULL),
(620, 'Vern Morar', '+1 (820) 415-2658', 'eveniet', '265', '0', '23:11:22', 75, '1808', 'labore', NULL, '799', '4419', '0', 'veritatis', NULL, '02:31:50', '29-04-2023', NULL, NULL),
(621, 'Ernest Fisher', '928.344.9482', 'consequatur', '398', '75', '13:25:59', 43, '4997', 'et', NULL, '1912', '1165', '0', 'nam', NULL, '07:06:20', '20-04-2023', NULL, NULL),
(622, 'Flavio Donnelly', '517-680-0886', 'qui', '290', '67', '10:25:56', 35, '4430', 'ea', NULL, '4572', '1406', '0', 'adipisci', NULL, '21:07:12', '21-04-2023', NULL, NULL),
(623, 'Ophelia Lehner', '475-617-6492', 'est', '404', '22', '10:07:44', 89, '1099', 'eius', NULL, '1838', '4087', '0', 'harum', NULL, '04:37:09', '02-04-2023', NULL, NULL),
(624, 'Aliza Rosenbaum', '+1-985-288-9661', 'neque', '312', '105', '20:45:35', 87, '1359', 'ut', NULL, '3762', '581', '0', 'atque', NULL, '12:56:55', '28-04-2023', NULL, NULL),
(625, 'Prof. Antonia Schowalter', '+1 (361) 269-9217', 'quaerat', '161', '35', '23:12:12', 89, '2033', 'aperiam', NULL, '4969', '2183', '0', 'culpa', NULL, '15:32:42', '16-04-2023', NULL, NULL),
(626, 'Linwood Lemke', '(561) 327-3236', 'quas', '149', '23', '19:10:07', 4, '1430', 'consectetur', NULL, '1924', '2716', '0', 'veniam', NULL, '13:12:59', '07-04-2023', NULL, NULL),
(627, 'Norwood Schaefer', '+1.848.641.4474', 'a', '392', '59', '22:33:34', 100, '647', 'nam', NULL, '2977', '2013', '0', 'omnis', NULL, '14:37:25', '18-04-2023', NULL, NULL),
(628, 'Rey Braun', '(425) 297-3064', 'voluptas', '310', '4', '17:24:06', 55, '641', 'rerum', NULL, '1268', '2499', '0', 'consectetur', NULL, '00:40:11', '01-04-2023', NULL, NULL),
(629, 'Kiel Quitzon', '1-463-318-2108', 'assumenda', '423', '146', '05:51:36', 33, '2459', 'corporis', NULL, '1610', '1720', '0', 'fugiat', NULL, '20:08:37', '26-04-2023', NULL, NULL),
(630, 'Valerie Medhurst DDS', '+1 (407) 220-4913', 'neque', '443', '115', '18:01:54', 55, '4068', 'non', NULL, '4342', '4148', '0', 'accusantium', NULL, '20:12:05', '23-04-2023', NULL, NULL),
(631, 'Lilly Witting', '270.834.3483', 'velit', '360', '85', '16:06:02', 8, '2165', 'iure', NULL, '2736', '1028', '0', 'consequuntur', NULL, '11:21:14', '06-04-2023', NULL, NULL),
(632, 'Mireille Huels', '423-815-1786', 'ullam', '199', '9', '02:22:44', 98, '2540', 'beatae', NULL, '1861', '790', '0', 'asperiores', NULL, '00:14:59', '30-03-2023', NULL, NULL),
(633, 'Kaley Harris', '574.305.4176', 'aliquam', '419', '116', '21:43:30', 72, '3968', 'repudiandae', NULL, '3069', '2136', '0', 'provident', NULL, '08:13:50', '23-04-2023', NULL, NULL),
(634, 'Amiya Pacocha', '+1-336-377-7628', 'maxime', '242', '12', '14:46:08', 39, '3103', 'molestiae', NULL, '2181', '374', '0', 'consequatur', NULL, '01:11:23', '19-04-2023', NULL, NULL),
(635, 'Zack Bernhard', '508.295.0077', 'similique', '319', '140', '07:23:45', 89, '782', 'rerum', NULL, '3650', '4446', '0', 'temporibus', NULL, '09:57:00', '01-04-2023', NULL, NULL),
(636, 'Vallie Gorczany II', '+1-913-458-7816', 'rerum', '400', '120', '02:17:38', 77, '3350', 'blanditiis', NULL, '4801', '2644', '0', 'harum', NULL, '15:55:56', '26-04-2023', NULL, NULL),
(637, 'Prof. Stephania Wyman PhD', '+1-848-457-9741', 'iusto', '420', '86', '07:55:11', 32, '354', 'eligendi', NULL, '3763', '2849', '0', 'provident', NULL, '11:23:15', '07-04-2023', NULL, NULL),
(638, 'Mr. Amir Walker III', '541.559.3499', 'id', '187', '7', '21:14:37', 24, '4597', 'enim', NULL, '4435', '1632', '0', 'rerum', NULL, '19:35:45', '20-04-2023', NULL, NULL),
(639, 'Johanna Ziemann', '+1-678-236-0948', 'animi', '493', '75', '19:00:57', 65, '4859', 'ipsum', NULL, '1610', '1262', '0', 'fugiat', NULL, '22:33:20', '16-04-2023', NULL, NULL),
(640, 'Dr. Roderick Douglas', '(706) 539-0330', 'inventore', '450', '23', '09:39:21', 79, '2749', 'quam', NULL, '3266', '1826', '0', 'sed', NULL, '01:32:28', '04-04-2023', NULL, NULL),
(641, 'Prof. Reid Bradtke', '+1.228.504.6395', 'reprehenderit', '160', '144', '17:51:19', 7, '1474', 'consequuntur', NULL, '4546', '3765', '0', 'enim', NULL, '07:10:15', '20-04-2023', NULL, NULL),
(642, 'Ricky Fahey', '+1-364-248-4202', 'libero', '315', '59', '22:55:13', 42, '2211', 'corporis', NULL, '4541', '3935', '0', 'iste', NULL, '00:05:06', '03-04-2023', NULL, NULL),
(643, 'Prof. Miracle Gottlieb V', '+1-270-252-9909', 'soluta', '281', '97', '15:09:50', 87, '1793', 'dolorem', NULL, '2132', '3561', '0', 'est', NULL, '12:22:40', '25-04-2023', NULL, NULL),
(644, 'Eloise Yundt', '+1-629-381-5109', 'ut', '186', '141', '04:03:48', 88, '3661', 'ut', NULL, '2808', '2205', '0', 'et', NULL, '10:38:56', '06-04-2023', NULL, NULL),
(645, 'Duane Weissnat', '(430) 212-2169', 'exercitationem', '253', '137', '02:28:11', 32, '3319', 'minima', NULL, '4275', '4064', '0', 'quidem', NULL, '02:23:41', '31-03-2023', NULL, NULL),
(646, 'Estella Gutkowski', '(870) 852-6406', 'sed', '344', '141', '11:18:51', 7, '2707', 'perferendis', NULL, '3870', '324', '0', 'vero', NULL, '03:02:12', '03-04-2023', NULL, NULL),
(647, 'Reginald Bernier IV', '+1.931.553.8192', 'ut', '342', '10', '09:58:54', 18, '680', 'dolore', NULL, '2775', '1754', '0', 'doloribus', NULL, '03:22:12', '13-04-2023', NULL, NULL),
(648, 'Kathryn Hartmann II', '+1-267-445-5501', 'alias', '427', '22', '02:49:49', 75, '737', 'totam', NULL, '1935', '504', '0', 'rerum', NULL, '23:09:18', '23-04-2023', NULL, NULL),
(649, 'Jimmie Simonis', '+12626767240', 'earum', '257', '10', '14:48:27', 96, '2325', 'quam', NULL, '1534', '4112', '0', 'recusandae', NULL, '10:54:55', '07-04-2023', NULL, NULL),
(650, 'Kiley Koelpin', '+18164917054', 'ea', '301', '137', '16:52:00', 89, '1520', 'dolor', NULL, '2893', '1444', '0', 'eveniet', NULL, '10:52:34', '31-03-2023', NULL, NULL),
(651, 'Terrance Walsh', '267-935-7248', 'et', '426', '125', '23:25:38', 59, '941', 'quaerat', NULL, '3668', '1655', '0', 'temporibus', NULL, '10:43:57', '02-04-2023', NULL, NULL),
(652, 'Catherine Shanahan', '(469) 463-4739', 'sequi', '395', '136', '18:52:40', 35, '988', 'et', NULL, '4501', '1919', '0', 'ut', NULL, '18:47:39', '03-04-2023', NULL, NULL),
(653, 'Dr. Raleigh Thiel IV', '+1 (929) 692-3470', 'corporis', '366', '142', '01:11:05', 31, '4645', 'ea', NULL, '802', '4230', '0', 'amet', NULL, '11:58:31', '21-04-2023', NULL, NULL),
(654, 'Mr. Roosevelt Pollich', '+1.515.853.1725', 'dolores', '188', '137', '23:22:09', 46, '3398', 'molestias', NULL, '1321', '1492', '0', 'earum', NULL, '16:59:11', '21-04-2023', NULL, NULL),
(655, 'Lois O\'Connell', '1-272-617-2568', 'libero', '387', '31', '01:40:12', 95, '568', 'saepe', NULL, '4394', '1529', '0', 'placeat', NULL, '02:00:06', '08-04-2023', NULL, NULL),
(656, 'Dr. Verner Collins', '(918) 621-2121', 'labore', '185', '113', '20:33:26', 100, '1241', 'explicabo', NULL, '2671', '3301', '0', 'aperiam', NULL, '12:45:24', '14-04-2023', NULL, NULL),
(657, 'Madisen Lowe', '1-386-854-9339', 'officiis', '290', '46', '02:09:03', 2, '3292', 'exercitationem', NULL, '1858', '2718', '0', 'quia', NULL, '06:28:31', '17-04-2023', NULL, NULL),
(658, 'Kelly Runte', '+1 (463) 343-3829', 'sunt', '384', '39', '12:07:43', 27, '4612', 'ad', NULL, '2465', '858', '0', 'aut', NULL, '02:14:01', '16-04-2023', NULL, NULL),
(659, 'Tressa Wyman DVM', '1-231-577-3723', 'et', '191', '55', '03:44:42', 89, '4105', 'odio', NULL, '954', '441', '0', 'aut', NULL, '16:18:17', '06-04-2023', NULL, NULL),
(660, 'Ms. Leanna Spinka IV', '1-801-344-8698', 'et', '241', '139', '16:40:57', 81, '3968', 'natus', NULL, '4924', '1699', '0', 'rerum', NULL, '02:35:13', '20-04-2023', NULL, NULL),
(661, 'Ms. Alysa Murphy', '1-716-557-3053', 'perspiciatis', '162', '22', '07:52:21', 96, '774', 'aperiam', NULL, '3350', '1671', '0', 'quia', NULL, '00:02:08', '14-04-2023', NULL, NULL),
(662, 'Cornell Lueilwitz', '1-423-716-9570', 'ab', '267', '52', '17:27:25', 15, '4408', 'et', NULL, '4884', '3903', '0', 'et', NULL, '17:14:34', '26-04-2023', NULL, NULL),
(663, 'Izabella Langosh', '608-713-4122', 'minima', '484', '119', '12:11:35', 33, '3686', 'vel', NULL, '1441', '4032', '0', 'repellat', NULL, '21:49:35', '03-04-2023', NULL, NULL),
(664, 'Craig Wintheiser IV', '501.605.4058', 'accusamus', '453', '26', '20:55:25', 4, '188', 'et', NULL, '1118', '3541', '0', 'quia', NULL, '17:57:56', '25-04-2023', NULL, NULL),
(665, 'Santa Hane', '725-242-9162', 'qui', '405', '52', '07:07:22', 26, '4818', 'tenetur', NULL, '1924', '2109', '0', 'iste', NULL, '22:46:23', '27-04-2023', NULL, NULL),
(666, 'Ignacio Hickle III', '580.645.7455', 'qui', '246', '120', '04:26:08', 94, '1065', 'ea', NULL, '1115', '2487', '0', 'enim', NULL, '06:49:49', '18-04-2023', NULL, NULL),
(667, 'Prof. Rhianna Wilkinson', '+1-218-805-4593', 'vero', '348', '37', '17:49:16', 59, '2907', 'numquam', NULL, '3929', '3309', '0', 'et', NULL, '15:31:45', '03-04-2023', NULL, NULL),
(668, 'Lilla Walker', '+1-458-981-6436', 'ut', '260', '41', '12:53:01', 80, '4236', 'aliquid', NULL, '2066', '1966', '0', 'id', NULL, '04:43:32', '04-04-2023', NULL, NULL),
(669, 'Dr. Beth Fisher III', '(231) 335-3269', 'sit', '223', '139', '16:24:02', 68, '1787', 'ut', NULL, '1158', '942', '0', 'illo', NULL, '03:39:27', '12-04-2023', NULL, NULL),
(670, 'Crystel Prohaska', '805-617-5173', 'voluptatibus', '149', '127', '16:53:24', 24, '4254', 'veniam', NULL, '4977', '768', '0', 'at', NULL, '00:10:44', '04-04-2023', NULL, NULL),
(671, 'Marty Huel', '(757) 265-1433', 'aut', '473', '69', '09:26:43', 37, '1222', 'facilis', NULL, '4285', '3554', '0', 'vero', NULL, '18:15:33', '29-04-2023', NULL, NULL),
(672, 'Christy Rowe DDS', '256.532.6159', 'saepe', '182', '91', '14:31:07', 69, '4952', 'nisi', NULL, '3106', '503', '0', 'at', NULL, '14:27:38', '03-04-2023', NULL, NULL),
(673, 'Quentin Ruecker', '+14053699420', 'dicta', '309', '118', '19:00:43', 39, '1493', 'error', NULL, '4330', '1445', '0', 'necessitatibus', NULL, '14:37:19', '19-04-2023', NULL, NULL),
(674, 'Jerald Ryan IV', '(662) 898-1474', 'voluptas', '264', '64', '01:17:45', 63, '3685', 'et', NULL, '1517', '2644', '0', 'explicabo', NULL, '19:29:08', '10-04-2023', NULL, NULL),
(675, 'Kale Dach', '(240) 786-2079', 'ad', '472', '6', '18:18:36', 64, '2418', 'sed', NULL, '3239', '1481', '0', 'reprehenderit', NULL, '13:04:59', '26-04-2023', NULL, NULL),
(676, 'Norma Schmidt', '312-561-0303', 'aliquid', '127', '49', '23:30:16', 70, '3235', 'nostrum', NULL, '1577', '4898', '0', 'doloribus', NULL, '08:57:39', '06-04-2023', NULL, NULL),
(677, 'Jacques Eichmann MD', '+19012656011', 'possimus', '499', '10', '03:09:25', 19, '4420', 'explicabo', NULL, '2820', '2413', '0', 'qui', NULL, '19:54:26', '07-04-2023', NULL, NULL),
(678, 'Ms. Brisa Lynch I', '+1-240-237-0564', 'est', '331', '149', '19:20:59', 11, '2074', 'nemo', NULL, '2362', '2476', '0', 'debitis', NULL, '03:14:23', '14-04-2023', NULL, NULL),
(679, 'Belle Paucek', '1-458-538-6082', 'accusantium', '375', '21', '03:35:05', 88, '3832', 'rerum', NULL, '2147', '235', '0', 'maxime', NULL, '03:45:51', '21-04-2023', NULL, NULL),
(680, 'Nicola Greenfelder', '+1.708.351.7975', 'eaque', '325', '79', '22:35:39', 35, '1314', 'quia', NULL, '2072', '2455', '0', 'dolores', NULL, '10:33:27', '06-04-2023', NULL, NULL),
(681, 'Prof. Chester Kunze', '1-678-895-6729', 'officia', '356', '24', '13:27:46', 58, '317', 'rerum', NULL, '1879', '3618', '0', 'quasi', NULL, '12:40:00', '13-04-2023', NULL, NULL),
(682, 'Mr. Chris Mann PhD', '276.572.8846', 'quia', '433', '11', '22:40:48', 42, '844', 'suscipit', NULL, '2613', '2099', '0', 'ex', NULL, '16:41:32', '10-04-2023', NULL, NULL),
(683, 'Danial Auer', '+1-850-793-4215', 'et', '212', '107', '00:46:14', 21, '4419', 'ut', NULL, '1185', '1089', '0', 'quos', NULL, '10:51:30', '18-04-2023', NULL, NULL),
(684, 'Mr. Kraig Toy', '(515) 303-6426', 'earum', '125', '36', '13:40:33', 94, '2252', 'doloribus', NULL, '2363', '429', '0', 'rerum', NULL, '08:18:14', '28-04-2023', NULL, NULL),
(685, 'Prof. Carlie Keeling', '+16572052722', 'aut', '428', '130', '01:32:15', 91, '3778', 'saepe', NULL, '4202', '924', '0', 'molestias', NULL, '07:48:05', '20-04-2023', NULL, NULL),
(686, 'Ernestine Johnson', '(929) 807-8083', 'ipsa', '132', '25', '19:15:47', 68, '3208', 'laudantium', NULL, '2203', '4932', '0', 'ipsam', NULL, '19:43:51', '25-04-2023', NULL, NULL),
(687, 'Gaetano Frami', '1-520-951-0165', 'soluta', '471', '146', '01:19:48', 13, '4477', 'aut', NULL, '1251', '3735', '0', 'suscipit', NULL, '05:31:18', '20-04-2023', NULL, NULL),
(688, 'Ambrose Barrows', '+1 (901) 656-4168', 'ipsam', '340', '143', '07:49:48', 47, '549', 'et', NULL, '3746', '2842', '0', 'id', NULL, '04:44:53', '28-04-2023', NULL, NULL),
(689, 'Francisco Cremin Sr.', '+1.909.675.5041', 'ut', '110', '109', '06:37:41', 88, '21', 'adipisci', NULL, '4126', '4313', '0', 'quaerat', NULL, '04:06:29', '02-04-2023', NULL, NULL),
(690, 'Brianne Oberbrunner', '636.485.9529', 'illum', '272', '106', '10:31:19', 86, '3123', 'inventore', NULL, '835', '2628', '0', 'dolore', NULL, '13:09:58', '02-04-2023', NULL, NULL),
(691, 'Wendy Lemke', '+15746421367', 'reprehenderit', '203', '57', '06:16:43', 23, '1225', 'hic', NULL, '3835', '2486', '0', 'reiciendis', NULL, '21:53:42', '16-04-2023', NULL, NULL),
(692, 'Roselyn Hermann', '351.685.2371', 'enim', '445', '59', '22:31:05', 23, '2023', 'labore', NULL, '1703', '810', '0', 'eligendi', NULL, '08:21:51', '27-04-2023', NULL, NULL),
(693, 'Prof. Toy Carroll', '347-850-2511', 'officia', '252', '31', '18:37:49', 75, '460', 'sunt', NULL, '1800', '3346', '0', 'dolorem', NULL, '08:25:06', '30-03-2023', NULL, NULL),
(694, 'Lessie Marquardt', '+1.574.692.2533', 'qui', '335', '33', '10:57:39', 81, '4217', 'odio', NULL, '670', '2412', '0', 'quia', NULL, '06:36:17', '16-04-2023', NULL, NULL),
(695, 'Ms. Verlie Klein Sr.', '+1-563-950-7093', 'est', '256', '17', '10:15:15', 92, '2313', 'porro', NULL, '4033', '2151', '0', 'ut', NULL, '19:02:51', '03-04-2023', NULL, NULL),
(696, 'Virgil Marvin', '352-463-8507', 'voluptatibus', '443', '49', '13:46:20', 15, '1000', 'beatae', NULL, '2835', '1914', '0', 'beatae', NULL, '20:12:23', '06-04-2023', NULL, NULL),
(697, 'Dr. Isom Nitzsche DVM', '301-316-1596', 'voluptatem', '255', '94', '10:15:44', 27, '3587', 'eum', NULL, '2713', '1369', '0', 'nesciunt', NULL, '04:06:48', '04-04-2023', NULL, NULL),
(698, 'Sharon Windler MD', '+1.520.426.5807', 'quis', '111', '99', '19:43:03', 6, '1976', 'ut', NULL, '3999', '4916', '0', 'illo', NULL, '04:16:04', '22-04-2023', NULL, NULL),
(699, 'Muhammad Borer', '(515) 931-1404', 'deserunt', '157', '84', '19:41:51', 33, '1745', 'sit', NULL, '3113', '1169', '0', 'nisi', NULL, '11:35:51', '02-04-2023', NULL, NULL),
(700, 'Tessie Quigley', '262-257-4239', 'rem', '125', '143', '18:08:56', 24, '1986', 'eum', NULL, '3706', '4145', '0', 'est', NULL, '07:51:04', '24-04-2023', NULL, NULL),
(701, 'Matilda Wilderman V', '(253) 331-3434', 'reprehenderit', '262', '67', '00:40:08', 38, '942', 'perspiciatis', NULL, '2131', '1155', '0', 'voluptas', NULL, '16:21:01', '14-04-2023', NULL, NULL),
(702, 'Prof. Amber Crona', '+1-307-295-2792', 'quos', '473', '69', '01:49:04', 89, '2274', 'in', NULL, '3287', '1076', '0', 'quia', NULL, '05:27:53', '27-04-2023', NULL, NULL),
(703, 'Mrs. Nellie Moore', '(424) 523-3549', 'nostrum', '131', '93', '20:50:48', 66, '410', 'ut', NULL, '1744', '555', '0', 'tempora', NULL, '23:04:28', '09-04-2023', NULL, NULL),
(704, 'Dr. Einar Goyette II', '+1-725-264-1131', 'possimus', '490', '94', '12:17:33', 19, '4151', 'magni', NULL, '3368', '145', '0', 'sint', NULL, '22:24:31', '12-04-2023', NULL, NULL),
(705, 'Dr. Donavon Wisozk III', '267.767.7146', 'odio', '336', '109', '22:43:25', 18, '2760', 'delectus', NULL, '2784', '159', '0', 'consectetur', NULL, '19:26:21', '13-04-2023', NULL, NULL),
(706, 'Alexandrea Veum', '239.915.5523', 'nesciunt', '387', '40', '08:07:04', 74, '2109', 'nemo', NULL, '900', '2338', '0', 'similique', NULL, '14:09:41', '11-04-2023', NULL, NULL),
(707, 'Cordelia Beatty', '+17406087460', 'quo', '461', '56', '14:55:14', 2, '3567', 'voluptatem', NULL, '800', '313', '0', 'doloremque', NULL, '06:15:12', '11-04-2023', NULL, NULL),
(708, 'Finn Greenholt', '661-596-4300', 'quasi', '249', '14', '15:42:47', 54, '730', 'veritatis', NULL, '2396', '4024', '0', 'ipsa', NULL, '19:01:42', '19-04-2023', NULL, NULL),
(709, 'Kelton Muller', '+1-251-703-8850', 'error', '495', '45', '07:27:13', 27, '4569', 'maiores', NULL, '1162', '4692', '0', 'laboriosam', NULL, '18:33:04', '24-04-2023', NULL, NULL),
(710, 'Arvid Effertz', '475-336-8754', 'facere', '391', '81', '01:22:23', 9, '734', 'architecto', NULL, '1918', '3247', '0', 'nobis', NULL, '06:39:29', '13-04-2023', NULL, NULL),
(711, 'Cooper Funk', '(702) 953-6520', 'sapiente', '156', '86', '23:15:26', 30, '2059', 'sit', NULL, '2363', '2776', '0', 'officiis', NULL, '01:18:34', '18-04-2023', NULL, NULL),
(712, 'Patricia Langosh', '1-906-691-3564', 'laborum', '476', '3', '16:11:04', 7, '4349', 'minus', NULL, '1741', '2419', '0', 'minima', NULL, '18:20:59', '18-04-2023', NULL, NULL),
(713, 'Mrs. Keira O\'Conner V', '+12109888236', 'inventore', '226', '42', '21:33:13', 36, '4587', 'quo', NULL, '3656', '850', '0', 'debitis', NULL, '05:10:38', '14-04-2023', NULL, NULL),
(714, 'Alva Prohaska II', '678-658-0115', 'temporibus', '117', '38', '16:17:37', 50, '3610', 'optio', NULL, '888', '1411', '0', 'laboriosam', NULL, '10:22:05', '09-04-2023', NULL, NULL),
(715, 'Kaia Baumbach', '+1-702-672-9580', 'aperiam', '144', '136', '22:03:32', 54, '102', 'sunt', NULL, '4676', '1276', '0', 'est', NULL, '10:28:33', '05-04-2023', NULL, NULL),
(716, 'Lonzo Rutherford III', '+1-743-432-1080', 'voluptas', '151', '127', '07:55:28', 34, '1099', 'voluptates', NULL, '3083', '4145', '0', 'autem', NULL, '15:20:19', '07-04-2023', NULL, NULL),
(717, 'Brock Wintheiser', '1-248-266-8930', 'possimus', '447', '18', '14:33:30', 90, '2024', 'doloremque', NULL, '3293', '4894', '0', 'voluptas', NULL, '19:45:01', '11-04-2023', NULL, NULL),
(718, 'Rose Brakus', '708.559.3763', 'non', '229', '145', '18:20:15', 3, '2377', 'enim', NULL, '2824', '135', '0', 'magnam', NULL, '18:29:39', '08-04-2023', NULL, NULL),
(719, 'Augustus Kohler', '+1.208.732.0257', 'magnam', '239', '0', '04:23:59', 1, '3552', 'voluptatem', NULL, '799', '2673', '0', 'ea', NULL, '23:21:44', '01-04-2023', NULL, NULL),
(720, 'Prof. Elroy Hermann II', '225.584.7896', 'dolore', '243', '4', '17:06:14', 31, '4518', 'et', NULL, '3267', '3513', '0', 'est', NULL, '14:52:56', '10-04-2023', NULL, NULL),
(721, 'Gerda Nicolas', '364-799-4131', 'qui', '419', '115', '04:07:33', 91, '2225', 'ratione', NULL, '2951', '4218', '0', 'aut', NULL, '04:42:18', '01-04-2023', NULL, NULL),
(722, 'Beth Borer', '951-775-5512', 'nostrum', '216', '51', '16:10:01', 4, '846', 'error', NULL, '1062', '3880', '0', 'ipsam', NULL, '06:31:20', '06-04-2023', NULL, NULL),
(723, 'Lola Barton', '+15415294367', 'qui', '344', '69', '08:59:12', 80, '2904', 'aperiam', NULL, '2509', '2108', '0', 'enim', NULL, '05:08:20', '03-04-2023', NULL, NULL),
(724, 'Humberto Bins', '(332) 916-1810', 'et', '339', '99', '09:42:41', 75, '3829', 'rem', NULL, '2448', '4654', '0', 'voluptatem', NULL, '20:31:42', '10-04-2023', NULL, NULL),
(725, 'Mr. Lindsey Williamson', '+1 (607) 338-7230', 'id', '158', '127', '10:59:29', 58, '4990', 'iste', NULL, '3443', '2092', '0', 'consequatur', NULL, '12:40:38', '12-04-2023', NULL, NULL),
(726, 'Wyatt Hane MD', '(551) 669-5759', 'qui', '400', '11', '09:41:18', 46, '2367', 'alias', NULL, '2431', '618', '0', 'recusandae', NULL, '08:14:55', '24-04-2023', NULL, NULL),
(727, 'Mr. Wilfrid West', '1-681-642-6819', 'aperiam', '369', '112', '16:43:09', 49, '3071', 'consequatur', NULL, '2875', '4714', '0', 'accusantium', NULL, '17:32:40', '02-04-2023', NULL, NULL),
(728, 'Woodrow Mraz', '+16096137091', 'praesentium', '238', '115', '06:40:27', 11, '3030', 'nihil', NULL, '1016', '2561', '0', 'quasi', NULL, '14:58:01', '08-04-2023', NULL, NULL),
(729, 'Prof. Haylie Hills', '1-341-998-1102', 'sit', '375', '125', '15:54:47', 50, '2299', 'delectus', NULL, '2566', '528', '0', 'facilis', NULL, '06:22:42', '05-04-2023', NULL, NULL),
(730, 'Andreane Abernathy', '270-704-2365', 'neque', '117', '132', '15:59:02', 1, '2410', 'iusto', NULL, '2981', '4721', '0', 'aperiam', NULL, '20:45:01', '06-04-2023', NULL, NULL),
(731, 'Opal O\'Connell DVM', '+1.559.490.1264', 'officia', '172', '27', '08:06:39', 82, '509', 'tenetur', NULL, '2237', '230', '0', 'officiis', NULL, '17:24:19', '25-04-2023', NULL, NULL),
(732, 'Lizeth Stiedemann DDS', '731-433-2266', 'deserunt', '262', '68', '02:16:23', 79, '2423', 'dolor', NULL, '622', '1516', '0', 'doloribus', NULL, '18:03:31', '24-04-2023', NULL, NULL),
(733, 'Alfred Moore Sr.', '(854) 674-4754', 'illo', '271', '100', '15:34:23', 38, '1655', 'assumenda', NULL, '1500', '787', '0', 'dolores', NULL, '03:16:59', '03-04-2023', NULL, NULL),
(734, 'Javonte Greenfelder DDS', '951.847.0230', 'rerum', '470', '41', '09:12:16', 56, '1402', 'perferendis', NULL, '3391', '2258', '0', 'ut', NULL, '12:38:36', '15-04-2023', NULL, NULL),
(735, 'Prof. Lukas Ankunding', '520-380-5729', 'aut', '480', '70', '15:27:25', 40, '4297', 'nobis', NULL, '1830', '2895', '0', 'facere', NULL, '01:17:45', '14-04-2023', NULL, NULL),
(736, 'Dr. Saige Johnston', '+1-248-577-9897', 'fugit', '421', '52', '03:22:16', 14, '4599', 'eius', NULL, '4601', '4265', '0', 'et', NULL, '03:04:11', '07-04-2023', NULL, NULL),
(737, 'Dr. Dexter Swift DDS', '1-341-242-9389', 'sunt', '307', '65', '20:44:40', 89, '1507', 'eligendi', NULL, '2903', '2127', '0', 'nemo', NULL, '05:00:40', '15-04-2023', NULL, NULL),
(738, 'Prof. Christiana Connelly Jr.', '1-216-882-1437', 'est', '291', '6', '15:39:35', 74, '3941', 'mollitia', NULL, '3718', '2807', '0', 'quisquam', NULL, '09:23:04', '10-04-2023', NULL, NULL),
(739, 'Michale Gibson I', '862.880.7723', 'facilis', '270', '146', '04:36:35', 13, '462', 'sunt', NULL, '2534', '3095', '0', 'voluptas', NULL, '21:35:29', '15-04-2023', NULL, NULL),
(740, 'Mr. Eliezer Kuhic Jr.', '361.967.2980', 'ut', '218', '147', '19:46:24', 47, '4200', 'perspiciatis', NULL, '2453', '1365', '0', 'odit', NULL, '23:57:11', '16-04-2023', NULL, NULL),
(741, 'Noel Nikolaus', '678-951-6319', 'et', '291', '130', '18:47:21', 33, '3304', 'sed', NULL, '1511', '2444', '0', 'quos', NULL, '14:04:50', '25-04-2023', NULL, NULL),
(742, 'Prof. Zion Raynor PhD', '+1-234-331-9026', 'autem', '207', '57', '10:15:51', 41, '3410', 'deserunt', NULL, '4303', '1349', '0', 'consequatur', NULL, '22:04:36', '15-04-2023', NULL, NULL),
(743, 'Prof. Valentin Bins Jr.', '+1-539-357-9513', 'ducimus', '125', '93', '01:14:12', 91, '2836', 'commodi', NULL, '4663', '2404', '0', 'provident', NULL, '15:10:24', '14-04-2023', NULL, NULL),
(744, 'Daphne Denesik V', '1-586-646-4050', 'ut', '112', '97', '13:27:20', 43, '2153', 'et', NULL, '2324', '1685', '0', 'similique', NULL, '08:53:14', '15-04-2023', NULL, NULL),
(745, 'Isadore Legros', '682.318.5366', 'et', '389', '34', '05:46:43', 35, '2542', 'necessitatibus', NULL, '2816', '4136', '0', 'similique', NULL, '08:18:03', '07-04-2023', NULL, NULL),
(746, 'Antonia Purdy', '+1 (959) 862-6987', 'mollitia', '494', '52', '03:14:11', 97, '4503', 'fugit', NULL, '3320', '4890', '0', 'ratione', NULL, '00:18:41', '11-04-2023', NULL, NULL),
(747, 'Carter Hilpert', '1-435-493-4086', 'id', '190', '65', '05:25:37', 16, '3154', 'libero', NULL, '2242', '1856', '0', 'maiores', NULL, '18:27:56', '28-04-2023', NULL, NULL),
(748, 'Miss Katelyn Krajcik PhD', '+1-831-531-0720', 'quasi', '483', '112', '17:45:23', 72, '447', 'architecto', NULL, '4953', '2070', '0', 'optio', NULL, '10:46:56', '30-03-2023', NULL, NULL),
(749, 'Coy McKenzie II', '+1-281-312-7608', 'aut', '332', '55', '16:57:05', 84, '2060', 'nobis', NULL, '1712', '3674', '0', 'rerum', NULL, '06:41:26', '22-04-2023', NULL, NULL),
(750, 'Kay Lemke', '810.804.3413', 'ipsam', '245', '58', '09:13:20', 6, '1049', 'ut', NULL, '2919', '872', '0', 'tempora', NULL, '00:36:11', '22-04-2023', NULL, NULL),
(751, 'Evert Leffler', '+1.785.878.6563', 'ad', '355', '95', '06:10:50', 27, '748', 'eveniet', NULL, '4869', '2276', '0', 'facere', NULL, '16:43:58', '08-04-2023', NULL, NULL),
(752, 'Reva Balistreri', '320.312.4358', 'cumque', '352', '69', '09:02:26', 28, '425', 'occaecati', NULL, '1944', '421', '0', 'sit', NULL, '02:41:25', '25-04-2023', NULL, NULL),
(753, 'Alda Jenkins', '1-928-962-1102', 'quas', '102', '90', '18:19:08', 44, '4785', 'ut', NULL, '2642', '1582', '0', 'quasi', NULL, '03:16:55', '04-04-2023', NULL, NULL),
(754, 'Horacio Hayes', '(520) 900-5793', 'dolores', '113', '17', '07:27:03', 62, '1832', 'ad', NULL, '3022', '3625', '0', 'qui', NULL, '19:28:58', '06-04-2023', NULL, NULL),
(755, 'Kenny Heller IV', '726-223-6731', 'laborum', '123', '111', '14:38:04', 67, '3342', 'occaecati', NULL, '3372', '3396', '0', 'est', NULL, '07:38:36', '12-04-2023', NULL, NULL),
(756, 'Cloyd Dietrich', '1-620-219-9609', 'in', '304', '127', '03:53:12', 4, '2594', 'consequatur', NULL, '3656', '3582', '0', 'cum', NULL, '06:55:17', '13-04-2023', NULL, NULL),
(757, 'Prof. Ludie Rau', '(561) 661-6597', 'alias', '375', '85', '07:40:41', 64, '1842', 'magni', NULL, '549', '3270', '0', 'sunt', NULL, '01:27:36', '27-04-2023', NULL, NULL),
(758, 'Kaylah Goyette', '+1-479-315-8241', 'praesentium', '193', '91', '22:26:43', 95, '2392', 'quia', NULL, '4575', '4453', '0', 'quos', NULL, '11:48:45', '22-04-2023', NULL, NULL),
(759, 'Donna Littel', '+16783269385', 'non', '148', '16', '11:52:11', 5, '2859', 'id', NULL, '2988', '487', '0', 'quos', NULL, '20:04:35', '11-04-2023', NULL, NULL),
(760, 'Aaliyah Murray', '(402) 457-0380', 'officiis', '479', '87', '04:07:08', 66, '3550', 'sit', NULL, '4484', '560', '0', 'odit', NULL, '10:04:05', '24-04-2023', NULL, NULL),
(761, 'Mrs. Althea Effertz DDS', '754.440.3832', 'accusamus', '448', '136', '05:40:29', 77, '73', 'saepe', NULL, '2641', '698', '0', 'tenetur', NULL, '19:11:13', '24-04-2023', NULL, NULL),
(762, 'Adriel Kihn PhD', '1-830-915-1233', 'recusandae', '110', '147', '06:44:01', 5, '3160', 'et', NULL, '3241', '1035', '0', 'cupiditate', NULL, '20:58:30', '21-04-2023', NULL, NULL),
(763, 'Dr. Reynold Bernhard', '+1-213-624-7569', 'ut', '399', '54', '11:05:05', 3, '644', 'temporibus', NULL, '3927', '4888', '0', 'nihil', NULL, '20:12:53', '10-04-2023', NULL, NULL),
(764, 'Lenna Mitchell', '1-414-492-0793', 'in', '329', '69', '12:28:55', 16, '3788', 'suscipit', NULL, '689', '3129', '0', 'omnis', NULL, '22:44:50', '26-04-2023', NULL, NULL),
(765, 'Preston Krajcik', '+1.361.203.6763', 'magnam', '395', '43', '09:43:55', 57, '4917', 'earum', NULL, '4632', '938', '0', 'odit', NULL, '08:07:08', '10-04-2023', NULL, NULL),
(766, 'Miss Herminia Bartoletti DDS', '+1-339-612-0764', 'possimus', '270', '72', '16:43:26', 1, '1845', 'dicta', NULL, '3871', '1130', '0', 'quia', NULL, '19:58:36', '30-03-2023', NULL, NULL),
(767, 'Caleigh Grant', '1-801-654-3330', 'quo', '245', '51', '12:32:37', 80, '3135', 'et', NULL, '1959', '2742', '0', 'laudantium', NULL, '09:13:06', '20-04-2023', NULL, NULL),
(768, 'Terrance Mills DDS', '(520) 869-9328', 'modi', '500', '37', '19:37:39', 23, '2258', 'magni', NULL, '4549', '4062', '0', 'repellat', NULL, '17:37:20', '30-03-2023', NULL, NULL),
(769, 'Gunner Crona PhD', '+1-469-773-0148', 'dolorem', '355', '130', '13:05:19', 13, '3128', 'soluta', NULL, '3961', '3219', '0', 'commodi', NULL, '02:51:14', '18-04-2023', NULL, NULL),
(770, 'Gertrude Sipes', '1-410-388-5794', 'porro', '131', '94', '00:22:43', 58, '2768', 'quia', NULL, '3540', '484', '0', 'accusantium', NULL, '02:13:33', '23-04-2023', NULL, NULL),
(771, 'Mrs. Vada Lemke', '+1.458.713.3627', 'non', '400', '62', '10:38:02', 39, '3522', 'perferendis', NULL, '2259', '2500', '0', 'consequuntur', NULL, '16:17:04', '20-04-2023', NULL, NULL),
(772, 'Dr. Matteo Friesen II', '+1 (434) 841-9317', 'doloribus', '104', '102', '22:06:18', 46, '1542', 'rerum', NULL, '650', '336', '0', 'omnis', NULL, '18:20:31', '01-04-2023', NULL, NULL),
(773, 'Annabelle Schulist PhD', '+1.680.746.5223', 'eum', '483', '5', '16:24:30', 98, '2390', 'assumenda', NULL, '4318', '3536', '0', 'ea', NULL, '16:05:32', '22-04-2023', NULL, NULL),
(774, 'Mr. Santa Ziemann', '(754) 523-6191', 'nulla', '343', '92', '15:12:50', 13, '1402', 'molestias', NULL, '4863', '209', '0', 'accusantium', NULL, '15:09:51', '23-04-2023', NULL, NULL),
(775, 'Prof. Abel Stehr', '+1-512-800-1997', 'reprehenderit', '115', '91', '11:20:46', 61, '4868', 'rerum', NULL, '2897', '3261', '0', 'amet', NULL, '14:24:53', '04-04-2023', NULL, NULL),
(776, 'Sabrina DuBuque', '+1.475.423.4885', 'rem', '293', '95', '20:19:13', 54, '3167', 'atque', NULL, '874', '3959', '0', 'laudantium', NULL, '17:11:46', '17-04-2023', NULL, NULL),
(777, 'Ms. Jacynthe Hammes V', '+1-936-707-3971', 'rerum', '362', '106', '01:01:40', 21, '594', 'id', NULL, '848', '607', '0', 'veniam', NULL, '21:03:18', '02-04-2023', NULL, NULL),
(778, 'Sydnee Bosco DVM', '404-724-2678', 'eum', '316', '99', '06:01:11', 78, '3229', 'autem', NULL, '3933', '2835', '0', 'id', NULL, '19:53:49', '11-04-2023', NULL, NULL),
(779, 'Margaret Fisher', '424.984.1974', 'dolorum', '134', '28', '18:14:50', 67, '2642', 'illum', NULL, '3170', '3481', '0', 'sit', NULL, '14:32:51', '22-04-2023', NULL, NULL),
(780, 'Abe Bruen', '(854) 230-7870', 'et', '425', '125', '12:56:50', 61, '3509', 'cupiditate', NULL, '3288', '1616', '0', 'ea', NULL, '05:30:55', '28-04-2023', NULL, NULL),
(781, 'Mrs. Onie Dietrich IV', '(580) 985-5210', 'est', '210', '56', '19:55:15', 78, '3947', 'exercitationem', NULL, '2312', '2044', '0', 'unde', NULL, '17:26:07', '30-03-2023', NULL, NULL),
(782, 'Jaylon Ferry', '810.729.2151', 'labore', '158', '88', '01:06:29', 85, '522', 'tenetur', NULL, '3159', '4086', '0', 'voluptas', NULL, '08:30:51', '29-04-2023', NULL, NULL),
(783, 'Alicia Cassin II', '651.754.9101', 'molestiae', '342', '115', '13:04:10', 70, '4060', 'nam', NULL, '3192', '1822', '0', 'ut', NULL, '14:47:38', '21-04-2023', NULL, NULL),
(784, 'Alexandre Lehner', '1-719-316-8923', 'aut', '434', '147', '02:48:02', 45, '283', 'voluptatibus', NULL, '4819', '3839', '0', 'enim', NULL, '20:33:56', '02-04-2023', NULL, NULL),
(785, 'Makenzie Adams PhD', '+13105680204', 'autem', '376', '128', '23:28:46', 16, '2804', 'nam', NULL, '4804', '4175', '0', 'ab', NULL, '16:47:18', '12-04-2023', NULL, NULL),
(786, 'Miss Summer Nader III', '(478) 232-3604', 'et', '269', '20', '05:12:25', 34, '3654', 'eaque', NULL, '2882', '1198', '0', 'qui', NULL, '21:42:29', '15-04-2023', NULL, NULL),
(787, 'Kane Lehner', '203.952.1761', 'architecto', '169', '150', '22:00:08', 40, '4568', 'incidunt', NULL, '3507', '4716', '0', 'voluptas', NULL, '13:23:54', '16-04-2023', NULL, NULL),
(788, 'Leanna Mueller', '1-910-349-7856', 'magni', '136', '32', '14:42:40', 35, '2070', 'aut', NULL, '4672', '186', '0', 'ut', NULL, '13:38:07', '03-04-2023', NULL, NULL),
(789, 'Magali Yost', '678.718.8181', 'odio', '430', '25', '07:12:35', 77, '1478', 'et', NULL, '1862', '399', '0', 'occaecati', NULL, '12:10:53', '31-03-2023', NULL, NULL),
(790, 'Dasia Block', '+12484416820', 'odio', '269', '147', '21:36:24', 54, '2988', 'nemo', NULL, '2146', '4427', '0', 'officia', NULL, '16:55:39', '03-04-2023', NULL, NULL),
(791, 'Edgardo Shields', '1-936-363-4410', 'voluptas', '255', '43', '11:38:45', 28, '3115', 'nostrum', NULL, '2438', '4955', '0', 'blanditiis', NULL, '16:33:59', '05-04-2023', NULL, NULL),
(792, 'Mrs. Avis Ledner', '+1-678-490-6450', 'harum', '198', '48', '21:26:37', 47, '231', 'labore', NULL, '3147', '1193', '0', 'in', NULL, '02:23:33', '10-04-2023', NULL, NULL),
(793, 'Russ Mante', '+19417957825', 'ut', '172', '70', '05:29:15', 63, '1858', 'rerum', NULL, '1154', '2383', '0', 'eum', NULL, '15:07:21', '05-04-2023', NULL, NULL),
(794, 'Carol Johnson', '(870) 476-4832', 'aliquam', '469', '123', '23:30:03', 35, '2094', 'aliquid', NULL, '1621', '2900', '0', 'est', NULL, '16:59:00', '14-04-2023', NULL, NULL),
(795, 'Dr. Delmer Kozey', '410.333.7212', 'quasi', '413', '138', '07:58:04', 76, '388', 'suscipit', NULL, '3133', '4080', '0', 'nihil', NULL, '03:35:34', '17-04-2023', NULL, NULL),
(796, 'Cordia Gerhold', '(435) 761-1775', 'sit', '154', '113', '04:16:16', 31, '997', 'voluptas', NULL, '4840', '1529', '0', 'earum', NULL, '21:40:16', '26-04-2023', NULL, NULL),
(797, 'Mack Beahan', '234.751.6902', 'ipsa', '420', '140', '00:18:38', 38, '3543', 'facere', NULL, '4712', '3672', '0', 'sunt', NULL, '21:42:48', '29-04-2023', NULL, NULL),
(798, 'Ms. Karolann DuBuque', '559-760-1770', 'fugiat', '220', '51', '15:56:59', 83, '4589', 'quia', NULL, '580', '1455', '0', 'ducimus', NULL, '21:27:39', '11-04-2023', NULL, NULL),
(799, 'Amie Osinski', '520.797.3265', 'vitae', '240', '52', '01:14:28', 6, '3683', 'sed', NULL, '4129', '4860', '0', 'quia', NULL, '22:57:20', '29-04-2023', NULL, NULL),
(800, 'Green Bins', '1-703-389-0531', 'voluptas', '491', '59', '08:07:49', 15, '367', 'cupiditate', NULL, '1299', '2437', '0', 'corrupti', NULL, '23:08:47', '21-04-2023', NULL, NULL),
(801, 'Prof. Arvilla Kulas III', '+1 (657) 327-2178', 'qui', '495', '136', '05:43:54', 53, '1731', 'commodi', NULL, '1036', '2816', '0', 'qui', NULL, '19:22:23', '25-04-2023', NULL, NULL),
(802, 'Assunta Prosacco', '1-480-408-5366', 'fugiat', '376', '11', '22:32:10', 50, '1585', 'veniam', NULL, '3241', '1099', '0', 'molestiae', NULL, '08:06:15', '10-04-2023', NULL, NULL),
(803, 'Libby Jenkins', '(530) 784-2541', 'dolores', '376', '13', '19:15:08', 24, '4391', 'dolorum', NULL, '3610', '3434', '0', 'tempore', NULL, '03:12:41', '01-04-2023', NULL, NULL),
(804, 'Ara Kris V', '747.447.4219', 'in', '189', '86', '14:04:29', 17, '3397', 'et', NULL, '3617', '2904', '0', 'impedit', NULL, '18:26:51', '10-04-2023', NULL, NULL),
(805, 'Valentin McCullough', '606-235-6439', 'id', '380', '8', '19:45:51', 86, '4183', 'voluptatem', NULL, '587', '4252', '0', 'veniam', NULL, '10:59:24', '28-04-2023', NULL, NULL),
(806, 'Mrs. Ova Kub PhD', '(740) 772-9795', 'ipsam', '161', '56', '23:36:08', 35, '3247', 'optio', NULL, '645', '2388', '0', 'nihil', NULL, '03:12:57', '27-04-2023', NULL, NULL),
(807, 'Keegan Graham', '956.269.2023', 'modi', '304', '132', '09:58:12', 47, '4282', 'expedita', NULL, '2503', '4006', '0', 'magni', NULL, '23:09:17', '30-03-2023', NULL, NULL),
(808, 'Prof. Lowell O\'Kon', '516.664.0938', 'similique', '436', '143', '08:50:16', 24, '672', 'doloremque', NULL, '3351', '3506', '0', 'aperiam', NULL, '03:39:42', '11-04-2023', NULL, NULL),
(809, 'Ms. Bethel Ward', '+1-936-364-3914', 'eveniet', '134', '50', '02:47:45', 1, '4601', 'ducimus', NULL, '4651', '1447', '0', 'et', NULL, '12:40:26', '13-04-2023', NULL, NULL),
(810, 'Dr. Gus Harber', '843.756.5427', 'quia', '469', '73', '00:39:08', 28, '3011', 'esse', NULL, '3668', '1627', '0', 'quo', NULL, '20:38:49', '13-04-2023', NULL, NULL),
(811, 'Josie Bogan PhD', '+1.610.632.9867', 'dolore', '485', '139', '17:29:28', 98, '676', 'reprehenderit', NULL, '3253', '4331', '0', 'voluptate', NULL, '21:18:14', '30-03-2023', NULL, NULL),
(812, 'Dr. Melvin Jast Sr.', '724.395.4474', 'animi', '207', '59', '23:39:28', 58, '2029', 'consequatur', NULL, '4753', '2275', '0', 'iste', NULL, '13:47:34', '13-04-2023', NULL, NULL),
(813, 'Roger Gusikowski', '831-305-2151', 'reprehenderit', '271', '79', '18:58:07', 63, '3883', 'id', NULL, '4856', '2538', '0', 'voluptatem', NULL, '06:13:03', '27-04-2023', NULL, NULL),
(814, 'Halle Hudson IV', '979.502.8855', 'delectus', '499', '20', '21:20:41', 37, '3227', 'a', NULL, '750', '3154', '0', 'qui', NULL, '19:49:03', '26-04-2023', NULL, NULL),
(815, 'Norberto Ledner', '904-717-2924', 'soluta', '451', '48', '14:51:21', 49, '1268', 'sit', NULL, '2384', '4783', '0', 'similique', NULL, '13:51:43', '05-04-2023', NULL, NULL),
(816, 'Christelle Hessel', '813-439-1240', 'ratione', '380', '140', '02:01:17', 90, '53', 'quo', NULL, '4969', '1287', '0', 'molestias', NULL, '02:47:16', '16-04-2023', NULL, NULL),
(817, 'Eliezer Berge', '+1.716.941.4756', 'sit', '259', '4', '19:09:35', 47, '1477', 'sed', NULL, '2595', '1404', '0', 'sint', NULL, '05:22:02', '10-04-2023', NULL, NULL),
(818, 'Gideon Howe', '754-730-7382', 'eveniet', '433', '137', '21:17:26', 44, '2039', 'sunt', NULL, '4318', '1580', '0', 'esse', NULL, '23:42:55', '04-04-2023', NULL, NULL),
(819, 'Kacie Pfeffer', '650.449.2910', 'et', '350', '109', '07:39:35', 50, '3010', 'aperiam', NULL, '3499', '2826', '0', 'velit', NULL, '06:38:59', '27-04-2023', NULL, NULL),
(820, 'Prof. Chelsea Nicolas', '+1 (660) 713-1474', 'id', '182', '15', '22:11:00', 43, '743', 'fugit', NULL, '2962', '1157', '0', 'quasi', NULL, '01:06:19', '31-03-2023', NULL, NULL),
(821, 'Mr. Barrett Braun Sr.', '+1-828-631-1451', 'nobis', '211', '55', '22:43:12', 44, '1168', 'in', NULL, '2630', '3663', '0', 'id', NULL, '23:28:35', '16-04-2023', NULL, NULL),
(822, 'Lauren Mayert', '682.595.1919', 'nostrum', '447', '54', '03:42:49', 84, '2840', 'dolores', NULL, '1914', '3936', '0', 'ullam', NULL, '23:29:27', '30-03-2023', NULL, NULL),
(823, 'Madie Gutmann', '+1-863-749-0571', 'voluptatem', '443', '139', '06:57:02', 31, '104', 'iste', NULL, '4485', '4450', '0', 'reprehenderit', NULL, '00:06:10', '24-04-2023', NULL, NULL),
(824, 'Dr. Ernestine Stroman', '+1 (574) 413-7364', 'et', '169', '35', '13:00:02', 98, '2776', 'nemo', NULL, '3573', '4293', '0', 'nam', NULL, '06:57:51', '16-04-2023', NULL, NULL),
(825, 'Prof. Stella Yost', '+1 (843) 801-7124', 'qui', '117', '107', '20:50:56', 48, '3481', 'illo', NULL, '4351', '299', '0', 'placeat', NULL, '22:15:52', '18-04-2023', NULL, NULL),
(826, 'Amelie Schaefer', '(239) 690-3712', 'illo', '476', '34', '22:34:23', 56, '386', 'voluptate', NULL, '1093', '4773', '0', 'consequatur', NULL, '06:24:22', '03-04-2023', NULL, NULL),
(827, 'Rose Deckow', '618-913-2050', 'adipisci', '490', '68', '01:53:52', 45, '3977', 'sed', NULL, '4743', '2138', '0', 'voluptas', NULL, '18:08:37', '10-04-2023', NULL, NULL),
(828, 'Everett Nienow', '+1 (512) 486-9700', 'doloribus', '414', '20', '16:31:31', 7, '4838', 'ut', NULL, '4898', '1457', '0', 'possimus', NULL, '21:39:13', '01-04-2023', NULL, NULL),
(829, 'Heather Haley', '+1-336-779-7023', 'nisi', '108', '70', '03:59:35', 76, '2767', 'quae', NULL, '834', '4628', '0', 'quod', NULL, '05:23:26', '28-04-2023', NULL, NULL);
INSERT INTO `customer` (`id`, `fullname`, `phone`, `location`, `coordinate`, `distance`, `time_taken`, `relation_id`, `customer_token`, `invoice_id`, `url`, `amount`, `total_amount`, `night_charges`, `payment_mode`, `razorpay_payment_id`, `booking_time`, `booking_date`, `created_at`, `updated_at`) VALUES
(830, 'Ben Christiansen', '+13208251434', 'nihil', '230', '103', '17:03:14', 56, '955', 'quo', NULL, '4566', '2998', '0', 'animi', NULL, '11:09:55', '15-04-2023', NULL, NULL),
(831, 'Horace Wuckert', '(614) 377-5244', 'alias', '163', '132', '12:36:19', 87, '4581', 'ratione', NULL, '4671', '4097', '0', 'iste', NULL, '14:50:45', '15-04-2023', NULL, NULL),
(832, 'Mr. Zion Boyle Jr.', '480.970.5112', 'omnis', '363', '59', '22:09:53', 9, '3863', 'vitae', NULL, '1938', '278', '0', 'et', NULL, '00:25:29', '26-04-2023', NULL, NULL),
(833, 'Mr. Braeden Casper', '(574) 791-4596', 'cum', '260', '55', '15:07:56', 51, '3899', 'modi', NULL, '3930', '4335', '0', 'ea', NULL, '08:55:07', '15-04-2023', NULL, NULL),
(834, 'Mr. Urban Kihn Jr.', '+1 (434) 806-6853', 'omnis', '440', '71', '16:54:33', 50, '421', 'dolorem', NULL, '971', '4836', '0', 'distinctio', NULL, '21:34:28', '25-04-2023', NULL, NULL),
(835, 'Otilia Hauck', '+15408260579', 'nisi', '207', '84', '04:17:37', 92, '4518', 'delectus', NULL, '2063', '2315', '0', 'sit', NULL, '18:17:58', '27-04-2023', NULL, NULL),
(836, 'Holden Murphy', '(951) 879-2496', 'odit', '323', '77', '06:11:44', 28, '567', 'consequatur', NULL, '2858', '4855', '0', 'dolores', NULL, '14:43:36', '28-04-2023', NULL, NULL),
(837, 'Estevan Corwin MD', '+1 (754) 747-4344', 'perspiciatis', '251', '63', '16:54:53', 36, '3014', 'at', NULL, '4408', '1434', '0', 'ducimus', NULL, '07:57:57', '31-03-2023', NULL, NULL),
(838, 'Jess Kozey', '919.379.9880', 'totam', '426', '148', '06:40:28', 88, '4479', 'vel', NULL, '4315', '3016', '0', 'impedit', NULL, '06:17:50', '19-04-2023', NULL, NULL),
(839, 'Archibald Wyman', '+1 (985) 359-7106', 'reprehenderit', '457', '30', '13:16:05', 11, '3733', 'ut', NULL, '668', '3385', '0', 'nisi', NULL, '03:20:53', '22-04-2023', NULL, NULL),
(840, 'Dr. Carmel Hackett II', '(507) 483-9715', 'officiis', '341', '137', '17:14:01', 99, '2463', 'velit', NULL, '3827', '3623', '0', 'mollitia', NULL, '16:54:49', '21-04-2023', NULL, NULL),
(841, 'Crawford West', '662.873.3680', 'id', '176', '99', '04:22:03', 71, '1561', 'aperiam', NULL, '3449', '835', '0', 'asperiores', NULL, '13:21:01', '09-04-2023', NULL, NULL),
(842, 'Izabella Kulas DDS', '1-972-298-6315', 'inventore', '495', '70', '03:09:35', 24, '3441', 'quidem', NULL, '621', '1173', '0', 'et', NULL, '04:28:49', '02-04-2023', NULL, NULL),
(843, 'Osvaldo Rosenbaum III', '681.713.8049', 'saepe', '295', '138', '07:45:21', 81, '1864', 'explicabo', NULL, '2933', '1920', '0', 'quam', NULL, '04:43:11', '26-04-2023', NULL, NULL),
(844, 'Prof. Aiyana Hegmann DDS', '+1-347-394-5626', 'eum', '221', '8', '15:52:56', 87, '1615', 'voluptatem', NULL, '2111', '2253', '0', 'eveniet', NULL, '09:52:47', '16-04-2023', NULL, NULL),
(845, 'Kelton Schoen', '307-557-0050', 'ut', '145', '133', '10:17:07', 67, '1208', 'non', NULL, '557', '4300', '0', 'non', NULL, '00:03:00', '02-04-2023', NULL, NULL),
(846, 'Casper Gleason Jr.', '559.374.3485', 'omnis', '132', '93', '04:53:04', 10, '1057', 'nostrum', NULL, '2194', '4019', '0', 'dolorem', NULL, '22:49:07', '16-04-2023', NULL, NULL),
(847, 'Queenie Torp', '+1.442.482.1167', 'ipsam', '121', '24', '02:23:16', 52, '3761', 'quaerat', NULL, '3902', '4032', '0', 'expedita', NULL, '21:58:09', '09-04-2023', NULL, NULL),
(848, 'Rosella Little', '+14105894157', 'hic', '211', '120', '03:08:48', 38, '961', 'ea', NULL, '3403', '240', '0', 'nihil', NULL, '15:54:09', '05-04-2023', NULL, NULL),
(849, 'Shea Schultz', '+1-986-214-3976', 'minus', '260', '133', '10:45:32', 9, '3906', 'consectetur', NULL, '888', '3508', '0', 'facilis', NULL, '07:06:39', '01-04-2023', NULL, NULL),
(850, 'Mrs. Mariah Johnston Sr.', '470-729-4473', 'facere', '247', '31', '15:26:21', 15, '1207', 'necessitatibus', NULL, '3832', '4822', '0', 'omnis', NULL, '13:38:56', '25-04-2023', NULL, NULL),
(851, 'Letitia Schultz', '+1.563.920.1937', 'aut', '455', '79', '22:57:45', 89, '3121', 'a', NULL, '1660', '787', '0', 'aut', NULL, '01:50:26', '02-04-2023', NULL, NULL),
(852, 'Elva Beer', '+1-725-522-6011', 'quaerat', '278', '79', '18:24:43', 65, '169', 'sed', NULL, '3462', '4004', '0', 'impedit', NULL, '09:58:33', '03-04-2023', NULL, NULL),
(853, 'Prof. Darwin Bode II', '1-838-474-7439', 'delectus', '307', '146', '08:05:56', 72, '2532', 'quod', NULL, '1028', '1329', '0', 'totam', NULL, '00:05:19', '14-04-2023', NULL, NULL),
(854, 'Claudia Douglas', '1-845-769-1376', 'at', '292', '92', '18:49:40', 81, '4067', 'delectus', NULL, '4901', '2815', '0', 'eum', NULL, '11:13:01', '05-04-2023', NULL, NULL),
(855, 'Dr. Halie Gulgowski', '240.283.1510', 'iusto', '428', '90', '00:57:52', 64, '3604', 'qui', NULL, '2473', '159', '0', 'eos', NULL, '04:56:20', '30-03-2023', NULL, NULL),
(856, 'Dr. Miller Schamberger III', '+1 (678) 810-0752', 'quia', '219', '5', '04:23:39', 17, '1174', 'inventore', NULL, '3872', '1658', '0', 'deserunt', NULL, '14:06:08', '16-04-2023', NULL, NULL),
(857, 'Enid Pagac', '612-263-1752', 'est', '164', '78', '19:40:35', 3, '1221', 'placeat', NULL, '4958', '4521', '0', 'dolore', NULL, '07:15:06', '16-04-2023', NULL, NULL),
(858, 'Katharina Nikolaus', '+19809606535', 'voluptate', '173', '68', '03:56:47', 81, '542', 'unde', NULL, '1940', '3572', '0', 'eum', NULL, '14:02:15', '06-04-2023', NULL, NULL),
(859, 'Pamela Kshlerin', '+15627690049', 'similique', '149', '126', '07:53:43', 77, '3015', 'ullam', NULL, '587', '1320', '0', 'corporis', NULL, '02:25:49', '08-04-2023', NULL, NULL),
(860, 'Miss Name Barrows DVM', '+1 (551) 683-0575', 'impedit', '159', '75', '17:26:00', 68, '2726', 'et', NULL, '3491', '4811', '0', 'incidunt', NULL, '20:03:05', '15-04-2023', NULL, NULL),
(861, 'Yoshiko Donnelly III', '+1.251.946.9807', 'voluptas', '385', '27', '06:01:03', 66, '4400', 'qui', NULL, '3588', '4406', '0', 'omnis', NULL, '09:20:38', '25-04-2023', NULL, NULL),
(862, 'Dr. Nyah Weissnat', '541.738.2234', 'repellat', '134', '143', '14:43:09', 62, '3868', 'sed', NULL, '3634', '673', '0', 'dolorem', NULL, '12:14:30', '13-04-2023', NULL, NULL),
(863, 'Lessie Tremblay', '864.496.9504', 'corporis', '299', '92', '01:07:12', 85, '3363', 'dolor', NULL, '591', '4103', '0', 'id', NULL, '10:59:39', '19-04-2023', NULL, NULL),
(864, 'Dr. Gabe Frami PhD', '+1 (726) 930-5307', 'quas', '195', '68', '05:19:55', 48, '2357', 'non', NULL, '4133', '4925', '0', 'et', NULL, '21:01:21', '14-04-2023', NULL, NULL),
(865, 'Joanny Willms MD', '+13527788841', 'dolorem', '245', '90', '07:11:38', 94, '4613', 'nihil', NULL, '2560', '2394', '0', 'sit', NULL, '15:13:37', '20-04-2023', NULL, NULL),
(866, 'Henry Watsica I', '+1-984-666-2378', 'tenetur', '103', '95', '10:58:51', 29, '275', 'incidunt', NULL, '2159', '3470', '0', 'dolorem', NULL, '18:51:18', '27-04-2023', NULL, NULL),
(867, 'Cleve Jaskolski', '+1-754-955-0904', 'beatae', '399', '90', '18:46:53', 37, '414', 'hic', NULL, '3288', '1483', '0', 'sit', NULL, '14:13:01', '04-04-2023', NULL, NULL),
(868, 'Ms. Yasmine Ankunding PhD', '509.273.5268', 'aut', '171', '33', '00:41:21', 39, '4631', 'eum', NULL, '4710', '929', '0', 'nostrum', NULL, '18:53:32', '31-03-2023', NULL, NULL),
(869, 'Ruby Nitzsche', '1-260-975-0128', 'velit', '419', '28', '01:03:33', 15, '2910', 'ipsam', NULL, '3798', '2189', '0', 'et', NULL, '12:27:06', '16-04-2023', NULL, NULL),
(870, 'Agustina Leffler Sr.', '430.453.4950', 'placeat', '153', '49', '13:08:26', 46, '1485', 'facere', NULL, '3224', '4704', '0', 'nihil', NULL, '13:48:06', '18-04-2023', NULL, NULL),
(871, 'Gideon Kirlin', '(510) 418-5577', 'quisquam', '292', '101', '08:08:28', 84, '4814', 'id', NULL, '4579', '1257', '0', 'maiores', NULL, '00:26:34', '31-03-2023', NULL, NULL),
(872, 'Miss Jodie Schinner', '209-676-7923', 'beatae', '284', '16', '07:37:56', 44, '3195', 'quo', NULL, '2237', '2187', '0', 'eum', NULL, '01:26:24', '01-04-2023', NULL, NULL),
(873, 'Ambrose Thiel', '470-535-8008', 'ut', '141', '128', '13:13:25', 4, '1175', 'perspiciatis', NULL, '4077', '3793', '0', 'dolores', NULL, '17:16:27', '16-04-2023', NULL, NULL),
(874, 'Gilda Wolf', '1-469-203-9460', 'aut', '375', '9', '11:37:22', 59, '2706', 'excepturi', NULL, '3955', '1575', '0', 'eligendi', NULL, '19:39:20', '17-04-2023', NULL, NULL),
(875, 'Zane Dach', '(831) 546-3471', 'dolorum', '226', '139', '11:53:45', 52, '2302', 'accusantium', NULL, '3931', '2165', '0', 'ex', NULL, '17:32:39', '14-04-2023', NULL, NULL),
(876, 'Mrs. Shirley Langosh IV', '567.534.7876', 'laudantium', '134', '145', '23:31:13', 27, '1468', 'aut', NULL, '3887', '1439', '0', 'velit', NULL, '11:20:41', '22-04-2023', NULL, NULL),
(877, 'Prof. Major Bednar', '828.987.8171', 'esse', '215', '13', '02:58:23', 13, '323', 'aut', NULL, '3370', '691', '0', 'rerum', NULL, '09:58:40', '04-04-2023', NULL, NULL),
(878, 'Joanie Boyer', '(731) 393-4650', 'laboriosam', '423', '135', '16:24:23', 42, '3131', 'numquam', NULL, '1215', '3359', '0', 'ut', NULL, '01:29:35', '04-04-2023', NULL, NULL),
(879, 'Sienna Blick', '+1.651.339.8043', 'ut', '481', '130', '05:18:13', 50, '1764', 'maiores', NULL, '1428', '4576', '0', 'praesentium', NULL, '22:59:38', '22-04-2023', NULL, NULL),
(880, 'Dr. Claude Spinka Sr.', '469.919.1496', 'voluptatem', '198', '100', '14:32:48', 70, '4652', 'consequatur', NULL, '4021', '3901', '0', 'autem', NULL, '04:44:51', '09-04-2023', NULL, NULL),
(881, 'Ms. Delfina Cronin', '1-779-855-0431', 'consectetur', '218', '81', '07:01:33', 86, '4880', 'aut', NULL, '1817', '1616', '0', 'eos', NULL, '04:21:55', '05-04-2023', NULL, NULL),
(882, 'Delphine Nader', '+1.973.328.0341', 'molestiae', '382', '65', '12:31:25', 63, '2509', 'necessitatibus', NULL, '4144', '1465', '0', 'aut', NULL, '11:50:16', '24-04-2023', NULL, NULL),
(883, 'Dr. Merl Zulauf DDS', '+1 (763) 950-2489', 'doloribus', '117', '4', '11:37:08', 27, '1593', 'minus', NULL, '2475', '538', '0', 'recusandae', NULL, '03:11:28', '21-04-2023', NULL, NULL),
(884, 'Chance Hauck', '478.252.9333', 'voluptatum', '157', '145', '14:46:17', 47, '11', 'voluptas', NULL, '711', '454', '0', 'et', NULL, '14:45:09', '06-04-2023', NULL, NULL),
(885, 'Dariana Rutherford', '401.989.0011', 'voluptas', '201', '29', '03:23:22', 10, '1853', 'incidunt', NULL, '2162', '697', '0', 'atque', NULL, '16:33:53', '02-04-2023', NULL, NULL),
(886, 'Miss Lavinia Kuhic MD', '+1-689-721-6149', 'quae', '407', '20', '17:57:02', 36, '4394', 'omnis', NULL, '2275', '804', '0', 'qui', NULL, '16:30:04', '13-04-2023', NULL, NULL),
(887, 'Coby Kling', '+1 (678) 363-0760', 'assumenda', '475', '18', '10:15:30', 60, '1102', 'rerum', NULL, '1191', '1258', '0', 'voluptatibus', NULL, '23:07:51', '02-04-2023', NULL, NULL),
(888, 'Prof. Beryl Schiller III', '629-245-1318', 'reprehenderit', '347', '114', '05:14:58', 17, '1486', 'quasi', NULL, '599', '2195', '0', 'sequi', NULL, '15:54:31', '06-04-2023', NULL, NULL),
(889, 'Wilfredo Denesik IV', '1-747-692-3954', 'sint', '469', '73', '13:34:39', 99, '3040', 'nesciunt', NULL, '4731', '176', '0', 'qui', NULL, '15:33:28', '01-04-2023', NULL, NULL),
(890, 'Royce Reilly V', '1-743-618-6353', 'incidunt', '134', '133', '23:51:43', 73, '696', 'iure', NULL, '3936', '827', '0', 'enim', NULL, '02:08:32', '24-04-2023', NULL, NULL),
(891, 'Bailey Kerluke IV', '1-601-365-2293', 'ut', '397', '119', '05:07:22', 31, '3586', 'quos', NULL, '2687', '749', '0', 'minima', NULL, '11:51:43', '05-04-2023', NULL, NULL),
(892, 'Lourdes Bailey', '516.961.5132', 'aperiam', '309', '144', '06:06:15', 52, '2082', 'incidunt', NULL, '1086', '1646', '0', 'sed', NULL, '08:10:31', '22-04-2023', NULL, NULL),
(893, 'Andre Dach', '+1-985-748-4267', 'qui', '433', '45', '15:17:57', 33, '1160', 'officia', NULL, '606', '317', '0', 'nesciunt', NULL, '12:54:07', '23-04-2023', NULL, NULL),
(894, 'Quentin Purdy', '+17603912491', 'a', '500', '67', '21:06:15', 56, '4172', 'necessitatibus', NULL, '3760', '4898', '0', 'eos', NULL, '11:30:50', '28-04-2023', NULL, NULL),
(895, 'Sandra Hand', '(321) 840-8442', 'nemo', '439', '48', '20:02:08', 72, '2773', 'harum', NULL, '3298', '2559', '0', 'similique', NULL, '10:48:17', '14-04-2023', NULL, NULL),
(896, 'Coy Marks V', '+1-831-818-4755', 'fuga', '495', '61', '20:28:35', 39, '1695', 'dolorem', NULL, '3593', '677', '0', 'voluptate', NULL, '22:16:34', '18-04-2023', NULL, NULL),
(897, 'Sheldon Mraz', '872.635.9217', 'sed', '163', '120', '17:35:47', 80, '464', 'sit', NULL, '4000', '500', '0', 'non', NULL, '09:04:01', '03-04-2023', NULL, NULL),
(898, 'Gwen Larkin', '346-966-8107', 'suscipit', '358', '48', '15:52:24', 20, '878', 'qui', NULL, '1777', '927', '0', 'eveniet', NULL, '16:12:08', '15-04-2023', NULL, NULL),
(899, 'Prof. Brian D\'Amore', '(463) 525-8493', 'cupiditate', '485', '93', '05:39:53', 75, '2456', 'earum', NULL, '4657', '835', '0', 'reprehenderit', NULL, '18:33:06', '03-04-2023', NULL, NULL),
(900, 'Minerva Hyatt', '+13399458543', 'voluptas', '259', '89', '18:46:26', 5, '141', 'eveniet', NULL, '4468', '3999', '0', 'inventore', NULL, '19:33:32', '03-04-2023', NULL, NULL),
(901, 'Wilma Price', '919.205.1274', 'non', '392', '6', '21:38:12', 51, '1905', 'provident', NULL, '1811', '171', '0', 'laboriosam', NULL, '13:39:17', '17-04-2023', NULL, NULL),
(902, 'Mr. Fletcher Becker', '+1-254-225-6262', 'tenetur', '244', '130', '23:35:02', 54, '49', 'voluptate', NULL, '1217', '2849', '0', 'id', NULL, '14:37:55', '18-04-2023', NULL, NULL),
(903, 'Gretchen Daniel', '610-959-0965', 'asperiores', '284', '27', '15:40:21', 89, '1911', 'expedita', NULL, '2239', '1885', '0', 'assumenda', NULL, '21:59:08', '26-04-2023', NULL, NULL),
(904, 'Samara Morar DVM', '(360) 360-5209', 'et', '306', '44', '16:34:03', 78, '113', 'nobis', NULL, '670', '3144', '0', 'itaque', NULL, '03:48:42', '24-04-2023', NULL, NULL),
(905, 'Prof. Adelia Ratke', '917-397-0619', 'sit', '378', '34', '01:16:50', 59, '4088', 'placeat', NULL, '1873', '2453', '0', 'possimus', NULL, '17:21:55', '25-04-2023', NULL, NULL),
(906, 'Petra Lang', '+1 (220) 723-0743', 'at', '269', '135', '18:51:37', 18, '4712', 'ut', NULL, '3163', '3324', '0', 'velit', NULL, '07:10:58', '15-04-2023', NULL, NULL),
(907, 'Easter Balistreri', '(682) 843-3499', 'iste', '110', '39', '04:55:06', 26, '3443', 'voluptatum', NULL, '1093', '3573', '0', 'laboriosam', NULL, '04:43:13', '24-04-2023', NULL, NULL),
(908, 'Orion Price', '+14759468798', 'explicabo', '210', '94', '12:46:38', 2, '4690', 'enim', NULL, '3614', '3503', '0', 'voluptates', NULL, '02:33:16', '18-04-2023', NULL, NULL),
(909, 'Donald Jerde', '+1-360-324-7158', 'eligendi', '230', '114', '11:40:29', 37, '3883', 'nobis', NULL, '3635', '2615', '0', 'dolore', NULL, '18:52:14', '02-04-2023', NULL, NULL),
(910, 'Demarco Bartell', '(440) 861-8116', 'accusamus', '387', '85', '10:47:35', 89, '11', 'aspernatur', NULL, '3575', '4520', '0', 'aperiam', NULL, '16:21:36', '06-04-2023', NULL, NULL),
(911, 'Adolph Huels MD', '1-224-292-0371', 'voluptatum', '288', '88', '14:48:03', 71, '1547', 'eius', NULL, '3367', '360', '0', 'nihil', NULL, '09:39:11', '11-04-2023', NULL, NULL),
(912, 'Marielle Thiel', '+1-930-610-7042', 'veniam', '129', '49', '23:39:30', 39, '338', 'excepturi', NULL, '4387', '1146', '0', 'id', NULL, '06:55:35', '13-04-2023', NULL, NULL),
(913, 'Prof. Mariela Hackett', '+12602652800', 'est', '491', '38', '04:29:34', 40, '2429', 'blanditiis', NULL, '3722', '4980', '0', 'et', NULL, '03:33:56', '10-04-2023', NULL, NULL),
(914, 'Wilmer Fritsch', '510.895.7003', 'eveniet', '190', '39', '18:49:47', 23, '1581', 'qui', NULL, '2134', '4859', '0', 'sit', NULL, '15:48:23', '08-04-2023', NULL, NULL),
(915, 'Mya Fritsch Sr.', '1-516-829-9058', 'rerum', '380', '96', '13:00:53', 71, '1888', 'non', NULL, '1765', '3236', '0', 'ab', NULL, '11:02:08', '21-04-2023', NULL, NULL),
(916, 'Dr. Eunice Abernathy', '+1.508.671.5407', 'consequatur', '225', '46', '09:06:56', 68, '975', 'voluptas', NULL, '1562', '3585', '0', 'soluta', NULL, '10:00:08', '17-04-2023', NULL, NULL),
(917, 'Hipolito Emard', '440-987-1784', 'voluptate', '406', '16', '01:18:15', 31, '4189', 'aut', NULL, '4886', '113', '0', 'earum', NULL, '10:28:30', '10-04-2023', NULL, NULL),
(918, 'Dr. Lane Cartwright', '(478) 823-0862', 'quasi', '136', '2', '16:44:50', 4, '4436', 'sapiente', NULL, '2998', '4175', '0', 'alias', NULL, '04:20:11', '02-04-2023', NULL, NULL),
(919, 'Clark Armstrong', '435.905.5380', 'cumque', '372', '110', '06:10:07', 13, '1412', 'voluptate', NULL, '505', '677', '0', 'cupiditate', NULL, '05:56:54', '23-04-2023', NULL, NULL),
(920, 'Brenden Satterfield', '641-553-2261', 'veritatis', '200', '32', '15:35:57', 98, '2275', 'ex', NULL, '3346', '1525', '0', 'labore', NULL, '21:22:24', '27-04-2023', NULL, NULL),
(921, 'Modesta Hessel', '725-477-2645', 'aut', '110', '44', '14:48:28', 46, '3483', 'itaque', NULL, '3939', '4519', '0', 'enim', NULL, '20:13:48', '18-04-2023', NULL, NULL),
(922, 'Colleen Marquardt', '+17738036703', 'in', '401', '16', '12:21:24', 48, '3067', 'aut', NULL, '781', '4650', '0', 'provident', NULL, '04:09:15', '14-04-2023', NULL, NULL),
(923, 'Mavis Hermiston IV', '+1-435-971-7939', 'nihil', '120', '33', '05:19:31', 62, '3577', 'voluptatem', NULL, '4135', '143', '0', 'sapiente', NULL, '08:09:34', '19-04-2023', NULL, NULL),
(924, 'Esmeralda Jakubowski', '678-534-4480', 'fugiat', '373', '84', '04:25:25', 17, '1556', 'facere', NULL, '2766', '1097', '0', 'dolorem', NULL, '18:26:37', '26-04-2023', NULL, NULL),
(925, 'Perry Wilkinson', '1-475-802-5849', 'reiciendis', '267', '127', '10:20:46', 28, '329', 'sunt', NULL, '2188', '1801', '0', 'ratione', NULL, '01:29:18', '24-04-2023', NULL, NULL),
(926, 'Ali Schmitt', '734-520-7562', 'delectus', '126', '59', '12:21:49', 11, '3289', 'placeat', NULL, '929', '272', '0', 'voluptatem', NULL, '19:28:22', '07-04-2023', NULL, NULL),
(927, 'Magdalena Rosenbaum', '225-376-8168', 'reprehenderit', '297', '47', '16:54:26', 23, '1758', 'illo', NULL, '2876', '3880', '0', 'omnis', NULL, '22:36:28', '16-04-2023', NULL, NULL),
(928, 'Shawn Crooks I', '508-409-7648', 'vel', '375', '69', '18:51:50', 63, '1470', 'perferendis', NULL, '812', '3977', '0', 'omnis', NULL, '10:26:40', '16-04-2023', NULL, NULL),
(929, 'Tillman Dare', '+1 (805) 436-6504', 'magni', '145', '100', '01:30:17', 70, '3154', 'optio', NULL, '4908', '1874', '0', 'numquam', NULL, '03:28:33', '02-04-2023', NULL, NULL),
(930, 'Evelyn Anderson', '+1-680-357-6325', 'reiciendis', '438', '7', '16:08:48', 18, '2277', 'quas', NULL, '1666', '3263', '0', 'inventore', NULL, '02:39:32', '30-03-2023', NULL, NULL),
(931, 'Laila Shields', '+1.678.467.3280', 'facere', '303', '121', '00:16:31', 65, '4869', 'illum', NULL, '3661', '2005', '0', 'id', NULL, '01:05:35', '14-04-2023', NULL, NULL),
(932, 'Prof. Roma Swift Sr.', '1-478-236-6652', 'repudiandae', '325', '107', '16:41:18', 54, '2904', 'sed', NULL, '4799', '2028', '0', 'harum', NULL, '01:11:00', '21-04-2023', NULL, NULL),
(933, 'Harmony Prosacco DDS', '712-801-6035', 'facere', '499', '101', '01:19:38', 17, '4430', 'aut', NULL, '839', '3641', '0', 'quia', NULL, '06:40:09', '15-04-2023', NULL, NULL),
(934, 'Leonie Barton', '+19065418615', 'omnis', '486', '28', '11:07:50', 14, '120', 'eligendi', NULL, '3158', '856', '0', 'eveniet', NULL, '12:33:41', '26-04-2023', NULL, NULL),
(935, 'Prof. Marlon Harvey', '860.732.1380', 'animi', '393', '0', '09:01:44', 49, '2009', 'totam', NULL, '605', '3624', '0', 'harum', NULL, '20:48:13', '23-04-2023', NULL, NULL),
(936, 'Mortimer Prosacco', '+1 (564) 677-1519', 'enim', '120', '26', '04:31:51', 22, '2880', 'distinctio', NULL, '1941', '3579', '0', 'nulla', NULL, '13:40:31', '03-04-2023', NULL, NULL),
(937, 'Mac Daugherty', '(718) 536-2854', 'sit', '101', '8', '21:09:18', 9, '78', 'est', NULL, '1164', '3052', '0', 'saepe', NULL, '07:33:16', '12-04-2023', NULL, NULL),
(938, 'Eliezer Bosco', '1-267-536-7315', 'tenetur', '403', '134', '15:09:09', 18, '3059', 'molestiae', NULL, '4048', '1144', '0', 'perferendis', NULL, '19:49:27', '07-04-2023', NULL, NULL),
(939, 'Prof. Toby Corwin I', '417-619-9904', 'aspernatur', '330', '149', '23:24:21', 25, '4748', 'exercitationem', NULL, '3669', '1343', '0', 'repudiandae', NULL, '12:05:37', '05-04-2023', NULL, NULL),
(940, 'Prof. Newton Waelchi', '+1 (531) 892-8821', 'architecto', '109', '55', '15:48:56', 3, '2359', 'quia', NULL, '1996', '2223', '0', 'minima', NULL, '06:00:17', '12-04-2023', NULL, NULL),
(941, 'Koby Olson', '+19347599196', 'libero', '103', '1', '19:26:36', 27, '354', 'odio', NULL, '3607', '1726', '0', 'autem', NULL, '15:39:26', '07-04-2023', NULL, NULL),
(942, 'Loyce Roob', '+1-319-341-3648', 'inventore', '485', '107', '23:50:45', 67, '4397', 'fugit', NULL, '2798', '4085', '0', 'consequatur', NULL, '20:57:34', '20-04-2023', NULL, NULL),
(943, 'Prof. Emilio Bernhard Jr.', '1-979-830-8869', 'totam', '236', '119', '06:40:00', 63, '4945', 'eius', NULL, '4712', '443', '0', 'est', NULL, '11:32:24', '24-04-2023', NULL, NULL),
(944, 'Prof. Maximus Williamson', '+1-650-493-6848', 'voluptatibus', '167', '41', '22:10:50', 46, '3983', 'sunt', NULL, '4265', '2137', '0', 'est', NULL, '06:47:31', '03-04-2023', NULL, NULL),
(945, 'Rowan Leannon', '+1-689-820-5439', 'blanditiis', '348', '106', '13:39:18', 69, '598', 'voluptates', NULL, '4318', '3778', '0', 'rerum', NULL, '14:13:26', '27-04-2023', NULL, NULL),
(946, 'Benedict Corkery', '+1-640-333-0019', 'sed', '248', '123', '22:49:00', 45, '3291', 'delectus', NULL, '4597', '3730', '0', 'velit', NULL, '18:31:00', '21-04-2023', NULL, NULL),
(947, 'Ms. Savanah Keebler PhD', '1-803-967-1792', 'blanditiis', '322', '39', '07:09:08', 15, '4892', 'expedita', NULL, '3053', '4510', '0', 'dicta', NULL, '01:31:17', '17-04-2023', NULL, NULL),
(948, 'Mathew Bahringer', '+1.713.576.3059', 'aliquid', '179', '41', '14:22:09', 99, '3728', 'sint', NULL, '3325', '2901', '0', 'dicta', NULL, '04:52:42', '22-04-2023', NULL, NULL),
(949, 'Prof. Brice Kertzmann', '1-380-474-8609', 'itaque', '274', '89', '13:46:41', 53, '3822', 'quod', NULL, '4942', '1811', '0', 'vero', NULL, '03:32:13', '20-04-2023', NULL, NULL),
(950, 'Verdie Funk', '605.765.8629', 'repudiandae', '366', '33', '21:00:57', 99, '4166', 'natus', NULL, '621', '3077', '0', 'eius', NULL, '05:46:23', '27-04-2023', NULL, NULL),
(951, 'Mrs. Blanca Botsford', '1-534-525-1547', 'dolorem', '178', '84', '18:01:01', 43, '4711', 'nihil', NULL, '4440', '4122', '0', 'assumenda', NULL, '20:07:30', '31-03-2023', NULL, NULL),
(952, 'Elwin Padberg', '+1 (361) 535-3303', 'eaque', '412', '52', '10:53:13', 14, '1025', 'nisi', NULL, '3928', '3714', '0', 'eveniet', NULL, '16:36:16', '20-04-2023', NULL, NULL),
(953, 'Rosalind Ziemann IV', '+14053994016', 'et', '416', '45', '21:09:58', 100, '4791', 'dolor', NULL, '4364', '1244', '0', 'ut', NULL, '16:06:03', '13-04-2023', NULL, NULL),
(954, 'Mrs. Euna Schuster I', '660-959-2093', 'incidunt', '234', '48', '07:05:26', 77, '3375', 'est', NULL, '3345', '3175', '0', 'et', NULL, '11:11:05', '24-04-2023', NULL, NULL),
(955, 'Prof. Cletus Zemlak IV', '408.859.7662', 'architecto', '301', '127', '23:47:49', 6, '3380', 'id', NULL, '4437', '3734', '0', 'dolore', NULL, '04:27:49', '01-04-2023', NULL, NULL),
(956, 'Mr. Kenton Kirlin', '+1.915.682.1162', 'est', '167', '4', '14:46:58', 39, '3332', 'et', NULL, '3180', '2622', '0', 'ea', NULL, '01:46:35', '09-04-2023', NULL, NULL),
(957, 'Monique Stamm', '954-837-0523', 'quia', '131', '143', '19:45:15', 93, '768', 'recusandae', NULL, '2379', '1111', '0', 'debitis', NULL, '04:49:04', '06-04-2023', NULL, NULL),
(958, 'Miss Kacie Baumbach III', '+1-641-643-5654', 'consequuntur', '104', '47', '01:12:51', 23, '1689', 'odio', NULL, '2975', '3216', '0', 'officiis', NULL, '12:43:08', '14-04-2023', NULL, NULL),
(959, 'Ms. Amy Cremin MD', '986.302.7831', 'eligendi', '439', '63', '22:42:53', 51, '2831', 'sit', NULL, '684', '1590', '0', 'laborum', NULL, '05:26:04', '31-03-2023', NULL, NULL),
(960, 'Annette Schimmel II', '+1-430-769-3630', 'omnis', '334', '66', '07:28:22', 6, '1366', 'nesciunt', NULL, '4510', '258', '0', 'voluptates', NULL, '02:30:33', '25-04-2023', NULL, NULL),
(961, 'Dave Prosacco', '(848) 374-2081', 'adipisci', '298', '38', '20:16:57', 59, '219', 'debitis', NULL, '1023', '2938', '0', 'dolor', NULL, '01:11:10', '31-03-2023', NULL, NULL),
(962, 'Brandt Schoen', '+1-346-968-1474', 'odio', '413', '97', '14:54:04', 58, '3915', 'totam', NULL, '2381', '2666', '0', 'veritatis', NULL, '16:02:40', '16-04-2023', NULL, NULL),
(963, 'Gardner Stoltenberg', '743.895.3248', 'incidunt', '182', '94', '07:28:48', 75, '2535', 'unde', NULL, '2614', '3819', '0', 'facilis', NULL, '03:59:00', '10-04-2023', NULL, NULL),
(964, 'Mike Langosh', '351-754-8544', 'quia', '306', '89', '22:43:19', 78, '4145', 'ut', NULL, '4059', '940', '0', 'consequatur', NULL, '13:39:26', '14-04-2023', NULL, NULL),
(965, 'Ms. Virginia Gutkowski I', '323-481-5846', 'recusandae', '102', '75', '17:46:34', 24, '680', 'tempore', NULL, '4793', '3467', '0', 'non', NULL, '00:49:10', '12-04-2023', NULL, NULL),
(966, 'Mr. Efren Marks Sr.', '580-838-7207', 'unde', '234', '73', '07:25:15', 3, '846', 'consectetur', NULL, '3241', '3377', '0', 'quasi', NULL, '22:19:58', '11-04-2023', NULL, NULL),
(967, 'Prof. Murray Fisher Sr.', '669-478-3487', 'sit', '485', '40', '17:10:34', 38, '1260', 'laborum', NULL, '3816', '4767', '0', 'harum', NULL, '12:27:43', '08-04-2023', NULL, NULL),
(968, 'Domenic Halvorson', '+1-361-832-5736', 'et', '365', '132', '09:26:53', 76, '3497', 'occaecati', NULL, '2647', '2539', '0', 'quia', NULL, '01:24:04', '30-03-2023', NULL, NULL),
(969, 'Mr. Kelvin Keebler Jr.', '1-828-506-8481', 'aut', '210', '119', '22:39:56', 19, '2230', 'commodi', NULL, '3691', '2061', '0', 'natus', NULL, '00:53:45', '16-04-2023', NULL, NULL),
(970, 'Mohamed Fadel I', '(336) 755-8683', 'et', '185', '31', '16:50:31', 71, '4287', 'quia', NULL, '3768', '3387', '0', 'pariatur', NULL, '14:55:43', '15-04-2023', NULL, NULL),
(971, 'Denis Connelly', '+1 (573) 501-5134', 'maxime', '157', '52', '06:09:56', 74, '2045', 'voluptates', NULL, '2033', '1863', '0', 'recusandae', NULL, '07:50:56', '14-04-2023', NULL, NULL),
(972, 'Wilford VonRueden', '(202) 397-7039', 'cupiditate', '237', '105', '16:06:18', 37, '201', 'dolores', NULL, '1546', '4842', '0', 'et', NULL, '00:50:04', '10-04-2023', NULL, NULL),
(973, 'Dr. Noelia Crona', '+1.956.499.8535', 'id', '316', '72', '04:00:21', 69, '1087', 'nam', NULL, '4968', '1324', '0', 'praesentium', NULL, '23:19:39', '24-04-2023', NULL, NULL),
(974, 'Irma Wiza', '925-442-5813', 'laboriosam', '422', '114', '21:16:17', 80, '3874', 'quod', NULL, '2717', '960', '0', 'voluptatem', NULL, '09:28:01', '14-04-2023', NULL, NULL),
(975, 'Gideon West', '541.990.0228', 'molestiae', '365', '122', '00:57:12', 80, '1967', 'dolore', NULL, '4404', '627', '0', 'modi', NULL, '18:31:03', '23-04-2023', NULL, NULL),
(976, 'Luigi Simonis', '973.315.0347', 'dolorum', '387', '45', '05:36:13', 75, '1798', 'qui', NULL, '1798', '380', '0', 'qui', NULL, '03:27:21', '30-03-2023', NULL, NULL),
(977, 'Brad Runolfsdottir V', '+1-848-345-8200', 'aut', '200', '116', '07:03:56', 59, '471', 'hic', NULL, '3020', '2630', '0', 'quasi', NULL, '07:27:50', '15-04-2023', NULL, NULL),
(978, 'Jefferey Collins V', '+15416631480', 'deserunt', '317', '44', '15:36:06', 100, '1843', 'omnis', NULL, '3149', '1307', '0', 'excepturi', NULL, '01:36:36', '31-03-2023', NULL, NULL),
(979, 'Prof. Tomas Weber', '+1 (847) 930-2881', 'consequatur', '293', '96', '07:54:41', 5, '451', 'qui', NULL, '1679', '2001', '0', 'non', NULL, '18:06:58', '01-04-2023', NULL, NULL),
(980, 'Serenity Wunsch', '(559) 671-2834', 'mollitia', '491', '107', '14:54:44', 10, '663', 'molestiae', NULL, '2327', '1765', '0', 'occaecati', NULL, '19:34:20', '26-04-2023', NULL, NULL),
(981, 'Erika Koepp', '325.480.6429', 'maxime', '490', '124', '05:38:16', 12, '2805', 'illo', NULL, '833', '4887', '0', 'facere', NULL, '04:58:22', '01-04-2023', NULL, NULL),
(982, 'Prof. Deon Johnson II', '+1 (201) 473-0010', 'sequi', '127', '92', '21:31:57', 5, '2076', 'similique', NULL, '4014', '2918', '0', 'a', NULL, '14:32:34', '25-04-2023', NULL, NULL),
(983, 'Jaylon Robel', '+1-320-635-0513', 'iusto', '301', '92', '02:58:09', 84, '4923', 'incidunt', NULL, '4626', '3947', '0', 'repellat', NULL, '06:49:27', '30-03-2023', NULL, NULL),
(984, 'Marlene Lubowitz', '254.704.9360', 'molestiae', '446', '118', '04:49:15', 91, '1706', 'quod', NULL, '1209', '2756', '0', 'quidem', NULL, '07:25:32', '24-04-2023', NULL, NULL),
(985, 'Jaunita Haley', '+1.469.594.7014', 'pariatur', '267', '144', '07:39:34', 4, '1491', 'iste', NULL, '1184', '404', '0', 'ea', NULL, '19:32:46', '21-04-2023', NULL, NULL),
(986, 'Miss Danielle Bode', '507-592-6610', 'ut', '141', '117', '13:43:20', 71, '4204', 'esse', NULL, '1643', '745', '0', 'commodi', NULL, '13:06:17', '20-04-2023', NULL, NULL),
(987, 'Johnnie Kutch', '+1 (458) 327-9828', 'est', '277', '61', '07:33:45', 14, '526', 'suscipit', NULL, '4077', '2792', '0', 'repudiandae', NULL, '19:08:26', '26-04-2023', NULL, NULL),
(988, 'Ms. Shaylee Feeney I', '+1.283.691.1909', 'necessitatibus', '353', '104', '18:22:27', 24, '399', 'qui', NULL, '2152', '1171', '0', 'fuga', NULL, '01:02:12', '29-04-2023', NULL, NULL),
(989, 'Leanne Pfannerstill Sr.', '(205) 242-5618', 'omnis', '205', '135', '18:30:14', 5, '455', 'nam', NULL, '4026', '3853', '0', 'et', NULL, '07:15:34', '17-04-2023', NULL, NULL),
(990, 'Ezequiel Runolfsdottir Sr.', '+1.667.286.3388', 'et', '289', '127', '08:17:13', 68, '2989', 'autem', NULL, '935', '1616', '0', 'voluptatem', NULL, '00:01:41', '08-04-2023', NULL, NULL),
(991, 'Mrs. Ellen Brekke V', '510.642.3354', 'voluptas', '238', '124', '15:56:13', 46, '408', 'harum', NULL, '4840', '1839', '0', 'alias', NULL, '16:10:16', '12-04-2023', NULL, NULL),
(992, 'Prof. Mariano Veum I', '1-346-440-3586', 'libero', '180', '28', '06:20:29', 15, '3637', 'quo', NULL, '1012', '4909', '0', 'et', NULL, '14:33:33', '06-04-2023', NULL, NULL),
(993, 'Paige Kessler', '+1-954-883-9079', 'quia', '462', '20', '02:08:36', 48, '2460', 'itaque', NULL, '2084', '3983', '0', 'ipsam', NULL, '23:37:45', '03-04-2023', NULL, NULL),
(994, 'Katelyn Dicki', '+1-445-216-8409', 'vero', '483', '82', '01:16:46', 25, '4420', 'laboriosam', NULL, '842', '2116', '0', 'recusandae', NULL, '08:02:14', '06-04-2023', NULL, NULL),
(995, 'Faustino Gerhold', '346-483-8261', 'dolores', '183', '135', '09:02:47', 32, '4884', 'consequuntur', NULL, '2803', '1637', '0', 'maxime', NULL, '21:07:34', '04-04-2023', NULL, NULL),
(996, 'Antonio Morissette', '+15092059646', 'nesciunt', '179', '4', '00:09:15', 90, '1313', 'fugiat', NULL, '754', '3632', '0', 'excepturi', NULL, '20:00:42', '28-04-2023', NULL, NULL),
(997, 'Prof. Neoma Cummerata', '(234) 670-6306', 'qui', '228', '129', '06:20:38', 44, '2178', 'voluptas', NULL, '4915', '1502', '0', 'impedit', NULL, '06:42:54', '08-04-2023', NULL, NULL),
(998, 'Lindsey Luettgen', '1-330-736-9007', 'culpa', '146', '83', '14:49:52', 43, '376', 'nihil', NULL, '863', '2041', '0', 'suscipit', NULL, '04:48:22', '25-04-2023', NULL, NULL),
(999, 'Aryanna Haag', '678-337-2109', 'natus', '199', '129', '08:22:30', 22, '2628', 'quos', NULL, '1237', '4039', '0', 'hic', NULL, '13:25:42', '18-04-2023', NULL, NULL),
(1000, 'Hadley Nitzsche', '+1.251.267.4201', 'quod', '178', '33', '21:48:56', 41, '1610', 'facere', NULL, '575', '1375', '0', 'neque', NULL, '02:29:02', '28-04-2023', NULL, NULL);

-- --------------------------------------------------------

--
-- Table structure for table `drivers`
--

CREATE TABLE `drivers` (
  `id` bigint(20) UNSIGNED NOT NULL,
  `firstname` varchar(40) NOT NULL,
  `lastname` varchar(40) NOT NULL,
  `email` varchar(40) DEFAULT NULL,
  `phone` varchar(255) NOT NULL,
  `password` varchar(200) NOT NULL,
  `created_at` timestamp NULL DEFAULT NULL,
  `updated_at` timestamp NULL DEFAULT NULL
) ENGINE=InnoDB DEFAULT CHARSET=utf8mb4 COLLATE=utf8mb4_unicode_ci;

--
-- Dumping data for table `drivers`
--

INSERT INTO `drivers` (`id`, `firstname`, `lastname`, `email`, `phone`, `password`, `created_at`, `updated_at`) VALUES
(1, 'Allison', 'Jones', NULL, '8805778742', '$2y$10$K2TQN70U8hBt/OgQQh/Y3elYF0UJG7VbRyOm0lWFWZWE98xf1Gr5i', NULL, NULL),
(2, 'Elfrieda', 'Kassulke', NULL, '1531141174', '$2y$10$y.Fzr.MLut.t.d/78kPDL.S3K41JmGQ4cDm3D0qHwBs3Ux6EJJ6lG', NULL, NULL),
(3, 'Owen', 'Bashirian', NULL, '9754598967', '$2y$10$WxC0HFIO62DMRQZBCxaWSem0/V6.JbZHksOMAANrZFnGq7kuXi8ay', NULL, NULL),
(4, 'Justyn', 'Thompson', NULL, '9800551289', '$2y$10$AVtM5M4aop5XA9Vd0Zn5eOUddfSWCd2qnurlPjpp6jHOY1qcvsbkG', NULL, NULL),
(5, 'Alexa', 'Feeney', NULL, '4808467475', '$2y$10$YrHss00gVCjGh/dm4i8ql.X7j6dvsicTGPt3wIno1IKI1Dy7I4S96', NULL, NULL),
(6, 'Lane', 'O\'Keefe', NULL, '6065646171', '$2y$10$8GP0/U8XLo8Zw4mIFGOCJe1NCGa9XRJgJMChD5GOsDNtKLmEXWDsO', NULL, NULL),
(7, 'Fabiola', 'Skiles', NULL, '212996711', '$2y$10$iuhsJn852SPc3iEIIXNDM.XalJZv2U6E.Bc6LfCQO0JDyQ7F2VaMe', NULL, NULL),
(8, 'Arden', 'Rau', NULL, '9327160558', '$2y$10$FhpLwgvIOZvIm9vMFrrk2.A6WIdRwWQIsz7NJ.ReYhuwAuiZreHoq', NULL, NULL),
(9, 'Roscoe', 'Raynor', NULL, '7565406051', '$2y$10$tEMvWPvxkAnZzwzmWZsjBO8.hcopSfwNwJ.OCMwBnQCHbLj9Jgkga', NULL, NULL),
(10, 'Salvador', 'Walker', NULL, '2559129753', '$2y$10$WAMEtkY/7fYo8Ze6MQt/WeQaoQoDw6FYk5Z97qdrMog4GfFHmIJ7y', NULL, NULL),
(11, 'Alfonso', 'Connelly', NULL, '2638704492', '$2y$10$Xsj7.nkmS8PhO3ca0V08zudC9zPoGkpJK.489VAc3.z9bTuAgLhWi', NULL, NULL),
(12, 'Timmy', 'Grant', NULL, '9431689562', '$2y$10$kmdDWOu8E0MVogpIG.g8w.r4era7YQFsVi0owvVfrEJ4cJAmkpOa.', NULL, NULL),
(13, 'Alvah', 'Johnson', NULL, '2172454804', '$2y$10$rnb7Mm99R2GeueuLtZ/AVebhPVu7ZcxWpezLDGdV9l5HjyawSUoYu', NULL, NULL),
(14, 'Octavia', 'Gusikowski', NULL, '2997235114', '$2y$10$rj65TWW6keaxIUwKgVXFKu2NGgC3HXUhuqMLqJHGqX7en7Z6TrMIm', NULL, NULL),
(15, 'Bobby', 'Lebsack', NULL, '560588046', '$2y$10$h3iMl.aAOTV0rDaD9wMAV.8CFXlreD6cFdblVmQn8HqVj15YMiK6i', NULL, NULL),
(16, 'Shyann', 'Carroll', NULL, '6390505330', '$2y$10$yoFT4SlQ173PBq1q0EZU1.aT5v7iQZ4C59FH/Ggan/nj4BGXfTHXi', NULL, NULL),
(17, 'Russ', 'Stiedemann', NULL, '483437800', '$2y$10$OP/xccTemTQ4uE.6HoT0K.2BBfuL3H1kM9qUZNEEUmvwd9m96mDT.', NULL, NULL),
(18, 'Maida', 'Hermiston', NULL, '73393636', '$2y$10$aFMTj1BDO0.faThfQ6ZtHuWdATlYYC9heS0Zqn4NiWxPsqMDRDj1i', NULL, NULL),
(19, 'Rylee', 'Lowe', NULL, '2707204791', '$2y$10$UbtaoIOALJ.mSFzDbEwq6e9MoxKBwk59A32CMetksSo0TfdG2S2eK', NULL, NULL),
(20, 'Gay', 'Kuhn', NULL, '7444800379', '$2y$10$Gf/74fV/JGm9J3D3FM0P2OdD7k2uaA.zari7tk45Qa8jXo.YR4PMC', NULL, NULL),
(21, 'Amaya', 'Lindgren', NULL, '6216437825', '$2y$10$DQDOHGB7TrGBVBwctt08J.YHJOkBgVJA3D3Xu0kmVlDGvIRzcEd5i', NULL, NULL),
(22, 'Derrick', 'Torp', NULL, '7451131240', '$2y$10$6b8Owx3xS0sz3NlM8qWA7u8A1DsRzhPy4W4saQFI.ZLahrfKGl6B6', NULL, NULL),
(23, 'Cali', 'Corwin', NULL, '8962829336', '$2y$10$mPmMZeOji4k.14FipvItVeX1Rs85bhepwJ.rQnmVgP.PLdIMGTGmu', NULL, NULL),
(24, 'Murray', 'Kuhlman', NULL, '1247700739', '$2y$10$I9HEff8nNqLN3PCjJdofQ.t2RYXXMzSLSY.0pV27Ub3br7evVJmeG', NULL, NULL),
(25, 'Adah', 'Schmitt', NULL, '7546378358', '$2y$10$PmtmvNhRssATW4gy5rqGl.KaP7cWi9iFMNE/y4NKC5z10kbNK4VTy', NULL, NULL),
(26, 'Dustin', 'Jacobi', NULL, '2107898429', '$2y$10$5NikfG5pLpq/MrzH9qflCev87QXIuusS/VmguhpygI6jAixbyZAA2', NULL, NULL),
(27, 'Jordan', 'Cronin', NULL, '2782660108', '$2y$10$wejgj7WVL6mN8iaUyRhwye2pkB73EndrPnRdUg4aABFxcjj6kVSQG', NULL, NULL),
(28, 'Alva', 'Auer', NULL, '1621318008', '$2y$10$yERnku6UCsTdLv6rUWu/TeWJisuv78/q0nhGSdJGggOSrNjL427cy', NULL, NULL),
(29, 'Margarette', 'Hettinger', NULL, '3903184546', '$2y$10$CAHD8Aq4sQE5KiwDQMfi5uI35PmeZ6dAv1OtfBdY.HC8fX4QWeWC2', NULL, NULL),
(30, 'Jules', 'Bahringer', NULL, '6846633839', '$2y$10$w.pIoLceyGoin7FUwXzNO..lVY12bfjA89Gf4Qec.z7awn6BkIhVy', NULL, NULL),
(31, 'Lennie', 'Wuckert', NULL, '2469179328', '$2y$10$xtG0dGHUbw81Z9uiC3NeEuiKoNEw3.IgJ.nQvOeqnS5/WAqzcX8A6', NULL, NULL),
(32, 'Joanny', 'Cremin', NULL, '7849851398', '$2y$10$dgc7joWJzZ1WThOyYZwOdursY4QfA4sFcUrGGsCTCxCtgOTMd4jua', NULL, NULL),
(33, 'Jodie', 'Casper', NULL, '1951303149', '$2y$10$IXo.1d0AZVUzyoo5cm1V2.J.2YMTwvZFjTcdiFPZrz6rz8HceCj/G', NULL, NULL),
(34, 'Karlee', 'Harber', NULL, '3578291615', '$2y$10$I4yBtEGub8zdfbjIAEu95u9A1ZHIMcnKPpmiHg4YYgd8.10nrEmrm', NULL, NULL),
(35, 'Fabiola', 'Fadel', NULL, '6992125236', '$2y$10$qimnqcH5EmuQHTZPibfnzeBeWbvBwwKJJp7GELKajBrOPAanU73A.', NULL, NULL),
(36, 'Presley', 'Erdman', NULL, '3387744011', '$2y$10$Y5W3cb8ShKXFTdOtXCBWNewm/Zue0RSzcym.TwmXoCQZYc5orAMv2', NULL, NULL),
(37, 'Fay', 'Beier', NULL, '2440948232', '$2y$10$l758bPdHa7hQgQ61tfsP0OAIHTH6B9V9gyaVXEG6VvkBSoPrkvAUa', NULL, NULL),
(38, 'Gregg', 'Kuphal', NULL, '1614150678', '$2y$10$gOD46/OT544EeNH8f9C.3uPYhaJXAmVUhQFrxNLZ5EY6ycBixQT9G', NULL, NULL),
(39, 'Mertie', 'Blick', NULL, '5596389270', '$2y$10$d4eBLn5kMSpnAv/1cIqLk.wtH1Pl.00IZfIdlRepqakcH6awwKf/e', NULL, NULL),
(40, 'Lucile', 'Robel', NULL, '3678139134', '$2y$10$f2beESxTw14k1gl2/E48dOR.APQKw/.OP5pe8J0ZP8hD0JhmAMTMe', NULL, NULL),
(41, 'Jameson', 'Schultz', NULL, '6032794216', '$2y$10$YByjMc2CLXnKzqBWQW9G9eUBLXdPfCzAkoVSPT0zadZyBvDQinb2K', NULL, NULL),
(42, 'Titus', 'Daugherty', NULL, '5172588751', '$2y$10$OEs/jLMDOvwpVCE3qpNAmuJMHfLnViyjqzNX03Fa82mRRJTpaUpgu', NULL, NULL),
(43, 'Cyril', 'Abshire', NULL, '35237283', '$2y$10$tJMrJRHdBKUnIH.uNBICCeg/mvebm50mBiCETW/VWR0ak.dC8PZYm', NULL, NULL),
(44, 'Destiny', 'Brekke', NULL, '3487519025', '$2y$10$eCTzo58byXQ4Ui5J1GHKIer8Up1Cb5vviCqBXWUbf.mOcbcYtgROm', NULL, NULL),
(45, 'Myles', 'Jerde', NULL, '6073078631', '$2y$10$Y4CbneN/cjlKFgfiAnRr/up/q6qHEmC.qqjEe1KcNbCwWAfZb./oW', NULL, NULL),
(46, 'Lelia', 'Donnelly', NULL, '8708748441', '$2y$10$C7Oe17iuZK5mhJI0l8rDI.5WGTnnnxglXiquxlGZtfgpsfX07IOeW', NULL, NULL),
(47, 'Fausto', 'Reynolds', NULL, '3233561730', '$2y$10$nYk2MxDHGxwxX6rT4VqGdenv0yy2duZSiMniLUaF.Ned25D7qbNLS', NULL, NULL),
(48, 'Lucas', 'Williamson', NULL, '4210263813', '$2y$10$3EIfzRnQk/FWxj0pvPx.L.pzepa7cMtocIiwZlTjTfvZ3XWYLyZ6u', NULL, NULL),
(49, 'Myrtle', 'Metz', NULL, '6943951342', '$2y$10$2HolbE.UU9/DwjLc7G5Nc.qJSd39h5qjwln3zlCMjHw9fRGOK6Ld2', NULL, NULL),
(50, 'Kolby', 'Shields', NULL, '8532753103', '$2y$10$.hmpG9o/PqK4L66shS9QOutlVdwt20gq7g4l/ZvRfosuiW3NPrZqa', NULL, NULL),
(51, 'Steve', 'Botsford', NULL, '9436578126', '$2y$10$DsjrbpY8gObhHU2ri7CpLei8OuMhQS0IC7vScp2qzOxlBAfXGt2Oe', NULL, NULL),
(52, 'Alvis', 'Graham', NULL, '5503322254', '$2y$10$0AcxpjhgG/zBHRhsHuo9pegpgfiSBRmzYsgdZaU01oTfvP8DwnC36', NULL, NULL),
(53, 'Naomie', 'Witting', NULL, '3552569650', '$2y$10$BKn59K753XHJx2GpvUiDfOlD4RA40.a8uAySyVqccROPuFKzzRP0i', NULL, NULL),
(54, 'Lilly', 'Oberbrunner', NULL, '4971656092', '$2y$10$gLgbfZFG7ShsUsST87dLPej/qNmw37HBHZsMRI7WAaWQwov16v3Ma', NULL, NULL),
(55, 'Alisa', 'Klein', NULL, '7230416498', '$2y$10$zxBZheeXfZAzCKONofL0geHtpkS2MbNfgf4R9tTBVAJc55Ym9vZpW', NULL, NULL),
(56, 'Hattie', 'Fadel', NULL, '1710413715', '$2y$10$R5zgW.AkAiBGdp9ydfN18uPEh0herKeI.HhV3TYE0Q8.jCQT.ZzjK', NULL, NULL),
(57, 'Amelie', 'Hoeger', NULL, '9939687174', '$2y$10$HIGgmat/V1c1QqRwOaK5BOi0Q9tw6AwdWP3wusVOqisOrux6zroum', NULL, NULL),
(58, 'Elise', 'Greenfelder', NULL, '4539749625', '$2y$10$CxT4GMlt6xRGQw8zTqA6Z.NGx6NZiV1lkhzDc2X1YldceNZCLz/QC', NULL, NULL),
(59, 'Freeman', 'Gibson', NULL, '3249661473', '$2y$10$B9BuZtPSCWqpsL3POOvxwe0Z/awUft0oqN1k533WzrTgJh.TGx8uq', NULL, NULL),
(60, 'Mallory', 'Howell', NULL, '7382370931', '$2y$10$E85Y3kyo388Ph2UiMeNG2eyh0/7txBWSjpV50HQNiCWv/63X8Uj2G', NULL, NULL),
(61, 'Alison', 'Littel', NULL, '4449138704', '$2y$10$Eow4Q.ptrdG4wrpauzegE.Nl0MAkWqX43RLCPB6NAAE4qv5ZTU2jO', NULL, NULL),
(62, 'Cleora', 'Wiegand', NULL, '6685261090', '$2y$10$HCFb0MUYMt5C/w4pguMQDOSl9QQZqBfYB7F8olDiBqFMEcyo1dFSe', NULL, NULL),
(63, 'Kaitlin', 'Donnelly', NULL, '3664211087', '$2y$10$o3XpTSrJskLHSzoR5qMT4.jqX905U0S.xP4Ch68iscrx0UxTCgCxy', NULL, NULL),
(64, 'Ethelyn', 'Terry', NULL, '1560726523', '$2y$10$v4qcP3g2v/yAUuaUQnLkNeGjsplT6Zmbr8DVPhOeoAMiKCKVbQgVm', NULL, NULL),
(65, 'Casimer', 'Orn', NULL, '424401767', '$2y$10$9GlDRjdtEF3.myhkvXVuT.g7aTNk4V7qzY.Qa9iaH.YiVdvZv7rWO', NULL, NULL),
(66, 'Kade', 'Jerde', NULL, '2602892741', '$2y$10$kvJxF6T4BBPcV.1mwsMNmeCjKgV5v9AnEkfeTqYC/DjdCMiTku2ru', NULL, NULL),
(67, 'Darryl', 'Schmitt', NULL, '4327942429', '$2y$10$ciIGDjnHVAdP6kbFnnRaXOAMvT/eD1e1mofNHdBqOUGnhRyONjJ5e', NULL, NULL),
(68, 'Angelo', 'Satterfield', NULL, '6613284960', '$2y$10$NYtn/HtplPvl0ryfgIRQWOXCRVvdhmxBUyIIyE3r0OqINJuFeIJyW', NULL, NULL),
(69, 'Chloe', 'Miller', NULL, '1677686593', '$2y$10$DxUESYKrLUOZahXjkHrVBOZWlOQcjtJOVYEV4BcEUKZ9ABDhJOgoy', NULL, NULL),
(70, 'Otilia', 'Bartell', NULL, '7217665796', '$2y$10$jQ8DpN2tvOjosyjiY7iaC.GuVBAVjbUcS2Iuz01/QhTjjPE9vZjea', NULL, NULL),
(71, 'Aisha', 'Hessel', NULL, '4357669275', '$2y$10$JNBrOdaoP/sX1eyaKrVcW.Mc2be2crj7lOkbj54tOWZqRJK5ymxWi', NULL, NULL),
(72, 'Isabella', 'Jacobson', NULL, '2714000486', '$2y$10$2Xxf0AGC08euYA2aeG68Ke3PYibrRhIiFei3OBbj3BZRF/dgt.AAG', NULL, NULL),
(73, 'Amina', 'Conn', NULL, '2194334364', '$2y$10$mZjz20vEM3tr5T3yL3DvdOPDX3Ruj9uL3rjlE8AqK7lFhuxCwK4i2', NULL, NULL),
(74, 'Lavern', 'Breitenberg', NULL, '4031708392', '$2y$10$0rg/.PVkN3REGbNMUoD8Q.nq3Z5DoxAX5/KfXSxkzlbT2HYSZsYke', NULL, NULL),
(75, 'Mozelle', 'Huels', NULL, '1315994348', '$2y$10$WfFEzOFK.Ml0XatxsZoKI.GuDJ/ZHCfs3.OzkFVYjk9diSJ.LlY5W', NULL, NULL),
(76, 'Alvah', 'Roberts', NULL, '9786228405', '$2y$10$3CbdXlZTOlgCfZnoo5pKeesOmqpNWm3fjo47RMojiB7IQnPppHZ0i', NULL, NULL),
(77, 'Alverta', 'Wisozk', NULL, '775140808', '$2y$10$fyIYLwTQh6ZA6VDZ4y/Sq.b4PaALPMht1pJY1Xs4LiowktHAtuNMa', NULL, NULL),
(78, 'Katheryn', 'White', NULL, '158035350', '$2y$10$UbO/2UOlCK2kYunvkFXxdOKF7301SBoIQEAttV1s4jFmptIHB2D1O', NULL, NULL),
(79, 'Ettie', 'Ullrich', NULL, '1845227318', '$2y$10$PLt2VKvw0Cs/zwIgkFL5wOfmyPpj.tqYqgzZwrCtPl.SliftGKVgi', NULL, NULL),
(80, 'Brant', 'Bode', NULL, '3813914602', '$2y$10$L7vM3I/GQeliJgCTZ2whYeO5OgKPN4v2e9mtCIvXWcyVB2F456Khu', NULL, NULL),
(81, 'Jaycee', 'Bartoletti', NULL, '7535275199', '$2y$10$bskBru/VnWjQxaKgRj4kSO7A3O/g7QwlIl8sxDLbnkLOlt7rVP64y', NULL, NULL),
(82, 'Marjolaine', 'Larson', NULL, '8285271273', '$2y$10$fVzTiyC8MqDDtEg1XISvVeaD1zi4yHRlNPfpNFvlGOalj0MAaOqaK', NULL, NULL),
(83, 'Ludwig', 'O\'Connell', NULL, '1948538960', '$2y$10$6sHQLHk8pXXhm.wDCXVxS.VF5T80.Bw3Qr/QaYZrbNfMeNenTm7mK', NULL, NULL),
(84, 'Kirstin', 'King', NULL, '3097431255', '$2y$10$EFWuQq.fXss6cxl7L1Gbau3Vtmjb7DahFC839yA0OSiPRY0Iis7uy', NULL, NULL),
(85, 'Ana', 'Wolff', NULL, '3411842135', '$2y$10$PRnmgFBCpaTcWSQNml0C5uxl8v5f.pLvxp67Haq.Sw6aFx81z1vnq', NULL, NULL),
(86, 'Shanna', 'Swaniawski', NULL, '9474758417', '$2y$10$aI8BzKYKEkCAcqY57PKP/.2HhBUjPFcqhJSlLC6DTVG/bgp51oPvW', NULL, NULL),
(87, 'Noelia', 'Bechtelar', NULL, '295631292', '$2y$10$oBWSPGj2Ix/kmVb43LiCCOLdwAnJCHY2u1J1fr6uCyygJAmtCEaNW', NULL, NULL),
(88, 'Angie', 'Upton', NULL, '3926693908', '$2y$10$CIb7LrBXa8/sFBY2EW1YduxGNGUXyJ4j6uNh.ZCAtCk20R6IZBfN2', NULL, NULL),
(89, 'Arlo', 'Feest', NULL, '3935403707', '$2y$10$9IsaRGrvjlR6glgYUhINiO7fLXfAShXJKalYEeDguAX.4MDm0inb.', NULL, NULL),
(90, 'Veronica', 'Bogisich', NULL, '9985242015', '$2y$10$uMLd/ZMOraTojNHPTwezSO8DPK073kdxi4IwuyFOavxA5nJTiDQwG', NULL, NULL),
(91, 'Shad', 'Hilpert', NULL, '7421736308', '$2y$10$9IfKP4be/ybkcDCj6IDpUOybE7bJybhJUrj8PnomELAFVTRml26fe', NULL, NULL),
(92, 'Claudia', 'McGlynn', NULL, '4489715197', '$2y$10$G06bc3MiISlF.E8CrZgmGeGxf54ZxN.cxljOvNlfLFq72ra0KbTU2', NULL, NULL),
(93, 'Rosemarie', 'Littel', NULL, '7192527470', '$2y$10$4iK.qFk6oVFOyodckRDsn.AzB3AtmzdfbRYbTHH7nTkGTvys6JU7m', NULL, NULL),
(94, 'Meda', 'Wuckert', NULL, '5563555295', '$2y$10$c/ntLrCg5ZCnfUFqBnu.W.aM2YFGO0WkVmZEGKqX/bFimxleVQMiC', NULL, NULL),
(95, 'Natalie', 'O\'Connell', NULL, '7040044842', '$2y$10$GTFsDYPNzwFPvKU3OXSljOr/cJ/Z4R1FRxo1MCxUfv7B0XK3K6K/W', NULL, NULL),
(96, 'Kendrick', 'Bosco', NULL, '5936696927', '$2y$10$ZM9Ag6nOIylqJsxRVorLWO37aIL3RE1OKYN67NONej8oiYscIAHD6', NULL, NULL),
(97, 'Mathilde', 'Macejkovic', NULL, '6183069453', '$2y$10$21LlB9pktPXrdjLS5AZN0e.8full9DchPohjbGcC9xGMCvOOG8tw6', NULL, NULL),
(98, 'Noel', 'Nitzsche', NULL, '5988198456', '$2y$10$TTeygMkzPQJAs0RkLgIn.esqFBKR7SdFVQmg0N3GJ7fsjsFZRRaTO', NULL, NULL),
(99, 'Josefina', 'Treutel', NULL, '9608566181', '$2y$10$wxvaU3eAh3YJSF9W6aH2CuTV0BAXbt8FoOa9S5cWCQYphO53sRCQG', NULL, NULL),
(100, 'Yoshiko', 'Casper', NULL, '4384778492', '$2y$10$U6kgjlYevd5UQVDIWlPCruoXJoBk6MlO3yWXnzkPcAhcc/UVk3UrS', NULL, NULL),
(101, 'Thomas', 'Lind', NULL, '6138795613', '$2y$10$hDH5D551Km1aH4dx352mIOFsIIttcpD3mecXDFT.V/HKNXLLsae7y', NULL, NULL),
(102, 'Torrey', 'Gerhold', NULL, '5222827812', '$2y$10$mPiyMj.W3EyhY.fK.1dGMuNP5GNPb2FiCiyF6iYWUuW3xYvHItnoS', NULL, NULL),
(103, 'Ottis', 'Lueilwitz', NULL, '7583245908', '$2y$10$g0nld4ubtgij6gYOkLuFjuReNJ4hzdw8XNMb4A0N6V80sLc5YrdVG', NULL, NULL),
(104, 'Pete', 'Parisian', NULL, '8923061476', '$2y$10$28rYQuBD3YCWyeMa0e9x7etgJIvpkuTwW0nglBB2pxoWTLoI9m/06', NULL, NULL),
(105, 'Lura', 'Rodriguez', NULL, '2263307993', '$2y$10$PgSEmYAlpk4VIGy3DOlXX.8HqfNhytraRH.ZA2zDf3pfQ2k2JuQzS', NULL, NULL),
(106, 'Werner', 'Medhurst', NULL, '589493607', '$2y$10$D/S7ePlGEF/x6.rRuYzjD.cQvif47nsU.LbLz5cRrqOZ4NkTKV87.', NULL, NULL),
(107, 'Athena', 'Macejkovic', NULL, '4602779370', '$2y$10$Y0OHajYtndsGDMZ4iqxylOO7XA.1dDuvOUb607E.ZNDzjWMcODsPi', NULL, NULL),
(108, 'Julian', 'Howe', NULL, '4915206533', '$2y$10$Pb5Hc70Mn/tmFlvK71pZQu7CCNMHDrmWl0t5KSBRmwLnm.kmmm6mO', NULL, NULL),
(109, 'Annie', 'Lubowitz', NULL, '247310795', '$2y$10$8RJsFhaou67J60fIkBNn4eTnl54x1Coh0Wfr19aKp9h.5bId7uUEi', NULL, NULL),
(110, 'Brain', 'Mante', NULL, '5668783422', '$2y$10$TleWZwaxyrth77LPWmCVIed9a5GSh52Ari061UzYjjN8nECSQ53TW', NULL, NULL),
(111, 'Idella', 'Carter', NULL, '7449357759', '$2y$10$5g1TO6N7ZgQ3z0A.GzpEZOmKDxtaEBbbNqfcbfceVFftybpmlkPgy', NULL, NULL),
(112, 'Alex', 'Morar', NULL, '4310374034', '$2y$10$sYFsLzSUljNkRmbsvijhW.1MYnwdd6VQ/NPdToAkxOzsLvK6C4buG', NULL, NULL),
(113, 'Stan', 'Borer', NULL, '3693088784', '$2y$10$DzLYiIbk55aE9L86NtfbHeLJsNa7UYRJ5OO7PP/YRqHOFvIZmMucK', NULL, NULL),
(114, 'Vincenzo', 'McClure', NULL, '5902186134', '$2y$10$1bHBPcfet5bZJ1kWyDnxcuGBJHgYZQbr3VxpzI799FAmIkwGidtaq', NULL, NULL),
(115, 'Alexandrine', 'Wisoky', NULL, '4383364891', '$2y$10$xObWUi5BUEsE/Fkejq5dMuJygHuzazIpch4k0AKSuYCSOKGrtfrdi', NULL, NULL),
(116, 'Nicola', 'Medhurst', NULL, '8701178417', '$2y$10$GwhqutG.DFLwPKflvOOE0OUmG3ms3uUB2uKrJM8rCB2E.NKheQBEG', NULL, NULL),
(117, 'Esmeralda', 'Little', NULL, '5607367760', '$2y$10$/k6xmImUu/IDIk.cXG6j3.9ZDN/vJcmOOqsEPAm61JBCKcQywdO.m', NULL, NULL),
(118, 'Bridgette', 'Wolf', NULL, '6856068578', '$2y$10$GuL58FQvXmWmhL2tJ7/wnesj1KicGNtTUo6zaNUTuCZY1heLSLVyK', NULL, NULL),
(119, 'Lolita', 'Dibbert', NULL, '2453332896', '$2y$10$k2HeiVXo452uW2OfOB90lu/XJOjmdV7dhWuXRnWNCLBKKR6L.oa12', NULL, NULL),
(120, 'Jaqueline', 'Beier', NULL, '7923819512', '$2y$10$Dp/qkpqQeFvqCZE8CFpC8.x0uF20g7/IlyNo/vY0wE3/pvkNyD8Jq', NULL, NULL),
(121, 'Tyrese', 'McCullough', NULL, '539254678', '$2y$10$OduRxMJotGVv8QLtVCHZ.uQdVoqHNBD7BDumME8otmLa7ncTZSXsu', NULL, NULL),
(122, 'Deborah', 'Legros', NULL, '8495189897', '$2y$10$L0D3AsOtac6ScppbcrBibOu9JgVzt3FqcSwPaELsp.TcCM31FwPea', NULL, NULL),
(123, 'Ellis', 'Nitzsche', NULL, '1204432160', '$2y$10$XUVMrSEPcfclZ6OP4vrOl.xusQfd9LCP3YuA20hBVs/zqpf.BuKj2', NULL, NULL),
(124, 'David', 'Turner', NULL, '8140675388', '$2y$10$fG8tpNQmHtHStUwEzF0uCe1AIX2aRytHSCJ.PPK5ZkVtqobsQ0Fz.', NULL, NULL),
(125, 'Elliott', 'Johns', NULL, '2583671238', '$2y$10$WUtybmn1uZ7AIwbwkkRcleDVr47.EbPvETcw5NIOH6cuXT4WTTjtm', NULL, NULL),
(126, 'Lavern', 'Wilderman', NULL, '7425319173', '$2y$10$12XEvsT.dM6a.ZgxnUf6.udMw1heV0VVFGlvk3FfWxRfbZroVtfk2', NULL, NULL),
(127, 'Rodrick', 'Heller', NULL, '4725945712', '$2y$10$dYl7HaLnM3KkHDoUwKAFiuTqbZAHYp8VLf6hGgI.sqNrX4O6Xlx2m', NULL, NULL),
(128, 'Rodger', 'Jones', NULL, '5252907343', '$2y$10$ua/idTeToc5tV059bBEd2eZM8AfIx1j81lP7lLrNun8G8K.xrgAJO', NULL, NULL),
(129, 'Joy', 'Erdman', NULL, '5969042254', '$2y$10$FbcilxJQ0BlSMCKsPreDIubvmW5tdgoGexj69wf4eZMLi95KlgjJe', NULL, NULL),
(130, 'Maybelle', 'Boyle', NULL, '2137115420', '$2y$10$8KsMoFqrLRPzjvkcWYQReOWziW/VoqEYYSeBic6dPRdlIkVTxd/u2', NULL, NULL),
(131, 'Victor', 'Littel', NULL, '7352959354', '$2y$10$a4ZaXRdX/lcO0wsmpNuV7uxz9Rq3tRgIh0llMThT8xQwtyDKHLlGe', NULL, NULL),
(132, 'Buster', 'Hoeger', NULL, '1385650824', '$2y$10$ZYP30WDYxjmnmEYBabejF.QMojaZrHmHI8b9enQdQr2uuGyUY5F9m', NULL, NULL),
(133, 'Darby', 'Weissnat', NULL, '6986549140', '$2y$10$MWGJSHrQtGcB72.kYHT3KeDejxr1TrbdfQrL/sGauH2xKtqAL5MYy', NULL, NULL),
(134, 'Isaiah', 'Kutch', NULL, '3897667392', '$2y$10$xkn2RobmlkJyHKlXOA5aSu70qQetjj8hWeQ.DtEjTrTtxRK4cqoly', NULL, NULL),
(135, 'Darlene', 'Roob', NULL, '1493695692', '$2y$10$6YVKKKNNFv9.jbGFo28PcuElJ5nj7F.X59QQoezilc7QyR.bsCGDe', NULL, NULL),
(136, 'Keanu', 'Goldner', NULL, '99810054', '$2y$10$295Cdu.NiWL3FgZnpBGfd.wTtXTbmVWCF5qID7/GviwrpmxZY0RZe', NULL, NULL),
(137, 'Eulah', 'Blanda', NULL, '9258259717', '$2y$10$ZSrKr1r8du6v2zFWLgL9Sefqo4q3bcOOw0mC/wmSzjWR.qD/dDGO6', NULL, NULL),
(138, 'Salma', 'Larson', NULL, '9242527189', '$2y$10$EQvGOZgCtX36bp16BTShpe6HXSSQCTtI9dvSIfG2K3X7IWG/ilHG6', NULL, NULL),
(139, 'Krystel', 'Breitenberg', NULL, '7667854249', '$2y$10$aYuua6XXq4GuZCDKicCEROVH.uBkCWp/3rgY2WY331j.G/mkD6kCi', NULL, NULL),
(140, 'Coy', 'Fadel', NULL, '1786075407', '$2y$10$5K2CSnlxSYwz7oxakQw9aeDSHgCtsnLAu.72nHmH2A4BC2SAxL9vq', NULL, NULL),
(141, 'Charity', 'Gislason', NULL, '8228875660', '$2y$10$qUTDO9y.Z8oHi2..gusBduK70pK9LQXdX81yV4gfByBt7x5eD6RHC', NULL, NULL),
(142, 'Estevan', 'Bednar', NULL, '73363710', '$2y$10$V.gdeiK3K86O3cauMJFjkuVuAhdaor.99Njcxpg8/m7EvvXclPUgW', NULL, NULL),
(143, 'Jade', 'Denesik', NULL, '4485144385', '$2y$10$yfaTlu5M3KiVvi/sCiyVp.bf7VjhO2.0o.8wwrievB8KQm.PCVHVK', NULL, NULL),
(144, 'Jessyca', 'Metz', NULL, '8939390435', '$2y$10$Xymkd.Se.H8iIySugIcZnuAAuvmOg1MgZr3rxT9JWfxf/k..uy1Uu', NULL, NULL),
(145, 'Shana', 'Okuneva', NULL, '8175091196', '$2y$10$VlWkN/Ck0DeJZvtypMvw4.So9iBl.YvXtnRZSURVHXk8IuORYZZrS', NULL, NULL),
(146, 'Hadley', 'Hudson', NULL, '2148611851', '$2y$10$WwjfoB0x1v97ovQT.40er.XPrueF2FI2ULK2cfoG/Ob0OHZJ8Vmz.', NULL, NULL),
(147, 'Earnestine', 'Hettinger', NULL, '4183556257', '$2y$10$r4SUtOhYGiez6j8ZYNOP6uSymPOFMBRBitbCW4ARFxudsO9Oil32a', NULL, NULL),
(148, 'Loyce', 'Fisher', NULL, '4046888861', '$2y$10$.Qpn.9dTdMyTqeUwZ82.w.RO4PFmnadaPO.vsAb4.MAbdoUNfsQNe', NULL, NULL),
(149, 'Margot', 'Jacobs', NULL, '7313294372', '$2y$10$OTChe0uHnbGqCsU33h3RZeo1d5lCpsialtn2J/6SgtzSewNgH/hyu', NULL, NULL),
(150, 'Jovany', 'Schinner', NULL, '8550479177', '$2y$10$5MLWby4x/QvD65EefbRPyeMgqE7oVZosnmsVV64cb8YllbP1XRR5q', NULL, NULL),
(151, 'Rosina', 'Mueller', NULL, '7406640563', '$2y$10$2Y6Yf6AR2scxWBtYBp.rSuyRIoE/HDNAJn2I.zeJRVmE2HixEVw/q', NULL, NULL),
(152, 'Donavon', 'Walsh', NULL, '6116025124', '$2y$10$E6k4/zyfXRphKjjquRD8oOl9l.pB5Te9CFITWBrcWrAsGNUb2i8ly', NULL, NULL),
(153, 'Terry', 'Schmidt', NULL, '4531133693', '$2y$10$SGfAWij6qmXaGG9ApwbB3.cwm/nv0INp0kUgR.uSe03c2phoJYAr2', NULL, NULL),
(154, 'Woodrow', 'Feeney', NULL, '2020245320', '$2y$10$AxmYnQ5gOLaqwX0HkBh/L.BKcxiGvaH20ME2fSq5jlLpGW0AQdWoK', NULL, NULL),
(155, 'Dorothea', 'O\'Reilly', NULL, '8465115233', '$2y$10$pTdyYg5nVc/F0INIwuGzAORytbpR8Zkhmh2Qh2JcyyiOidpf5t/si', NULL, NULL),
(156, 'Vance', 'Beahan', NULL, '5082640716', '$2y$10$WHycO7XiMMYzOR6vJMeelednyIowv45VgYo9pScxMl7XynX/tMFZ2', NULL, NULL),
(157, 'Tomasa', 'Lakin', NULL, '7180437933', '$2y$10$r59ViURS4BHh406LVQmzBuG.SBSkrIeY3B0Fv391r/mrtmoklp03y', NULL, NULL),
(158, 'Maurine', 'Lemke', NULL, '86602612', '$2y$10$qUMgRkGjvrib23SNehyOvuplysErmEakEP/Ga8zzlm0MNAKQsQ.CS', NULL, NULL),
(159, 'Dakota', 'Rau', NULL, '9384276538', '$2y$10$fgHTTuaVyDvGJMl.vI4Ztu5VCMHwKFwemPK4mAYqQ38LzT1LxTc12', NULL, NULL),
(160, 'Lillian', 'Bruen', NULL, '8737429414', '$2y$10$3V6friGTZsn089.XRTD8euAIXDwBPHYEttA5nxeYw8LomClBJHgmO', NULL, NULL),
(161, 'Kenton', 'Lind', NULL, '2747664479', '$2y$10$g2xOOHbqTGfW11lPtZKOQuKgPg3oGy.VjM34.MOuwcmkvkFUMxB22', NULL, NULL),
(162, 'Samara', 'Quitzon', NULL, '301533323', '$2y$10$m9hempL91FSceKks2v8dI.h4SD.ajHTs2ooucbtg.qFPdqRXzZa8S', NULL, NULL),
(163, 'Mae', 'Little', NULL, '7975934395', '$2y$10$UP6Av1IljVpnoz4.1TWeL.Qsp9pjgFggf.ROQ0AfD2w8kZjia0Hc2', NULL, NULL),
(164, 'Lance', 'Swift', NULL, '6312796389', '$2y$10$2P3AfSm12nvg6jfEUEIwSOXMzTu68Kj.bgTeyG7tJPYyhoHFOdCvq', NULL, NULL),
(165, 'Alisha', 'Stroman', NULL, '399698414', '$2y$10$8GIo9w6JJ/ur9vrCaDlpLesXKDlryhU4RN3rR8KirP38UwHmOcG7m', NULL, NULL),
(166, 'Abby', 'Little', NULL, '7469523458', '$2y$10$f8V30VI9lQWoL1a2aM27zefCzviBIArhPkW4E2TUjVBnGQB.Chk8.', NULL, NULL),
(167, 'Rowena', 'Eichmann', NULL, '6670243985', '$2y$10$xNRmLwsjhrOYyys9KGBsVOJ1G1kcT6Bcrm5XMVFU7ooh9JuEUXnZm', NULL, NULL),
(168, 'Hillard', 'Hoppe', NULL, '3062679387', '$2y$10$D5c2OVXzURjd52BHzQXT4.mldOmWhraXFJyvrQ0XRZG4vsR1zXoyS', NULL, NULL),
(169, 'Haskell', 'O\'Connell', NULL, '7336312739', '$2y$10$sEB9Cg8PDAsSZGzIrb55Qu5a1ziVJz.lTgQ0T/EFNh9rRsdta64/i', NULL, NULL),
(170, 'Dayton', 'Wuckert', NULL, '1237075578', '$2y$10$f5l6BU5xsGV5ZIbKev8L..A9CqqRRxeo.hzEabmp2CPNo6WgEV6Ie', NULL, NULL),
(171, 'Gail', 'Kirlin', NULL, '4180396681', '$2y$10$G/D.KKC/Ov9T306i0bxBOOfbF1ibmuxi.QFG6aWh1Xj6ZVRLDcHUW', NULL, NULL),
(172, 'Deja', 'Hickle', NULL, '1725244488', '$2y$10$aE6OgHnGdND/nd3gGIqvO.FSE6MQixQLhlJVBeGrG0.NQHB3T2R3a', NULL, NULL),
(173, 'Einar', 'Koch', NULL, '6040292379', '$2y$10$V5ioYnoU8DnVsoYinFKat.157oe9pfOm9cZcZWYxTAUDFuYJvuCtm', NULL, NULL),
(174, 'Amelia', 'Baumbach', NULL, '8958758728', '$2y$10$aBbXYWZ68oQItUtK8k2NCem2Gp6UDd.F5TODlgveZ6jMBSmNZEsh2', NULL, NULL),
(175, 'Dahlia', 'Jacobson', NULL, '2193603158', '$2y$10$l5TdHdZjhhOhO8TSBt0Wju/qG7j9KkmpcpIbGLiRyrRq5MeyoA5iq', NULL, NULL),
(176, 'Edgardo', 'Frami', NULL, '8398321950', '$2y$10$Th1BXFhzm5iGl8NE3cSWHOXVY3CkepHySfYfvY5BYwJNju84Eerd2', NULL, NULL),
(177, 'Raina', 'Renner', NULL, '6834490454', '$2y$10$ePdeE.Q5yAF8mM6viwvRY.bNczdTGdyKZSg81T6ZrcL7sRKZlvxSu', NULL, NULL),
(178, 'Jermaine', 'Conn', NULL, '3364799666', '$2y$10$UB3C2I5nECFsAfsw9JZJYOCq8.GW.7zB58wqkYHxuNDpH4YUMayLK', NULL, NULL),
(179, 'Angelita', 'Frami', NULL, '767956010', '$2y$10$o1Wm1gjzdE3xxmIUoUN9JetF092mky9gNsSTZEBDNJ4VD/B4MIB.W', NULL, NULL),
(180, 'Ceasar', 'Dicki', NULL, '3386661532', '$2y$10$zemQ5o1DckHGeNUiS4SfeOpbYsQBp8H.cBRx0rBpXRXz7ZIumByZ.', NULL, NULL),
(181, 'Josiah', 'Schuppe', NULL, '7500444256', '$2y$10$YjVfZEWkQYo4HXFqxTszAegFAsNm.FpcpmwYgOVzwvSYtmrcKxjeK', NULL, NULL),
(182, 'Dean', 'Cronin', NULL, '9954315835', '$2y$10$oe9AHt/3DcJMDyTcwY6Eceez8208Fnrm6zvWxqbLAbuZh6GE1vWNO', NULL, NULL),
(183, 'Myrtis', 'Leannon', NULL, '3829838223', '$2y$10$YnrTObk0ZJtY/5dnq7v9nuBzhToDp3NlJKJvA4wwqUf8Tvq8DmbIO', NULL, NULL),
(184, 'Michaela', 'Mohr', NULL, '9808079254', '$2y$10$ZPIRuh1V0DUQSr1C0xejA.MF64oIFKNRiTsvq6qXy2qv0r/PPU6za', NULL, NULL),
(185, 'Rollin', 'Leuschke', NULL, '5123384730', '$2y$10$D2jgGLsmeAjyzPEsovnRzOgsbupb3/mCuUhFu/YeZF0gNWG.oQASy', NULL, NULL),
(186, 'Magnolia', 'Schmitt', NULL, '4251620212', '$2y$10$rISZ9TFos5Pbvgt2Vxt87.h0dJUODnHtUVODobRRl2Uul8mfYGN12', NULL, NULL),
(187, 'Anjali', 'Miller', NULL, '9457792558', '$2y$10$OldYwO0LQZkUZogCQnJdtesBfLRHg.I9uf5n0pzUrT9To0gybqO8m', NULL, NULL),
(188, 'Sim', 'Mayer', NULL, '507529192', '$2y$10$0vCnZPx2naMAzeKFRJ4UxeNIffr9zdCWc8RN6biIZ4TgUb4BPFdJu', NULL, NULL),
(189, 'Leonie', 'Koelpin', NULL, '2024895692', '$2y$10$G.PCK6HIFE39520g0ECafO4Y2U1Y5Q2dXV3DFxrDP2pIw.Rx01yQq', NULL, NULL),
(190, 'Carlos', 'Lebsack', NULL, '588717744', '$2y$10$MCqo8Jb4ntN5Z9NYClzElO3fhbLhz6XQKEjxzWGlI4szkHIBB3M2a', NULL, NULL),
(191, 'Fletcher', 'Walsh', NULL, '5250189587', '$2y$10$mbkQRAs6mslYnjR0zq77YuXo4b6q6LCW8HPzCnWxsmKHgR7scCM42', NULL, NULL),
(192, 'Dustin', 'Cole', NULL, '5887123709', '$2y$10$HWhUaK470T91LAxyTyRRp.QF4kuF2PsJTJxZEHPFGNgb31SdOTvvy', NULL, NULL),
(193, 'Leonardo', 'Hickle', NULL, '438317997', '$2y$10$qwhTj5HAUws1prSSfoqSxOR6.JuaLOaSHauWmc3DNZO076da8so9e', NULL, NULL),
(194, 'Jorge', 'Sipes', NULL, '5973121070', '$2y$10$TE0chSn/NFw2JqSYQq2X5ervptriKFyJrlE7U6nhQLQpeZe/fsNEW', NULL, NULL),
(195, 'Noble', 'Pouros', NULL, '5749239490', '$2y$10$FJrwr5.DSmTxKDmd/g61Pu2AyzScaiMRGIFU4jIiXEFh347.5enlK', NULL, NULL),
(196, 'Ephraim', 'Klein', NULL, '2944632526', '$2y$10$qKW9TcIsv8vpUPvInISGvu88hGZN8TiLue1MxfzlRSucfk2qLeZPW', NULL, NULL),
(197, 'Dawson', 'Ledner', NULL, '4994423301', '$2y$10$OafLEA/E.4LtlQwSrSdN5ORlZ1KHlnfTIr.FDd2cPdFFQwcQYCerq', NULL, NULL),
(198, 'Marie', 'Reilly', NULL, '8914307623', '$2y$10$q/q3V9.V.aF7CtUHyBfejOOhmZtI/db36elDGADtsVDEi3raeo.9i', NULL, NULL),
(199, 'Chelsie', 'Schaefer', NULL, '2688577779', '$2y$10$XVn0cOIycgkWmkvObxBar.fOukzu3moXPBCChbiACr4.Q1GU2XHGq', NULL, NULL),
(200, 'Adrian', 'Hansen', NULL, '3661506850', '$2y$10$.GoFbpTJRTE..VMSxvKaceojA605CGx09uo10PlFeZ7TrGF9xWipy', NULL, NULL),
(201, 'Okey', 'Jacobi', NULL, '3394518583', '$2y$10$PjGoXwmJvXjprktzZ1k6zeN9qsAoqsTufySJUSOTPCGUBVnDXI32W', NULL, NULL),
(202, 'Luisa', 'Buckridge', NULL, '7596855584', '$2y$10$6JXvbrT8HuiEa93EjIqmH.stLJLkesSp.LycreyCVxxU/doxev4YG', NULL, NULL),
(203, 'Hettie', 'Kozey', NULL, '5903464095', '$2y$10$t8S8BY8lMmpi0eebMA6OAu3CbdqmX1KOEY8ZydDqVNTsoHDIAgzYy', NULL, NULL),
(204, 'Kelsi', 'Stracke', NULL, '3472955893', '$2y$10$E4FXJxC7ozeriWWxl0SIUOLxh/JCo81qFEy6HPdcV1yOcw1zto2zC', NULL, NULL),
(205, 'Nina', 'Mueller', NULL, '2216826806', '$2y$10$tL3MySyD0o0AFhWBMCeutuftkHmvqh9X1uljuAz3t6qFyUFVvP15u', NULL, NULL),
(206, 'Kiara', 'Anderson', NULL, '2355400922', '$2y$10$uXoCL3K25Ym5UvJYUStyU.VukLJ8PScg/slfpCoEIxcW4t9osOE5.', NULL, NULL),
(207, 'Rosalind', 'Gibson', NULL, '1381820057', '$2y$10$Z7k.Z7IcoYBaSKYLK48Jj.fb50p2vnrbavLzDrg6Dh2.ONGfhANWa', NULL, NULL),
(208, 'Brianne', 'Nicolas', NULL, '9013257201', '$2y$10$E89EXm0y/P7QIv5fhhgLp.yg1GeAIJJTAqL1KlXs99kR42.uCUgVy', NULL, NULL),
(209, 'Heloise', 'Ryan', NULL, '6103200815', '$2y$10$JGO8KpYiEFA3Me.vHCrAHOngq4F5qNoZtK5rhmkJXjhzUEho/SVx6', NULL, NULL),
(210, 'Blanca', 'Fahey', NULL, '4781378371', '$2y$10$Vw00m3RS/L4VrWKRrpcgsOzM13J0bbTLvKa49QfsxoI6Pj3h2lQwC', NULL, NULL),
(211, 'Marina', 'Strosin', NULL, '7812829308', '$2y$10$KcJ16OAabI0CdsHbhOCcjeGIDfr92K9XRELl.Z2iZXayR6mMD3qzW', NULL, NULL),
(212, 'Sydnie', 'Heller', NULL, '6771142553', '$2y$10$x45W/cVLf8u/nSvyYi62o.dq8bannh0z901jLAuQwONE9i2V25teu', NULL, NULL),
(213, 'Eva', 'Kuhic', NULL, '6845603483', '$2y$10$eZLtxIlCbq0SBxMQhHpUzeQrMfY4bMAZigCVSWBvegVAthVSsZ6cC', NULL, NULL),
(214, 'Angelita', 'Hammes', NULL, '402036266', '$2y$10$V8gAzrKIj7uCB947VMPhlOf.GB2JWbOuPI5PcWiNIRrZlN9QYMlBW', NULL, NULL),
(215, 'Michelle', 'Roob', NULL, '4615098577', '$2y$10$9Otks/F98TJoJyyl/Oyw7.fe0WQ0xDv2s6heuFV4k7gDgm0pGLjYq', NULL, NULL),
(216, 'Demarcus', 'Abbott', NULL, '3116624030', '$2y$10$u0GCojemxb1ONV2QTw/MgetrV7pnvnZEpJwvTG7qCvLjvjKfPpAAS', NULL, NULL),
(217, 'Alba', 'Hickle', NULL, '2329376602', '$2y$10$8ZBxYPpT1typrzCwC48d8ug16lDxaJgXumplCqFOihLY57RLIsRDm', NULL, NULL),
(218, 'Maggie', 'Will', NULL, '4515193639', '$2y$10$oU137j8fpbflVDuTu70XL.ileeU12E0AM1s8QPQUwwkRnJg7A6z6q', NULL, NULL),
(219, 'Bridget', 'McDermott', NULL, '3943518057', '$2y$10$2mRyAnemp2vGsYFB1PCsT.fFTGB8iKTSF4Vvf.1SJ6HfK0FizU43a', NULL, NULL),
(220, 'Athena', 'Schneider', NULL, '6239355145', '$2y$10$cBDYgXi892X3483OZFC2Wu2d6ftqxzfwk2l8HtmglZUBJItsUt9wC', NULL, NULL),
(221, 'Brionna', 'Legros', NULL, '8689579607', '$2y$10$wHNIs5kJbzzHD6Apbts4EOxQ.wmVsXZbjqPuIwfbVjkMopk.h/L1u', NULL, NULL),
(222, 'Vito', 'Predovic', NULL, '5815470198', '$2y$10$4xIvdmaj.xyRujotvLt20eCiG2UVq7fEUJmdgtvKQknsl4x5GyGNS', NULL, NULL),
(223, 'Johnny', 'Abbott', NULL, '5095682221', '$2y$10$v4WSqcfwBQxEkjNFtbF/pet9rKpW7nHvpXNhY13HDQaZLx.REePsu', NULL, NULL),
(224, 'Antwan', 'Bauch', NULL, '9622893909', '$2y$10$91TMwEjNgofEjAHTxdxdme6/fUKsKX5WlXT8jyOzSV9tIhKI2yHCq', NULL, NULL),
(225, 'Bonita', 'Bruen', NULL, '2320750561', '$2y$10$Iu1oicaLk4Y3u8IlA1JjO.mYQAImD3rS8mwq6ZX7YI/r90m9r/zHa', NULL, NULL),
(226, 'Camden', 'Weissnat', NULL, '5414551897', '$2y$10$EoRbWNB7A1rtl8lqOYiaNOSZIMuVZ2bZixeF5dO9Q336BjA0Y7oEC', NULL, NULL),
(227, 'Norbert', 'Funk', NULL, '4356633505', '$2y$10$jnholRw9b5IYz8LUMVR.GO91go/8G/jA.mmJpDS4xUTlED8YDixeC', NULL, NULL),
(228, 'Vladimir', 'Cummings', NULL, '8609751479', '$2y$10$WG2sT.Ps16dImJsBznDoduerIPQ5S3wxhf1gjWxth4vbo2BlE9XpK', NULL, NULL),
(229, 'Darrick', 'Rath', NULL, '1620197274', '$2y$10$uXVywZSw/eTOn/1WyRZiV.Ds1txwB0npxWF3eOPBwlPb9qKd1y5F6', NULL, NULL),
(230, 'Rhett', 'Schaefer', NULL, '2503581256', '$2y$10$ZervpGJnbiRuUGodlqZIT.5tqk9v6nTqjfEXxHEpqFyxSM4dN3Pym', NULL, NULL),
(231, 'Mohamed', 'Ritchie', NULL, '2043180165', '$2y$10$nIx5HDEK7Y1c9CWXBT6s1uIdkAIoecp.7haC/.tqaX89Xu.6qsn8W', NULL, NULL),
(232, 'Shanon', 'Schiller', NULL, '6306075736', '$2y$10$jplay3QcAPMJEr.dFKSpfeRMyDiOGl5RiU0CmnuHM8m8dtzD5eVvW', NULL, NULL),
(233, 'Forest', 'Welch', NULL, '3002810474', '$2y$10$ofVgqKwIA7oHKKJJbpKXxe9gWM3Ql0U4js2/ejV9UOhqMWT8E.SLa', NULL, NULL),
(234, 'Bethany', 'Heaney', NULL, '1279116440', '$2y$10$PQNwqYuKqc9WFpk2DDM6C.7RMcS38AyGsxtWI8YSOpfJv5tlsb6Wi', NULL, NULL),
(235, 'Jack', 'Carter', NULL, '9188884686', '$2y$10$vw.NnnpxG7ERw8aZENnTge9SLhXKAqz/09d9PzKyE.azlc.hRHE5S', NULL, NULL),
(236, 'Vida', 'Ratke', NULL, '2769883301', '$2y$10$EiIJUOCXwwBJa8C0XmDaOukJmd6tDlzvwvbNlCHyDEzHczLgvlI/a', NULL, NULL),
(237, 'Cornelius', 'Corwin', NULL, '7535246716', '$2y$10$x1LNgiiU4rP2Fu3Ku4msz.Gf9EpUI8.cvz9vcaQk58jWEXrDqhDyu', NULL, NULL),
(238, 'Dustin', 'Rolfson', NULL, '3852050966', '$2y$10$TOqDbUyHmoeYw5dIVkGWLuxrLUrMhffyNEJAKHJBkMT7ks.tj7voe', NULL, NULL),
(239, 'Kasandra', 'Fahey', NULL, '6428310879', '$2y$10$Annkf.IL1Lj5SUNtLUkZe.5wBrCjRWUQ90ASDivYdWwHQlZVC/kPa', NULL, NULL),
(240, 'Tiana', 'Leffler', NULL, '919916492', '$2y$10$3SMC9lFGcZmkVIqz5tOE3.uWcOiunAnfVSz4OWfhwQTkyg5MlDasO', NULL, NULL),
(241, 'Anita', 'Homenick', NULL, '7443498603', '$2y$10$TscLdgZ/CPuxUCnaURvXo.vRcMVFys5fxb/SKY/Bexl68ItKZL6m2', NULL, NULL),
(242, 'Clement', 'Hauck', NULL, '7457725123', '$2y$10$KYl0rv8sMnCbIa0.gx9AJeF7doNDcHJmjEQvoRIvQKzA0dgxZ/Mga', NULL, NULL),
(243, 'Rowland', 'Waters', NULL, '688884029', '$2y$10$ZEPfGQkfM.s34/iALhGreuC1npnro3LXl3tGD6vyv.SbTB7.XWS0m', NULL, NULL),
(244, 'Janick', 'Dickinson', NULL, '7011024599', '$2y$10$pRVUAsSMvP2EB.vgeYXqzuq8DWwA3hvWPFkCxZA2GFCPcKpIcY1.e', NULL, NULL),
(245, 'Cordell', 'Hauck', NULL, '6686834214', '$2y$10$YEb/KIAwm2ZUVIzwIfU0YO6ANSqMdSsp.oES9vUbAzXaTkNjFMxgS', NULL, NULL),
(246, 'Richmond', 'Rice', NULL, '5262958059', '$2y$10$UBTTXxEgSLq0.WaSSnsStOsaqA7mUF5LzPuQ1X/Gt1WE3PpueaKj6', NULL, NULL),
(247, 'Valentina', 'Bernhard', NULL, '4499191514', '$2y$10$Zwm6vZEW6QPlPcH1hUSiwOYKIcO7OgnkGTdaY2M7EMzqQEjtEsAyK', NULL, NULL),
(248, 'Rosamond', 'Padberg', NULL, '4344103592', '$2y$10$0qFXe/xQr7S7iOzc55QXSuZHDTnVH0tSPAz1MozBnb1nnv0a3//3C', NULL, NULL),
(249, 'Jacinto', 'Gaylord', NULL, '2658370589', '$2y$10$Vbw8itqGH7JMxSaBllIaRe97GEIpsRBKdoQ8oYkbWgkHX4lgvmDXG', NULL, NULL),
(250, 'Lyric', 'Gaylord', NULL, '4741077030', '$2y$10$HmPxxHJUvNgjT6LfTMxnYey.A3h3a3spUoFt/H32IXrxtyd6lxwnu', NULL, NULL),
(251, 'Mozell', 'Moen', NULL, '7411286783', '$2y$10$MBlUmHc893aMzIslQUOQaOrZXtsERhkCROExC1f1mu22nweUDdnCe', NULL, NULL),
(252, 'Theresia', 'Dickens', NULL, '4031665072', '$2y$10$.RqRGcWXOaJgJndywl3YtuHtNL/QTko0pis27p2AitbJd3Z42tuUe', NULL, NULL),
(253, 'Felton', 'Russel', NULL, '4073697260', '$2y$10$0lwZRDvYXlTUQtSv/MUATOj53GjAbLbslXyI/XZjWPZmc0OWWfYXG', NULL, NULL),
(254, 'Summer', 'Parker', NULL, '7832718088', '$2y$10$mPBOURYsxip0GaoI8/kHg.qF9EwMsxysqR4hbQlU5iCe2vjj9CbRq', NULL, NULL),
(255, 'Bertrand', 'Marks', NULL, '1675532736', '$2y$10$iHEiXtJLvrD5XT7tYg9rY.m4oszmgFeo6piGPhZUtlvLfAMPA3pzq', NULL, NULL),
(256, 'Jacynthe', 'Bednar', NULL, '6777499255', '$2y$10$0GpIu6RJ2P6GoHnGajWlnuL7JDZFtnIz1x6NAgwCKN5vDRIVGlAv.', NULL, NULL),
(257, 'Herminia', 'Goyette', NULL, '3136139270', '$2y$10$7GGvhrkkb6AQ6AeMe3BR7OBpqcK.S0OZVKDVjWytT4TtvkUmYzTXq', NULL, NULL),
(258, 'Jermey', 'Streich', NULL, '9699748829', '$2y$10$gLAnfmoaQgkKN4GB6TlxzO/Kx4zA4LyB.1Bvhz6VkgJeELqEO3Kgy', NULL, NULL),
(259, 'Mikel', 'Marvin', NULL, '9271832432', '$2y$10$EG68T8cHC9gh5CUjBho3A.5U/Y78ZT2tSmFiF9GwmCYU2fsiaVC72', NULL, NULL),
(260, 'Fermin', 'Torphy', NULL, '2803439093', '$2y$10$OJ0O6vLfCGVEbTxnUf8w3OgSue1GBRIKP0GzLViDPRmwZdWFRX61e', NULL, NULL),
(261, 'Lauriane', 'Kerluke', NULL, '406927216', '$2y$10$s35l8QxJ0gSwqzu6daTcN.zjL4TjDvCMyiX43rKWDFXKYokSG14Ju', NULL, NULL),
(262, 'August', 'Boehm', NULL, '5160712984', '$2y$10$ozweLfruSMb5X/z3wtw8PeQSSwPluW9H4dvM51U0dHWNdJVZKG./a', NULL, NULL),
(263, 'Emmanuelle', 'Hagenes', NULL, '1719103651', '$2y$10$l0tdPo0Ji81YDqaiZZs0c.KRgcM/7.yPpwmTibZNMTkN.J1sASoP6', NULL, NULL),
(264, 'Shea', 'Bartell', NULL, '2034135745', '$2y$10$MKX7qEPru6ebJQFYYla7UedUuAjuVrX10U7u3BvW6UgDe2qz0cKya', NULL, NULL),
(265, 'Serenity', 'Haley', NULL, '5956654770', '$2y$10$Y0aZYNWJ4g2qrMxmvns8J.fsuSTkTMLMsPRL6k3K7TMVERVRgEOq6', NULL, NULL),
(266, 'Harvey', 'Lemke', NULL, '1156250483', '$2y$10$Jbr.EzGyxMglFUjwXH3WTe9UQMNjIqRH58CahUBw.MzJzGSR7mLhq', NULL, NULL),
(267, 'Aurelie', 'Tremblay', NULL, '7910096521', '$2y$10$5ib3j1qqYCBPDnbmfT8MNO1kxMfI9ePrCz/eBK3c3tyJUVAQbiR8.', NULL, NULL),
(268, 'Loren', 'Hudson', NULL, '4777307476', '$2y$10$MRLzsbaGttVJP/8lDUQun.tblQm5FjQ0mxgs45PEv2FsTkum/OFIy', NULL, NULL),
(269, 'Geoffrey', 'Dare', NULL, '101147448', '$2y$10$VY9iXumuPYaJ4d4b20BBiuWwUVYbeeSxXJdQ9W.yoBlqB1u/Fam8C', NULL, NULL),
(270, 'Vincenza', 'Boehm', NULL, '6249669672', '$2y$10$l7MwL0rNIcVFS7H4m2VJpuYqexYJ0RbkqBu0tuF1f304NtMzuf/x.', NULL, NULL),
(271, 'Howard', 'Dickens', NULL, '6398150920', '$2y$10$VsAdgi06.2z3A1A7.ekDmOrDaRfr4YkH1kYoXWQC8lf2pk2MdLBy6', NULL, NULL),
(272, 'Rolando', 'Haley', NULL, '819968913', '$2y$10$f/BVKM0GkhaF4gIXi4CoOersNlvI5QJqbfLr138KFKbehFk6jdhF.', NULL, NULL),
(273, 'Christine', 'Volkman', NULL, '5014060372', '$2y$10$FML8ohqcVjCIV5/ya/2SqO.uRrmfeMEt0kQMQ6AJZc5oPsDRNOJdO', NULL, NULL),
(274, 'Guy', 'Harris', NULL, '8044725632', '$2y$10$t0NK4yCOfBrtEkoSrRqG3e3A7xcEMFIDMgSQvzO4fhJy3.lHeicSi', NULL, NULL),
(275, 'Christ', 'Legros', NULL, '9921270109', '$2y$10$3w1Leco8CAfUnYDLa.vM2ezlvPHed5HOzRW5nrWzpbsPnBmBd6zW2', NULL, NULL),
(276, 'Dwight', 'Huels', NULL, '1072985991', '$2y$10$Nx9cM0urDAIv5ws0cVwZVu69rbf6VglBv2gWuO6KWLyWzWbIzMljG', NULL, NULL),
(277, 'Porter', 'Witting', NULL, '2942344851', '$2y$10$B7YUmYA7r9ezVHkJ44lXhOT7LFT4IzMVt8l.r6YEqmT2yMoF3E86i', NULL, NULL),
(278, 'Madie', 'Littel', NULL, '4667544050', '$2y$10$6F9Dj8aeBA6uCBLxiJpWLO3OpMmTXDNzoca46A/HPyqaIwpbVOJV6', NULL, NULL),
(279, 'Jacquelyn', 'Bogisich', NULL, '3246448311', '$2y$10$MzY3vnQeHiJ/.d59MPZnLuXLeAr6Y2jbCfXwMfhre9gwdHAtptucG', NULL, NULL),
(280, 'Daren', 'Rodriguez', NULL, '2724324121', '$2y$10$gvVkPdkImop577lcYdyW/u/zE.EGELT4nxZ1L/9upj8c7wVoqiwyK', NULL, NULL),
(281, 'Rebecca', 'Casper', NULL, '8834860416', '$2y$10$ks1ISmcI9YKEQduWHSgLk.Hhqdr.aefc7.Il19sVHfkoRDz9aVaDm', NULL, NULL),
(282, 'Iva', 'Renner', NULL, '160921384', '$2y$10$EKn6/uciZJWDuf2iWYZJ0u0PkkERGohEfsCWL7BknGNCN/ct92fvW', NULL, NULL),
(283, 'Jamil', 'Considine', NULL, '1791504166', '$2y$10$tRDM/9G2hUn6RpdLEz7Jjusbg94JLA0DXq9eqa2EPKX79K8CY2RlC', NULL, NULL),
(284, 'Edison', 'Bruen', NULL, '2599311795', '$2y$10$rtHszOs.EzSiSUAv7Spav.4Lvg7lRI9k0fkkyJ2xyvUlFLsIRjRlK', NULL, NULL),
(285, 'Javier', 'Fisher', NULL, '1675753497', '$2y$10$XDn5z/qysD5T1/85NwlRAeQGmhX3xW12o9YAEOTtXu/Q6m.EMFwVm', NULL, NULL),
(286, 'Wilmer', 'Fisher', NULL, '4383718386', '$2y$10$yp/wrKU0vSLNVkmYohnhmOZZMSIHppeL2wJt/cHmyr4/I0i0IM6E6', NULL, NULL),
(287, 'Kari', 'Cartwright', NULL, '4493595501', '$2y$10$VPmSxgY4AualV14uV1yZvOFFAdLAp58cxio8/pzbrQ4Un6H65Doum', NULL, NULL),
(288, 'Willy', 'Kshlerin', NULL, '3605557209', '$2y$10$PdT1IKBOevlQ1E1eRfQcaOkWSbB2GvlS80znEjdSdj9oB43xyNl.i', NULL, NULL),
(289, 'Lucie', 'Ruecker', NULL, '3065270067', '$2y$10$EyqvIN8ToB6pEVl2Dk.YD.T/gXhuVYzOBa.yr29ibxbZu1GCVI7I.', NULL, NULL),
(290, 'Kade', 'Connelly', NULL, '6652284227', '$2y$10$hjUECzMvBhrY2Imx75eVO.El2.CXrHKW6ZOlDLnocjikeSxW.R8sK', NULL, NULL),
(291, 'Jaylan', 'Pacocha', NULL, '6747085047', '$2y$10$6iBROxO80dF4n/pRdfXS5.uAiOlXMzuf4odmr6a6IeiE4IG0f9QV.', NULL, NULL),
(292, 'Sam', 'Mraz', NULL, '4333394940', '$2y$10$pIZZDy2DYbKFBw8/gD9.vetUGM5d2NK9NNwUhiawd9qPP7VhlZ.ci', NULL, NULL),
(293, 'Turner', 'Gerlach', NULL, '3729445424', '$2y$10$L7vAIqf8KAj8cb.vrUdRye3i4ToijxPwbo/EstdlvGXfcyoVs5SNq', NULL, NULL),
(294, 'Jade', 'Moen', NULL, '8157444462', '$2y$10$SaCYdWQCkoIOjA5wPzajhOcRZ.9v5ra/1HI8FS4QmBtQEE3pYF3Yy', NULL, NULL),
(295, 'Abbey', 'Towne', NULL, '1303245304', '$2y$10$etfd5jV/V5xIQNgHadfsxOUQuSk.YJy4hg0Q8XNXseizvzLYxNfhi', NULL, NULL),
(296, 'Giles', 'Upton', NULL, '2418927670', '$2y$10$/5mVbdblvkYxj2lKIDZsPefxMYKd3x5xA61FrAdHcPEMHgIH.epOm', NULL, NULL),
(297, 'Lorna', 'Eichmann', NULL, '7705881902', '$2y$10$IuMvIskFJzANtAXhsodZFe6rRNUanwBmIs4RZxpba2K9k7ngX3lHO', NULL, NULL),
(298, 'Diamond', 'Osinski', NULL, '8247960575', '$2y$10$0aZvvcpFsV9UNyrC9aglw.sIeqjugpyCbXMinjTGQug87v2QGHKKG', NULL, NULL),
(299, 'Caleb', 'Medhurst', NULL, '8375479432', '$2y$10$iGIgrUhwRtLFvnVELEhwpeX7JMlC/Ns8lhOzlO511xlJpO0gQBr3K', NULL, NULL),
(300, 'Annette', 'Hahn', NULL, '59056900', '$2y$10$P92Jc5uMR12FsPaYrCGsZOUw9gWEcbUygSZJ4yiQonY35isXNj.ze', NULL, NULL),
(301, 'Lucious', 'Harber', NULL, '2506111870', '$2y$10$acHB2zUGXpbS2/UbzDtza.jzMcN9UBBNlvcuQ2Jua7jDomVvlE8cS', NULL, NULL),
(302, 'Willy', 'Zboncak', NULL, '4762533732', '$2y$10$V14L4u/Y6wI9VYUaWxHcWeILiYLlXc752540X/QyO58rzosTsmfbm', NULL, NULL),
(303, 'Sam', 'Steuber', NULL, '8028177936', '$2y$10$P60xoqMT3LmbUNlumWiah.FBya2AVNARAKTNUIiPkTyVI8PHUKXuS', NULL, NULL),
(304, 'Lavonne', 'Steuber', NULL, '1300010415', '$2y$10$Fb6XfxRbI8Azu4d1/LOvDOxFrkYiccsQafjDIOjIFSILpDMIzFo36', NULL, NULL),
(305, 'Crystal', 'Pacocha', NULL, '86106217', '$2y$10$PHp7zInmAvVK9wZFVhSv8edjAigBE7o6A2LyzYGLXY8zbS9yOWHLW', NULL, NULL),
(306, 'Sophie', 'McGlynn', NULL, '9111198870', '$2y$10$O3siekkuItqej2cu3.Vje.l0MCYVwUmvXYOJ2744UN7JBZGhLx2zO', NULL, NULL),
(307, 'Jude', 'Boehm', NULL, '2706507887', '$2y$10$pFHnvIJWKu8hnTc739YLYeEPuaDqw8hI1ieI5dn3tOG0XTjGb0CWm', NULL, NULL),
(308, 'Dasia', 'Lemke', NULL, '6575119444', '$2y$10$xjIEvGEQ4bj1A/SpCbaQ4uG7XNInB/xNVsEve6NAgAkI/.Z9x6C/y', NULL, NULL),
(309, 'Gerry', 'Schmidt', NULL, '137755967', '$2y$10$zibOLFdip7h4Tuo/CZYiLOi.qTN0HJIgv8RbAhkSfXL5dJ1i41dCS', NULL, NULL),
(310, 'Myrtle', 'Goldner', NULL, '7822394348', '$2y$10$fhE5L4oZQR1aIVIXlnMQ1etT9xxW4YBIK8/bRm8nwdcy/Lgd8k.Eq', NULL, NULL),
(311, 'Bonnie', 'Reynolds', NULL, '1021420748', '$2y$10$0C4JXrWXVBRCeY8/9c2x.u2sCmtq2EEh55iEAw5GXA/x0wEIH0BTy', NULL, NULL),
(312, 'Emmet', 'Kshlerin', NULL, '7191396943', '$2y$10$bbL4jW9S5KTEFqMdGVrGJ.lxLGR3/.M.DUadQGcSFxu2e9F0wdbE.', NULL, NULL),
(313, 'Dana', 'Waters', NULL, '3104856867', '$2y$10$2G0j72l9pCE5crRlmDKlpuoUhSxxy0OoV2vEH4sz5jNThvPtqP/dq', NULL, NULL),
(314, 'Kenton', 'Hodkiewicz', NULL, '4798425207', '$2y$10$TDaAJaQpfTJjQZTD.rp1ue5nChRJWYkFHxMOZTHfdDWIIHedhkbm6', NULL, NULL),
(315, 'Jeramy', 'Block', NULL, '6736428281', '$2y$10$Die1ttFyQ53BZtgVfHxY4.o8U2Ao63b9FZOobGBbycL.T1uoCfmlu', NULL, NULL),
(316, 'Mariela', 'Medhurst', NULL, '8742709017', '$2y$10$I5wnzngiGASGWTpDOMhbi.hkIdCrtIePJVDo5DdNK8S0c73yh/VDO', NULL, NULL),
(317, 'Augustus', 'Lebsack', NULL, '406453882', '$2y$10$jabgRmkTchxfbJOItNbMbewOOAa/89fszmXC.edohC8SkDcBfbLIC', NULL, NULL),
(318, 'Terrance', 'Weimann', NULL, '2546753111', '$2y$10$Eot5jlHYPZTK7.410paD3ul0O0SPVg5C7Rzj1q.xsbHei81QPYogW', NULL, NULL),
(319, 'Cindy', 'Quitzon', NULL, '9937839031', '$2y$10$XBCLxL74ujaA8U03Rn.taOZT1OPkDuVBXZ3cpJHeqeTjKIRSU8OdO', NULL, NULL),
(320, 'Ray', 'Moen', NULL, '1231705465', '$2y$10$u7DDdOD7KA3pzb2txznjJONW3sBVbQtV5jZK5Noem8NNO9j8sM3bC', NULL, NULL),
(321, 'Pascale', 'Heidenreich', NULL, '8092843588', '$2y$10$1czTf7dCW7Sa20lrGyCUTupjwpig1lNZUVFzh0mRA/k7XUUi0B2Qe', NULL, NULL),
(322, 'Emie', 'Goldner', NULL, '9138661394', '$2y$10$wwWCKefYFiXcQLR2JOYj2uUdXMOSN7zx1oDXdv7XIainCy6xqNidG', NULL, NULL),
(323, 'Napoleon', 'McCullough', NULL, '1101482317', '$2y$10$IrNrIlVxfyfcjo4vzTJRN.RNChgwiz8Mrzw9GkWoXdsISXpvgqiNK', NULL, NULL),
(324, 'Jacynthe', 'Gusikowski', NULL, '3213182266', '$2y$10$DwCi0kCJHIyXVpVe7yacNONtHnF23rHDEhp2pByLRhiCdo5UY6Gvu', NULL, NULL),
(325, 'Linwood', 'Gerlach', NULL, '8786541775', '$2y$10$xRHWFIxR6Gyrme49MbcjlO1bme723sir9AO0AZqrMybydaaw7keei', NULL, NULL),
(326, 'Rosemary', 'Orn', NULL, '4873118463', '$2y$10$K.iF/W0X77BIZuYG07cEze8Lno6iZDjS7E0a3KLrnuzKqgcSDWnPO', NULL, NULL),
(327, 'Delmer', 'Okuneva', NULL, '5694547863', '$2y$10$USszSCrWjDaO0iBi.E8vC.3KFy1cysrYwKEsu56ocvm2hFcVvapZy', NULL, NULL),
(328, 'Terrance', 'Adams', NULL, '8898835472', '$2y$10$1jxTOB3o645Z/GfOQBzPZ.z3hlM/a8M88aiwybtcKkyuDKqeMSOGW', NULL, NULL),
(329, 'Cristal', 'Klocko', NULL, '5356780836', '$2y$10$IHeB0.khqnmwsQjfctexBe.MzrGyIRvrozX69yAmX3Ggr.6FX3HfO', NULL, NULL),
(330, 'Mireille', 'Kunde', NULL, '5920548877', '$2y$10$vzlOCh/cithKQgl6pai02uifv9K3Pztd5J7aVCfqglAi8oJhwiz7.', NULL, NULL),
(331, 'Nellie', 'Herman', NULL, '5063179125', '$2y$10$dNwFYcLoMNrQmIud2O7S4eUsAbT4QlueBhI69k/g8.3ufPE14Xeve', NULL, NULL),
(332, 'Kacey', 'Schuster', NULL, '6884080217', '$2y$10$NgTkp2pL5EvP7073AvUOTeZSWuUH6triKkUAEhwStU5yMSJzU85XW', NULL, NULL),
(333, 'Noah', 'Bernhard', NULL, '6963541748', '$2y$10$E/vc7.BZq4063dNs6UKk.eXtuIFAoEFQGAncmHTaOOoTOnIg06VKS', NULL, NULL),
(334, 'Madelynn', 'Turcotte', NULL, '1458915565', '$2y$10$9MopgVgSpNqe5eTpn29hoO/W6O2HE4Of8qWhs6QKRYu8NxWQpSc06', NULL, NULL),
(335, 'Novella', 'Wisozk', NULL, '3149497745', '$2y$10$blE1im/TlAsR7RMqZWkjaeLycFpBcpCOos5BcR28gBVKJwt7Fabuy', NULL, NULL),
(336, 'Nicolette', 'Carter', NULL, '1836952892', '$2y$10$GCOySz31hU0BlG3uPmcYjuvFxLzvPhnp.MyZazx5BVRkjmAWZQuuS', NULL, NULL),
(337, 'Casandra', 'Wisozk', NULL, '1698197278', '$2y$10$ihTYcozF/WNXHayo4ac6QOX/S2ws0YHpC5VqfuggO0MhKWZ7RLqcG', NULL, NULL),
(338, 'Kaley', 'Leffler', NULL, '2933708889', '$2y$10$zAaHIR1a/XM8cMba07bJJOsj0Z/VM9WCH2OGzqNvUCuR57Etrz92i', NULL, NULL),
(339, 'Rachelle', 'Padberg', NULL, '2997933264', '$2y$10$KbErT.crpQB/g/0BBi4.9.Y60o0wkRaraz7217W0QIqSRBsU4TbnG', NULL, NULL),
(340, 'Audie', 'Pfeffer', NULL, '5357567939', '$2y$10$ozHHaNAGnUfdr4CFiJxuyuxwhDh0mUhm1pF1ekMboSRFMmdHigkp.', NULL, NULL),
(341, 'Alfredo', 'Heathcote', NULL, '958871993', '$2y$10$JB3bQysh5ZK4pjF2EtOI3.4rYkaqTmwDDosZ8mA7ZBDYyq48gBWFy', NULL, NULL),
(342, 'Emmanuelle', 'Borer', NULL, '6342363422', '$2y$10$hJ7gh6ixodRRmNwpMQJWKOX2X8c6gi69VWXDsYFbx9L4PyJ9loGI2', NULL, NULL),
(343, 'Aylin', 'Rath', NULL, '5888444131', '$2y$10$QVUfLGEuXrjjtOMILUqZ/OunF56ghHZa3L29eiJ7sQ7rqOPn6ScYi', NULL, NULL),
(344, 'Paolo', 'Welch', NULL, '9808408256', '$2y$10$WoeVc2CYCTN0QCE6YBVB9Ohxu9ihTakoltrso5iBo0wWI0f31lWcu', NULL, NULL),
(345, 'Dixie', 'Hintz', NULL, '206612704', '$2y$10$mFFDd0i4JVwrMdt/3YK8LOqPmYj6rJdtIuGRR0uueWrWg0WKIEXTe', NULL, NULL),
(346, 'Jonathon', 'Littel', NULL, '3886564416', '$2y$10$3Ig5/ZQ21xknuxWRjHHk.Olh.Y8hwW2fkoIGivYT2xpTyxEIgBTPW', NULL, NULL),
(347, 'Roxane', 'Zieme', NULL, '3836394796', '$2y$10$M1kBcG1F8rLOSFnH5.P.lOtBm97IOPLWzfmK7DWN6UANqP.hliNXG', NULL, NULL),
(348, 'Desiree', 'Rohan', NULL, '5282328780', '$2y$10$l1ICnZwPo1CkS3TbD4Yp8e9bV3HAq3Bpt4cCbf7e.EZmtqU4iH7tO', NULL, NULL),
(349, 'Laverne', 'Wintheiser', NULL, '5237170254', '$2y$10$1pP2V7hvl4XSMJcVpnm3FedC8CzuVcKKB1EiVP76gO5YR0jO2NBE.', NULL, NULL),
(350, 'Morris', 'Herzog', NULL, '8992342758', '$2y$10$k4ShfN4YJxiUM/BLLAf9JuUOtOzBnzC5qFGf516FtOF3CkPGpoaMe', NULL, NULL),
(351, 'Corbin', 'Hamill', NULL, '9457517254', '$2y$10$oSM.P9e3.z.OGfhiUEOltu/X.T.O/VNYsENpXyVw1Tf7hRrykUOWC', NULL, NULL),
(352, 'Theo', 'Bogisich', NULL, '3513267767', '$2y$10$eaOKmVVuYUS81WrU2DOh6O9DaNGABQKfrkumi4SD8Cx.uUxxZ3xae', NULL, NULL),
(353, 'Brannon', 'Howe', NULL, '1217811115', '$2y$10$JRjqdfi5vP1lLv9zx7fWBOcgXriEbWqq17IifGc3lLsguJ8xObyDG', NULL, NULL),
(354, 'David', 'Kunde', NULL, '9582400715', '$2y$10$eYHt0v80l5yvzRydrKKJ9esvJ8SrmyASOf5.OZ.m.FOYUW9Cm4JIW', NULL, NULL),
(355, 'Rowena', 'Davis', NULL, '2066802856', '$2y$10$S47idQOfIg40HzdnTB4Mxe4qVSHBFKhFd2KsKErChxrtNynuctUne', NULL, NULL),
(356, 'Jayce', 'O\'Kon', NULL, '4625548222', '$2y$10$mhSnkiESLA2evdkgPIymO.s6oKdEYzupuFntKUl8TJ/hJtezP9eNO', NULL, NULL),
(357, 'Jairo', 'Buckridge', NULL, '5229937189', '$2y$10$7IBiKPzNjrPOmENeejGc..1horny8X3nmztU0Kuwht4mPd0Z8N3gq', NULL, NULL),
(358, 'Camden', 'Raynor', NULL, '8952513331', '$2y$10$r3bdI296pSkEOtLhId8VfucQ7PQ80Mxg.al/OIe6u9HNXWvdfnvBa', NULL, NULL),
(359, 'Jada', 'Emard', NULL, '4089503636', '$2y$10$zcGnlDW8hra7QVQCabgYW.gIWuIm7AlFzpTwte8gdwSYPLiyqFVsa', NULL, NULL),
(360, 'Elijah', 'Hilpert', NULL, '6198509828', '$2y$10$g/GoqAuncPEHyFpLAFvYX.Pjfx6iv1vZOVgwn7rC3q5m8VqXDhLMS', NULL, NULL),
(361, 'Danial', 'Bosco', NULL, '5114995730', '$2y$10$zf1zPZ78.KSrY4mWYICMuOzEqdQtLxbnaIi7IFV5NGlOsM3/XPKIa', NULL, NULL),
(362, 'Gunner', 'Jacobson', NULL, '7725160522', '$2y$10$G7lc5QR1/1PGPA7fUnHFC.4qW1Aj5HoS47Yg9mGDkuF.m5z9hoKpq', NULL, NULL),
(363, 'Britney', 'Gutkowski', NULL, '6239566825', '$2y$10$ReuVOUR.N3Lmr2mOdbkKdeDj9BlET1CFM/sH1FW0souRCBmtS3MWi', NULL, NULL),
(364, 'David', 'Gibson', NULL, '5738843937', '$2y$10$gR0qMv17zFn14ZNC7sWTluiCdNskHt8aD46wBX.bh1ufLXAUPf6Pq', NULL, NULL),
(365, 'Dewitt', 'Bashirian', NULL, '2650922284', '$2y$10$R0WP.1r/uEJ1apE/vlYp1O6Nc47uKk.VTVTEZ7BIApN3UbYZ9A7Ni', NULL, NULL),
(366, 'Cornell', 'Grady', NULL, '3899560715', '$2y$10$Bqy6Vgkc1OKe9vwK0GmL.e8G.cPIyHq.qqo2rS8kxX5epEjhS3e6i', NULL, NULL),
(367, 'Estell', 'Nitzsche', NULL, '9858087592', '$2y$10$URcoEe5.tmt.xU.ymBNCYeaI7vIRiMkH54fi6wCtNcwoSkKCIqc1S', NULL, NULL),
(368, 'Constantin', 'Gulgowski', NULL, '3083518854', '$2y$10$okz64f0ruXRsU68m.seuvOdwz5W1NmRgdQBcl.rgLw4P7tnB4MjBu', NULL, NULL),
(369, 'Shanon', 'Keeling', NULL, '1022466323', '$2y$10$0pwYnCZIxVuaN699n6ZZ.u2DhnMZDxIIh4zrqkpSD5OtRUY/nXPS6', NULL, NULL),
(370, 'Mattie', 'Koepp', NULL, '1538489571', '$2y$10$RkMABxjotNVb6wCrodgq1.CNNdsxcKNqoLk9JSfSRx1OH/QL8Zct2', NULL, NULL),
(371, 'Ettie', 'Larson', NULL, '6916872283', '$2y$10$QDRWtuFnjcH47wQ4AjYpquklj1.ER4mFodN5cOF1/kd0pjjsP7XKu', NULL, NULL),
(372, 'Lyla', 'Watsica', NULL, '8748673754', '$2y$10$k5Cafp/VgPWWWcdfABThYOtB5d16PxGKF0b58hAupB.f118JJLImO', NULL, NULL),
(373, 'Leann', 'Feil', NULL, '9977538371', '$2y$10$p2eI2F.alkBB5s2A1OWU3uMVrS/p/2Hcrv5WmA.PHUqvlruqt8QBi', NULL, NULL),
(374, 'Sandra', 'Rogahn', NULL, '4482885763', '$2y$10$eTkBUvkqRwmk94dqeHOJr.YcXPN1H2OX0f3RiQBb98Q5CblGovOeG', NULL, NULL),
(375, 'Devante', 'Raynor', NULL, '1267715584', '$2y$10$qIXnZi8JDJzpgYzn5CUbcOkaFAtNmILJL32qlO68ePIaNEA7i3JJO', NULL, NULL),
(376, 'Dillon', 'Rohan', NULL, '5659034951', '$2y$10$WvRsQ6bd/ukO45hKPrRmCO6FC9GnYFiOHhzQv2lx3StnxpmSRjO2C', NULL, NULL),
(377, 'Fred', 'Considine', NULL, '9832330327', '$2y$10$G1d9d.OpOWkVTIiEUbJbJuoO6FA/jd7.nbQteo9hhKJLugz1ssdi2', NULL, NULL),
(378, 'Golda', 'Kassulke', NULL, '2992550021', '$2y$10$xIgkQfFIJ/0On.dUXfNroOWtdX2q89DD.iAsIAjNk82JY2w91tu7C', NULL, NULL),
(379, 'Ericka', 'Homenick', NULL, '2871251512', '$2y$10$/PVhGEAny7m2dM7yDG8YbOauUE2fERqT4wAswecyvAfUG.Q/nl0qG', NULL, NULL),
(380, 'Myra', 'Renner', NULL, '1925175609', '$2y$10$OPcpQUB03Sped1TfToztCOd3jMd8iJ/0gLhqpZnugWWXC/M1qDURW', NULL, NULL),
(381, 'Joany', 'Rohan', NULL, '2421808903', '$2y$10$lo06WEDnRbbPjdMhz.WUGuoPC9FFKUY3pyVAIYmNYHVepDfP5hv36', NULL, NULL),
(382, 'Conrad', 'Wyman', NULL, '5832013941', '$2y$10$R7qd25J02GCLvkHc6ahHVesgZsSClkhxZdxl7SLIqSgGpRWauY.7S', NULL, NULL),
(383, 'Vilma', 'Strosin', NULL, '5195758474', '$2y$10$vc0GOAGSfcBFDg8FeYCIDuhiIJQQp.HWCr0Y.w08aLH.SLS2vU6rG', NULL, NULL),
(384, 'Margarita', 'Dare', NULL, '4141807666', '$2y$10$ENx3scuwAZEGniIuoDuql.4.vPJd9OFGYKPSOChjzeFQUrK7e4TcC', NULL, NULL),
(385, 'Zoie', 'Schowalter', NULL, '1774046560', '$2y$10$xbStL5fXH8xC8JpRMZha/OXtFO2JEqO7x4nY9DXbx5fNVr5/eQOiS', NULL, NULL),
(386, 'Maritza', 'Moen', NULL, '8032026709', '$2y$10$HzK8zknph8hmTkOzIa758uB0Vy36e3aFL.heGF4HcL.ZgkPVbGefG', NULL, NULL),
(387, 'Hilton', 'Considine', NULL, '8137608281', '$2y$10$niX7.n/b7hKN7ZbC8bNcGOofI4tOgXOxTkfia7l6JJCGIwVbWO1R2', NULL, NULL),
(388, 'Nora', 'Jacobson', NULL, '3836436683', '$2y$10$o.CA482g.Olzyiav/2dG9.uB7U8X12jN4e3rmdt6z3MQ3nSGJ3iLi', NULL, NULL),
(389, 'Stevie', 'Kuphal', NULL, '9299180622', '$2y$10$4Jdc/5Cuvd7W/SsxH7oSJ.ASN.5siCdB3S9SNelOgW5FnVrLvdJLS', NULL, NULL),
(390, 'Quentin', 'Kulas', NULL, '1775409414', '$2y$10$QieSSOz2Lf8MxI8H0HZzm.LBkjg6/TYivMmtfPEVSUxptGAoU4aEq', NULL, NULL),
(391, 'Selmer', 'Yost', NULL, '8245431368', '$2y$10$I/WD.Gv9MY3SWSKvss15keLBLq8TC0/GAN/ODNzAMlRwhqieVIjm6', NULL, NULL),
(392, 'Alexandre', 'Upton', NULL, '4770852275', '$2y$10$gVcWtd7cBSJDtfa/j8qmHODdtdVdMY4TbItJHvp9u5AsoxFN.wKd2', NULL, NULL),
(393, 'Tamara', 'Jakubowski', NULL, '3807821406', '$2y$10$1HKMLv40V3o60ws1VBlOQeDU.92HwGmnCKqLzVxp.hJi969kROIsS', NULL, NULL),
(394, 'Walter', 'Bode', NULL, '2789766658', '$2y$10$2vUZ5UBaaA.IAjkkbxT6VO6tUIv1/kSGJ20TxLU2dx.ZvS3zXm/ju', NULL, NULL),
(395, 'Collin', 'Kerluke', NULL, '357394529', '$2y$10$JDNHX6rJLcJreBTDWNq1l.7VaNXy8jFbJKKFiUMO2MN0UjiHM900S', NULL, NULL),
(396, 'Hector', 'Kreiger', NULL, '8611650536', '$2y$10$5ES2vVf3Lff5GQ88Yd.HqubCsSqqojwigtf55iias5OVELLPCcewi', NULL, NULL),
(397, 'Deanna', 'Schuster', NULL, '7056575278', '$2y$10$A8Fy855mTjVo/y2d.yEHHuPwOAtf.v25uLGdLuWVcn9TraueUkVoC', NULL, NULL),
(398, 'Orlando', 'Huels', NULL, '9338728412', '$2y$10$mxmpsnD7lW3imAPBl0hKveNR7Cr2VUMdcEj8fALtZ7Bj6QbR5t5B2', NULL, NULL),
(399, 'Ethel', 'Corwin', NULL, '8661821307', '$2y$10$Lek1QL9488M7UoAChSQ8ZOE1q.c4NFIQSyFEhLSaSCG4OKN1U7Stq', NULL, NULL),
(400, 'Kamron', 'West', NULL, '7866702490', '$2y$10$6wbK4CQuDYRDuqUDMhyGp.0Vljnju1L473cnrWT0vU74XxbqdIiJa', NULL, NULL);

-- --------------------------------------------------------

--
-- Table structure for table `failed_jobs`
--

CREATE TABLE `failed_jobs` (
  `id` bigint(20) UNSIGNED NOT NULL,
  `uuid` varchar(255) NOT NULL,
  `connection` text NOT NULL,
  `queue` text NOT NULL,
  `payload` longtext NOT NULL,
  `exception` longtext NOT NULL,
  `failed_at` timestamp NOT NULL DEFAULT current_timestamp()
) ENGINE=InnoDB DEFAULT CHARSET=utf8mb4 COLLATE=utf8mb4_unicode_ci;

-- --------------------------------------------------------

--
-- Table structure for table `migrations`
--

CREATE TABLE `migrations` (
  `id` int(10) UNSIGNED NOT NULL,
  `migration` varchar(255) NOT NULL,
  `batch` int(11) NOT NULL
) ENGINE=InnoDB DEFAULT CHARSET=utf8mb4 COLLATE=utf8mb4_unicode_ci;

-- --------------------------------------------------------

--
-- Table structure for table `password_resets`
--

CREATE TABLE `password_resets` (
  `email` varchar(255) NOT NULL,
  `token` varchar(255) NOT NULL,
  `created_at` timestamp NULL DEFAULT NULL
) ENGINE=InnoDB DEFAULT CHARSET=utf8mb4 COLLATE=utf8mb4_unicode_ci;

-- --------------------------------------------------------

--
-- Table structure for table `permit`
--

CREATE TABLE `permit` (
  `id` bigint(20) UNSIGNED NOT NULL,
  `permit_place` varchar(255) NOT NULL
) ENGINE=InnoDB DEFAULT CHARSET=utf8mb4 COLLATE=utf8mb4_unicode_ci;

-- --------------------------------------------------------

--
-- Table structure for table `personal_access_tokens`
--

CREATE TABLE `personal_access_tokens` (
  `id` bigint(20) UNSIGNED NOT NULL,
  `tokenable_type` varchar(255) NOT NULL,
  `tokenable_id` bigint(20) UNSIGNED NOT NULL,
  `name` varchar(255) NOT NULL,
  `token` varchar(64) NOT NULL,
  `abilities` text DEFAULT NULL,
  `last_used_at` timestamp NULL DEFAULT NULL,
  `expires_at` timestamp NULL DEFAULT NULL,
  `created_at` timestamp NULL DEFAULT NULL,
  `updated_at` timestamp NULL DEFAULT NULL
) ENGINE=InnoDB DEFAULT CHARSET=utf8mb4 COLLATE=utf8mb4_unicode_ci;

-- --------------------------------------------------------

--
-- Table structure for table `price`
--

CREATE TABLE `price` (
  `id` bigint(20) UNSIGNED NOT NULL,
  `cgst` varchar(40) NOT NULL,
  `sgst` varchar(40) NOT NULL,
  `igst` varchar(40) NOT NULL,
  `night_charges` varchar(40) NOT NULL DEFAULT '0',
  `booking_charges` varchar(40) NOT NULL,
  `gst_number` varchar(40) DEFAULT NULL,
  `created_at` timestamp NULL DEFAULT NULL,
  `updated_at` timestamp NULL DEFAULT NULL
) ENGINE=InnoDB DEFAULT CHARSET=utf8mb4 COLLATE=utf8mb4_unicode_ci;

--
-- Dumping data for table `price`
--

INSERT INTO `price` (`id`, `cgst`, `sgst`, `igst`, `night_charges`, `booking_charges`, `gst_number`, `created_at`, `updated_at`) VALUES
(1, '6', '6', '0', '0', '200', NULL, NULL, NULL);

-- --------------------------------------------------------

--
-- Table structure for table `qrcode`
--

CREATE TABLE `qrcode` (
  `id` bigint(20) UNSIGNED NOT NULL,
  `qrcode` varchar(100) NOT NULL,
  `created_at` timestamp NULL DEFAULT NULL,
  `updated_at` timestamp NULL DEFAULT NULL
) ENGINE=InnoDB DEFAULT CHARSET=utf8mb4 COLLATE=utf8mb4_unicode_ci;

-- --------------------------------------------------------

--
-- Table structure for table `queue`
--

CREATE TABLE `queue` (
  `id` bigint(20) UNSIGNED NOT NULL,
  `relation_id` int(11) NOT NULL,
  `arrive_time` varchar(40) NOT NULL,
  `status` tinyint(4) NOT NULL DEFAULT 1,
  `created_at` timestamp NULL DEFAULT NULL,
  `updated_at` timestamp NULL DEFAULT NULL
) ENGINE=InnoDB DEFAULT CHARSET=utf8mb4 COLLATE=utf8mb4_unicode_ci;

--
-- Dumping data for table `queue`
--

INSERT INTO `queue` (`id`, `relation_id`, `arrive_time`, `status`, `created_at`, `updated_at`) VALUES
(1, 1, '2023-04-30 08:33:56', 1, NULL, NULL),
(2, 2, '2023-05-02 22:43:17', 1, NULL, NULL),
(3, 3, '2023-04-08 15:55:36', 1, NULL, NULL),
(4, 4, '2023-05-03 05:46:00', 1, NULL, NULL),
(5, 5, '2023-04-27 11:52:30', 1, NULL, NULL),
(6, 6, '2023-04-29 02:28:50', 1, NULL, NULL),
(7, 7, '2023-05-03 04:30:58', 1, NULL, NULL),
(8, 8, '2023-04-29 05:53:39', 1, NULL, NULL),
(9, 9, '2023-04-14 05:15:22', 1, NULL, NULL),
(10, 10, '2023-04-24 17:02:18', 1, NULL, NULL),
(11, 11, '2023-04-24 15:23:31', 1, NULL, NULL),
(12, 12, '2023-05-01 04:01:03', 1, NULL, NULL),
(13, 13, '2023-04-30 20:03:18', 1, NULL, NULL),
(14, 14, '2023-04-19 10:03:56', 1, NULL, NULL),
(15, 15, '2023-05-03 23:00:11', 1, NULL, NULL),
(16, 16, '2023-05-03 14:39:57', 1, NULL, NULL),
(17, 17, '2023-04-22 15:19:30', 1, NULL, NULL),
(18, 18, '2023-04-17 01:05:41', 1, NULL, NULL),
(19, 19, '2023-05-04 07:41:09', 1, NULL, NULL),
(20, 20, '2023-04-19 22:41:57', 1, NULL, NULL),
(21, 21, '2023-04-22 10:01:06', 1, NULL, NULL),
(22, 22, '2023-04-17 00:32:32', 1, NULL, NULL),
(23, 23, '2023-05-07 03:40:48', 1, NULL, NULL),
(24, 24, '2023-04-25 16:55:07', 1, NULL, NULL),
(25, 25, '2023-04-15 21:30:57', 1, NULL, NULL),
(26, 26, '2023-04-17 16:44:51', 1, NULL, NULL),
(27, 27, '2023-04-26 07:13:54', 1, NULL, NULL),
(28, 28, '2023-04-15 10:44:54', 1, NULL, NULL),
(29, 29, '2023-04-18 01:31:09', 1, NULL, NULL),
(30, 30, '2023-05-08 10:05:20', 1, NULL, NULL),
(31, 31, '2023-04-16 13:48:02', 1, NULL, NULL),
(32, 32, '2023-04-19 17:07:01', 1, NULL, NULL),
(33, 33, '2023-04-17 09:47:02', 1, NULL, NULL),
(34, 34, '2023-04-30 11:10:31', 1, NULL, NULL),
(35, 35, '2023-04-27 17:42:13', 1, NULL, NULL),
(36, 36, '2023-05-06 04:04:29', 1, NULL, NULL),
(37, 37, '2023-05-04 11:45:07', 1, NULL, NULL),
(38, 38, '2023-04-09 18:49:37', 1, NULL, NULL),
(39, 39, '2023-05-06 07:06:26', 1, NULL, NULL),
(40, 40, '2023-04-24 02:23:17', 1, NULL, NULL),
(41, 41, '2023-04-11 09:47:28', 1, NULL, NULL),
(42, 42, '2023-05-04 03:58:51', 1, NULL, NULL),
(43, 43, '2023-04-25 22:00:24', 1, NULL, NULL),
(44, 44, '2023-04-19 20:46:47', 1, NULL, NULL),
(45, 45, '2023-05-07 03:28:48', 1, NULL, NULL),
(46, 46, '2023-04-13 11:44:22', 1, NULL, NULL),
(47, 47, '2023-04-26 00:45:36', 1, NULL, NULL),
(48, 48, '2023-04-13 03:05:26', 1, NULL, NULL),
(49, 49, '2023-04-21 10:53:45', 1, NULL, NULL),
(50, 50, '2023-04-28 11:50:38', 1, NULL, NULL),
(51, 51, '2023-04-21 05:18:51', 1, NULL, NULL),
(52, 52, '2023-04-16 03:42:28', 1, NULL, NULL),
(53, 53, '2023-04-09 09:32:35', 1, NULL, NULL),
(54, 54, '2023-04-23 17:17:58', 1, NULL, NULL),
(55, 55, '2023-05-02 19:12:25', 1, NULL, NULL),
(56, 56, '2023-04-18 09:53:50', 1, NULL, NULL),
(57, 57, '2023-05-06 12:19:09', 1, NULL, NULL),
(58, 58, '2023-04-29 12:58:29', 1, NULL, NULL),
(59, 59, '2023-04-19 17:09:07', 1, NULL, NULL),
(60, 60, '2023-04-09 11:01:11', 1, NULL, NULL),
(61, 61, '2023-04-11 22:45:52', 1, NULL, NULL),
(62, 62, '2023-04-17 15:29:13', 1, NULL, NULL),
(63, 63, '2023-05-08 02:26:42', 1, NULL, NULL),
(64, 64, '2023-04-26 23:04:40', 1, NULL, NULL),
(65, 65, '2023-04-22 01:15:31', 1, NULL, NULL),
(66, 66, '2023-04-14 02:29:30', 1, NULL, NULL),
(67, 67, '2023-05-05 04:04:44', 1, NULL, NULL),
(68, 68, '2023-04-12 09:17:07', 1, NULL, NULL),
(69, 69, '2023-05-01 06:28:26', 1, NULL, NULL),
(70, 70, '2023-04-25 13:50:52', 1, NULL, NULL),
(71, 71, '2023-04-14 13:32:22', 1, NULL, NULL),
(72, 72, '2023-04-27 10:59:58', 1, NULL, NULL),
(73, 73, '2023-05-04 04:52:44', 1, NULL, NULL),
(74, 74, '2023-04-25 15:45:13', 1, NULL, NULL),
(75, 75, '2023-05-04 15:11:51', 1, NULL, NULL),
(76, 76, '2023-05-07 20:11:30', 1, NULL, NULL),
(77, 77, '2023-05-05 15:43:58', 1, NULL, NULL),
(78, 78, '2023-05-01 11:54:24', 1, NULL, NULL),
(79, 79, '2023-04-26 23:09:30', 1, NULL, NULL),
(80, 80, '2023-04-23 18:06:58', 1, NULL, NULL),
(81, 81, '2023-04-28 18:50:57', 1, NULL, NULL),
(82, 82, '2023-05-05 02:20:41', 1, NULL, NULL),
(83, 83, '2023-05-02 06:39:12', 1, NULL, NULL),
(84, 84, '2023-05-01 07:21:11', 1, NULL, NULL),
(85, 85, '2023-04-20 11:16:10', 1, NULL, NULL),
(86, 86, '2023-04-14 19:56:49', 1, NULL, NULL),
(87, 87, '2023-04-15 23:10:46', 1, NULL, NULL),
(88, 88, '2023-04-25 13:39:35', 1, NULL, NULL),
(89, 89, '2023-04-19 00:26:36', 1, NULL, NULL),
(90, 90, '2023-04-27 17:34:48', 1, NULL, NULL),
(91, 91, '2023-04-14 19:46:34', 1, NULL, NULL),
(92, 92, '2023-04-22 00:28:51', 1, NULL, NULL),
(93, 93, '2023-04-25 16:31:21', 1, NULL, NULL),
(94, 94, '2023-05-07 23:33:13', 1, NULL, NULL),
(95, 95, '2023-05-07 16:26:58', 1, NULL, NULL),
(96, 96, '2023-04-24 17:55:22', 1, NULL, NULL),
(97, 97, '2023-04-13 12:13:24', 1, NULL, NULL),
(98, 98, '2023-04-30 11:40:43', 1, NULL, NULL),
(99, 99, '2023-04-17 19:15:11', 1, NULL, NULL),
(100, 100, '2023-04-17 16:55:20', 1, NULL, NULL),
(101, 101, '2023-04-29 18:43:11', 1, NULL, NULL),
(102, 102, '2023-04-20 22:41:32', 1, NULL, NULL),
(103, 103, '2023-05-04 20:08:20', 1, NULL, NULL),
(104, 104, '2023-05-01 01:36:32', 1, NULL, NULL),
(105, 105, '2023-04-28 06:37:51', 1, NULL, NULL),
(106, 106, '2023-04-22 01:04:39', 1, NULL, NULL),
(107, 107, '2023-04-24 11:27:34', 1, NULL, NULL),
(108, 108, '2023-04-20 19:25:43', 1, NULL, NULL),
(109, 109, '2023-05-07 18:18:28', 1, NULL, NULL),
(110, 110, '2023-05-02 21:22:38', 1, NULL, NULL),
(111, 111, '2023-05-07 11:10:27', 1, NULL, NULL),
(112, 112, '2023-04-29 21:49:41', 1, NULL, NULL),
(113, 113, '2023-04-13 07:10:15', 1, NULL, NULL),
(114, 114, '2023-04-20 11:46:25', 1, NULL, NULL),
(115, 115, '2023-04-21 21:46:56', 1, NULL, NULL),
(116, 116, '2023-04-20 08:29:02', 1, NULL, NULL),
(117, 117, '2023-05-03 11:14:32', 1, NULL, NULL),
(118, 118, '2023-04-19 01:48:40', 1, NULL, NULL),
(119, 119, '2023-04-28 14:50:58', 1, NULL, NULL),
(120, 120, '2023-04-30 00:18:04', 1, NULL, NULL),
(121, 121, '2023-05-06 05:49:04', 1, NULL, NULL),
(122, 122, '2023-04-13 21:28:43', 1, NULL, NULL),
(123, 123, '2023-05-04 18:46:44', 1, NULL, NULL),
(124, 124, '2023-04-27 12:51:04', 1, NULL, NULL),
(125, 125, '2023-04-21 21:50:44', 1, NULL, NULL),
(126, 126, '2023-04-15 15:49:19', 1, NULL, NULL),
(127, 127, '2023-04-25 20:11:51', 1, NULL, NULL),
(128, 128, '2023-05-02 21:25:21', 1, NULL, NULL),
(129, 129, '2023-05-08 08:07:49', 1, NULL, NULL),
(130, 130, '2023-04-28 22:09:48', 1, NULL, NULL),
(131, 131, '2023-05-01 12:19:51', 1, NULL, NULL),
(132, 132, '2023-05-03 03:16:54', 1, NULL, NULL),
(133, 133, '2023-04-16 14:40:12', 1, NULL, NULL),
(134, 134, '2023-05-01 03:53:37', 1, NULL, NULL),
(135, 135, '2023-04-20 13:13:49', 1, NULL, NULL),
(136, 136, '2023-04-30 13:59:17', 1, NULL, NULL),
(137, 137, '2023-05-08 02:15:54', 1, NULL, NULL),
(138, 138, '2023-04-30 10:13:04', 1, NULL, NULL),
(139, 139, '2023-04-12 08:52:49', 1, NULL, NULL),
(140, 140, '2023-05-01 14:46:02', 1, NULL, NULL),
(141, 141, '2023-04-24 11:06:12', 1, NULL, NULL),
(142, 142, '2023-05-05 13:13:41', 1, NULL, NULL),
(143, 143, '2023-04-24 17:12:08', 1, NULL, NULL),
(144, 144, '2023-05-02 22:41:57', 1, NULL, NULL),
(145, 145, '2023-04-13 15:25:51', 1, NULL, NULL),
(146, 146, '2023-04-19 21:10:37', 1, NULL, NULL),
(147, 147, '2023-04-16 07:37:48', 1, NULL, NULL),
(148, 148, '2023-04-16 11:04:38', 1, NULL, NULL),
(149, 149, '2023-04-12 09:56:19', 1, NULL, NULL),
(150, 150, '2023-04-11 05:48:17', 1, NULL, NULL),
(151, 151, '2023-04-30 05:30:37', 1, NULL, NULL),
(152, 152, '2023-04-09 01:31:23', 1, NULL, NULL),
(153, 153, '2023-05-02 22:58:32', 1, NULL, NULL),
(154, 154, '2023-04-19 04:40:46', 1, NULL, NULL),
(155, 155, '2023-04-22 22:25:14', 1, NULL, NULL),
(156, 156, '2023-04-24 07:12:48', 1, NULL, NULL),
(157, 157, '2023-04-22 05:14:46', 1, NULL, NULL),
(158, 158, '2023-04-15 21:45:22', 1, NULL, NULL),
(159, 159, '2023-04-27 06:34:50', 1, NULL, NULL),
(160, 160, '2023-04-30 09:44:27', 1, NULL, NULL),
(161, 161, '2023-04-21 00:56:09', 1, NULL, NULL),
(162, 162, '2023-05-01 21:29:43', 1, NULL, NULL),
(163, 163, '2023-05-05 07:41:26', 1, NULL, NULL),
(164, 164, '2023-05-03 22:56:36', 1, NULL, NULL),
(165, 165, '2023-04-26 06:36:42', 1, NULL, NULL),
(166, 166, '2023-05-01 18:59:13', 1, NULL, NULL),
(167, 167, '2023-05-07 22:19:29', 1, NULL, NULL),
(168, 168, '2023-04-27 13:10:31', 1, NULL, NULL),
(169, 169, '2023-04-19 16:38:07', 1, NULL, NULL),
(170, 170, '2023-05-01 05:24:07', 1, NULL, NULL),
(171, 171, '2023-04-29 06:13:15', 1, NULL, NULL),
(172, 172, '2023-04-29 03:21:32', 1, NULL, NULL),
(173, 173, '2023-04-08 23:20:27', 1, NULL, NULL),
(174, 174, '2023-05-05 16:21:48', 1, NULL, NULL),
(175, 175, '2023-05-02 08:38:36', 1, NULL, NULL),
(176, 176, '2023-04-21 04:28:47', 1, NULL, NULL),
(177, 177, '2023-05-05 11:01:10', 1, NULL, NULL),
(178, 178, '2023-04-15 13:22:30', 1, NULL, NULL),
(179, 179, '2023-04-16 23:11:48', 1, NULL, NULL),
(180, 180, '2023-05-07 14:07:12', 1, NULL, NULL),
(181, 181, '2023-04-14 01:38:44', 1, NULL, NULL),
(182, 182, '2023-04-20 08:19:18', 1, NULL, NULL),
(183, 183, '2023-05-04 23:01:27', 1, NULL, NULL),
(184, 184, '2023-04-08 17:47:29', 1, NULL, NULL),
(185, 185, '2023-05-03 09:57:11', 1, NULL, NULL),
(186, 186, '2023-04-25 14:28:55', 1, NULL, NULL),
(187, 187, '2023-04-18 23:07:06', 1, NULL, NULL),
(188, 188, '2023-04-17 00:00:06', 1, NULL, NULL),
(189, 189, '2023-04-17 00:50:02', 1, NULL, NULL),
(190, 190, '2023-04-29 17:41:38', 1, NULL, NULL),
(191, 191, '2023-04-24 14:04:15', 1, NULL, NULL),
(192, 192, '2023-05-02 00:32:22', 1, NULL, NULL),
(193, 193, '2023-04-22 07:32:51', 1, NULL, NULL),
(194, 194, '2023-05-07 17:47:57', 1, NULL, NULL),
(195, 195, '2023-04-22 09:05:05', 1, NULL, NULL),
(196, 196, '2023-04-10 14:27:07', 1, NULL, NULL),
(197, 197, '2023-05-06 04:38:19', 1, NULL, NULL),
(198, 198, '2023-04-19 03:32:51', 1, NULL, NULL),
(199, 199, '2023-04-21 12:39:37', 1, NULL, NULL),
(200, 200, '2023-04-29 18:51:26', 1, NULL, NULL),
(201, 201, '2023-05-01 09:29:43', 1, NULL, NULL),
(202, 202, '2023-05-04 07:48:27', 1, NULL, NULL),
(203, 203, '2023-05-03 16:18:49', 1, NULL, NULL),
(204, 204, '2023-04-29 15:12:10', 1, NULL, NULL),
(205, 205, '2023-04-21 10:18:52', 1, NULL, NULL),
(206, 206, '2023-05-08 04:43:43', 1, NULL, NULL),
(207, 207, '2023-05-06 07:44:30', 1, NULL, NULL),
(208, 208, '2023-04-24 19:49:00', 1, NULL, NULL),
(209, 209, '2023-04-30 17:01:47', 1, NULL, NULL),
(210, 210, '2023-05-01 06:39:38', 1, NULL, NULL),
(211, 211, '2023-04-25 01:02:19', 1, NULL, NULL),
(212, 212, '2023-04-17 17:17:28', 1, NULL, NULL),
(213, 213, '2023-04-16 03:45:47', 1, NULL, NULL),
(214, 214, '2023-04-28 21:47:33', 1, NULL, NULL),
(215, 215, '2023-04-17 22:27:43', 1, NULL, NULL),
(216, 216, '2023-04-30 22:11:26', 1, NULL, NULL),
(217, 217, '2023-04-27 06:51:54', 1, NULL, NULL),
(218, 218, '2023-05-04 13:12:20', 1, NULL, NULL),
(219, 219, '2023-04-27 11:52:58', 1, NULL, NULL),
(220, 220, '2023-04-23 22:14:16', 1, NULL, NULL),
(221, 221, '2023-04-20 19:41:28', 1, NULL, NULL),
(222, 222, '2023-05-07 08:47:50', 1, NULL, NULL),
(223, 223, '2023-04-22 08:06:05', 1, NULL, NULL),
(224, 224, '2023-04-09 18:44:44', 1, NULL, NULL),
(225, 225, '2023-05-07 05:26:55', 1, NULL, NULL),
(226, 226, '2023-05-06 05:16:51', 1, NULL, NULL),
(227, 227, '2023-04-28 13:13:27', 1, NULL, NULL),
(228, 228, '2023-04-23 03:52:50', 1, NULL, NULL),
(229, 229, '2023-05-04 19:11:00', 1, NULL, NULL),
(230, 230, '2023-04-12 03:32:33', 1, NULL, NULL),
(231, 231, '2023-04-14 17:46:27', 1, NULL, NULL),
(232, 232, '2023-04-30 13:30:16', 1, NULL, NULL),
(233, 233, '2023-04-25 23:18:42', 1, NULL, NULL),
(234, 234, '2023-05-03 22:32:37', 1, NULL, NULL),
(235, 235, '2023-04-11 18:05:17', 1, NULL, NULL),
(236, 236, '2023-04-23 16:53:02', 1, NULL, NULL),
(237, 237, '2023-05-06 04:38:26', 1, NULL, NULL),
(238, 238, '2023-04-16 14:43:33', 1, NULL, NULL),
(239, 239, '2023-04-11 21:56:03', 1, NULL, NULL),
(240, 240, '2023-04-16 01:06:23', 1, NULL, NULL),
(241, 241, '2023-04-28 13:50:48', 1, NULL, NULL),
(242, 242, '2023-04-23 07:11:40', 1, NULL, NULL),
(243, 243, '2023-04-23 06:41:17', 1, NULL, NULL),
(244, 244, '2023-04-10 21:55:40', 1, NULL, NULL),
(245, 245, '2023-04-17 23:18:54', 1, NULL, NULL),
(246, 246, '2023-05-04 19:25:06', 1, NULL, NULL),
(247, 247, '2023-04-23 07:00:01', 1, NULL, NULL),
(248, 248, '2023-04-30 13:48:34', 1, NULL, NULL),
(249, 249, '2023-04-13 21:56:16', 1, NULL, NULL),
(250, 250, '2023-04-26 10:07:58', 1, NULL, NULL),
(251, 251, '2023-04-29 17:08:18', 1, NULL, NULL),
(252, 252, '2023-04-29 16:44:35', 1, NULL, NULL),
(253, 253, '2023-05-02 23:57:04', 1, NULL, NULL),
(254, 254, '2023-04-19 13:45:10', 1, NULL, NULL),
(255, 255, '2023-05-08 11:24:14', 1, NULL, NULL),
(256, 256, '2023-04-17 17:00:53', 1, NULL, NULL),
(257, 257, '2023-04-10 04:10:12', 1, NULL, NULL),
(258, 258, '2023-04-26 02:26:11', 1, NULL, NULL),
(259, 259, '2023-04-10 23:06:55', 1, NULL, NULL),
(260, 260, '2023-04-24 01:37:40', 1, NULL, NULL),
(261, 261, '2023-04-20 04:56:14', 1, NULL, NULL),
(262, 262, '2023-05-03 22:40:08', 1, NULL, NULL),
(263, 263, '2023-04-10 18:10:07', 1, NULL, NULL),
(264, 264, '2023-05-03 13:37:39', 1, NULL, NULL),
(265, 265, '2023-04-27 08:42:49', 1, NULL, NULL),
(266, 266, '2023-05-04 15:34:21', 1, NULL, NULL),
(267, 267, '2023-04-20 03:26:12', 1, NULL, NULL),
(268, 268, '2023-04-25 08:12:12', 1, NULL, NULL),
(269, 269, '2023-05-02 22:30:41', 1, NULL, NULL),
(270, 270, '2023-04-12 04:40:36', 1, NULL, NULL),
(271, 271, '2023-05-02 17:23:44', 1, NULL, NULL),
(272, 272, '2023-04-24 12:02:17', 1, NULL, NULL),
(273, 273, '2023-04-25 12:02:44', 1, NULL, NULL),
(274, 274, '2023-05-02 14:42:49', 1, NULL, NULL),
(275, 275, '2023-05-08 14:19:18', 1, NULL, NULL),
(276, 276, '2023-04-08 20:02:03', 1, NULL, NULL),
(277, 277, '2023-04-24 11:10:12', 1, NULL, NULL),
(278, 278, '2023-04-20 23:33:28', 1, NULL, NULL),
(279, 279, '2023-04-12 20:46:28', 1, NULL, NULL),
(280, 280, '2023-04-17 16:55:34', 1, NULL, NULL),
(281, 281, '2023-04-17 06:49:53', 1, NULL, NULL),
(282, 282, '2023-05-03 04:51:12', 1, NULL, NULL),
(283, 283, '2023-04-11 00:20:08', 1, NULL, NULL),
(284, 284, '2023-05-01 09:37:45', 1, NULL, NULL),
(285, 285, '2023-04-28 22:51:26', 1, NULL, NULL),
(286, 286, '2023-05-01 09:38:12', 1, NULL, NULL),
(287, 287, '2023-04-13 17:55:28', 1, NULL, NULL),
(288, 288, '2023-04-21 19:12:13', 1, NULL, NULL),
(289, 289, '2023-05-06 03:28:21', 1, NULL, NULL),
(290, 290, '2023-04-16 12:15:56', 1, NULL, NULL),
(291, 291, '2023-04-29 19:38:40', 1, NULL, NULL),
(292, 292, '2023-05-06 17:56:26', 1, NULL, NULL),
(293, 293, '2023-04-27 08:27:18', 1, NULL, NULL),
(294, 294, '2023-04-22 17:12:15', 1, NULL, NULL),
(295, 295, '2023-04-17 14:26:04', 1, NULL, NULL),
(296, 296, '2023-05-07 00:06:46', 1, NULL, NULL),
(297, 297, '2023-04-26 05:52:43', 1, NULL, NULL),
(298, 298, '2023-04-25 08:50:02', 1, NULL, NULL),
(299, 299, '2023-05-03 04:41:09', 1, NULL, NULL),
(300, 300, '2023-04-22 13:39:29', 1, NULL, NULL),
(301, 301, '2023-04-17 15:20:28', 1, NULL, NULL),
(302, 302, '2023-04-08 19:44:42', 1, NULL, NULL),
(303, 303, '2023-05-05 00:58:36', 1, NULL, NULL),
(304, 304, '2023-04-18 07:57:45', 1, NULL, NULL),
(305, 305, '2023-04-09 22:24:57', 1, NULL, NULL),
(306, 306, '2023-04-25 02:40:35', 1, NULL, NULL),
(307, 307, '2023-04-29 11:05:02', 1, NULL, NULL),
(308, 308, '2023-04-30 00:10:27', 1, NULL, NULL),
(309, 309, '2023-04-25 11:37:25', 1, NULL, NULL),
(310, 310, '2023-05-05 00:21:37', 1, NULL, NULL),
(311, 311, '2023-04-16 10:19:35', 1, NULL, NULL),
(312, 312, '2023-05-01 19:24:14', 1, NULL, NULL),
(313, 313, '2023-05-06 00:29:10', 1, NULL, NULL),
(314, 314, '2023-05-04 16:40:38', 1, NULL, NULL),
(315, 315, '2023-04-25 00:56:25', 1, NULL, NULL),
(316, 316, '2023-05-03 15:08:23', 1, NULL, NULL),
(317, 317, '2023-04-26 19:13:45', 1, NULL, NULL),
(318, 318, '2023-04-14 04:25:05', 1, NULL, NULL),
(319, 319, '2023-05-01 11:42:06', 1, NULL, NULL),
(320, 320, '2023-05-01 14:14:16', 1, NULL, NULL),
(321, 321, '2023-04-12 23:21:12', 1, NULL, NULL),
(322, 322, '2023-04-24 14:37:29', 1, NULL, NULL),
(323, 323, '2023-04-17 03:03:30', 1, NULL, NULL),
(324, 324, '2023-05-01 19:33:38', 1, NULL, NULL),
(325, 325, '2023-04-26 23:02:24', 1, NULL, NULL),
(326, 326, '2023-05-02 20:50:52', 1, NULL, NULL),
(327, 327, '2023-04-24 22:57:15', 1, NULL, NULL),
(328, 328, '2023-04-08 18:57:45', 1, NULL, NULL),
(329, 329, '2023-04-24 07:27:50', 1, NULL, NULL),
(330, 330, '2023-04-28 06:40:06', 1, NULL, NULL),
(331, 331, '2023-04-16 09:22:40', 1, NULL, NULL),
(332, 332, '2023-05-07 14:52:01', 1, NULL, NULL),
(333, 333, '2023-05-02 12:54:44', 1, NULL, NULL),
(334, 334, '2023-04-17 10:05:05', 1, NULL, NULL),
(335, 335, '2023-04-09 19:05:37', 1, NULL, NULL),
(336, 336, '2023-04-27 00:41:35', 1, NULL, NULL),
(337, 337, '2023-04-11 02:01:06', 1, NULL, NULL),
(338, 338, '2023-05-01 06:58:44', 1, NULL, NULL),
(339, 339, '2023-04-16 14:37:40', 1, NULL, NULL),
(340, 340, '2023-04-15 17:07:38', 1, NULL, NULL),
(341, 341, '2023-04-10 18:56:16', 1, NULL, NULL),
(342, 342, '2023-04-12 01:36:09', 1, NULL, NULL),
(343, 343, '2023-04-30 23:24:31', 1, NULL, NULL),
(344, 344, '2023-04-26 13:21:15', 1, NULL, NULL),
(345, 345, '2023-04-26 02:44:14', 1, NULL, NULL),
(346, 346, '2023-04-21 18:27:47', 1, NULL, NULL),
(347, 347, '2023-04-19 14:58:49', 1, NULL, NULL),
(348, 348, '2023-05-05 21:00:56', 1, NULL, NULL),
(349, 349, '2023-05-02 07:28:01', 1, NULL, NULL),
(350, 350, '2023-04-13 03:32:07', 1, NULL, NULL),
(351, 351, '2023-04-10 12:54:21', 1, NULL, NULL),
(352, 352, '2023-04-10 18:47:42', 1, NULL, NULL),
(353, 353, '2023-04-28 09:19:22', 1, NULL, NULL),
(354, 354, '2023-04-30 09:41:20', 1, NULL, NULL),
(355, 355, '2023-05-07 21:31:43', 1, NULL, NULL),
(356, 356, '2023-05-08 10:08:48', 1, NULL, NULL),
(357, 357, '2023-05-01 14:57:09', 1, NULL, NULL),
(358, 358, '2023-04-13 12:34:34', 1, NULL, NULL),
(359, 359, '2023-04-22 15:16:09', 1, NULL, NULL),
(360, 360, '2023-04-19 01:47:07', 1, NULL, NULL),
(361, 361, '2023-05-01 15:44:29', 1, NULL, NULL),
(362, 362, '2023-04-22 12:09:08', 1, NULL, NULL),
(363, 363, '2023-04-13 06:38:42', 1, NULL, NULL),
(364, 364, '2023-04-22 14:10:36', 1, NULL, NULL),
(365, 365, '2023-04-20 19:30:43', 1, NULL, NULL),
(366, 366, '2023-05-04 17:47:34', 1, NULL, NULL),
(367, 367, '2023-04-28 15:26:38', 1, NULL, NULL),
(368, 368, '2023-04-14 10:28:44', 1, NULL, NULL),
(369, 369, '2023-04-09 06:55:45', 1, NULL, NULL),
(370, 370, '2023-04-12 19:58:15', 1, NULL, NULL),
(371, 371, '2023-04-14 08:18:23', 1, NULL, NULL),
(372, 372, '2023-04-25 15:58:38', 1, NULL, NULL),
(373, 373, '2023-04-10 11:26:07', 1, NULL, NULL),
(374, 374, '2023-05-04 09:01:05', 1, NULL, NULL),
(375, 375, '2023-05-05 16:33:14', 1, NULL, NULL),
(376, 376, '2023-05-04 13:24:07', 1, NULL, NULL),
(377, 377, '2023-05-01 01:28:12', 1, NULL, NULL),
(378, 378, '2023-05-03 23:17:04', 1, NULL, NULL),
(379, 379, '2023-04-27 00:14:54', 1, NULL, NULL),
(380, 380, '2023-04-14 10:45:24', 1, NULL, NULL),
(381, 381, '2023-04-18 05:40:47', 1, NULL, NULL),
(382, 382, '2023-04-26 12:49:07', 1, NULL, NULL),
(383, 383, '2023-05-06 20:21:51', 1, NULL, NULL),
(384, 384, '2023-05-03 21:15:52', 1, NULL, NULL),
(385, 385, '2023-05-07 23:14:44', 1, NULL, NULL),
(386, 386, '2023-04-18 22:28:40', 1, NULL, NULL),
(387, 387, '2023-04-28 12:51:19', 1, NULL, NULL),
(388, 388, '2023-05-06 10:19:01', 1, NULL, NULL),
(389, 389, '2023-05-02 09:36:10', 1, NULL, NULL),
(390, 390, '2023-04-30 11:20:25', 1, NULL, NULL),
(391, 391, '2023-04-17 12:45:40', 1, NULL, NULL),
(392, 392, '2023-04-25 02:06:46', 1, NULL, NULL),
(393, 393, '2023-04-12 03:37:21', 1, NULL, NULL),
(394, 394, '2023-04-19 23:13:37', 1, NULL, NULL),
(395, 395, '2023-04-09 19:17:24', 1, NULL, NULL),
(396, 396, '2023-04-26 19:47:22', 1, NULL, NULL),
(397, 397, '2023-05-04 19:25:48', 1, NULL, NULL),
(398, 398, '2023-04-30 21:56:08', 1, NULL, NULL),
(399, 399, '2023-05-05 13:54:56', 1, NULL, NULL),
(400, 400, '2023-04-25 13:54:23', 1, NULL, NULL);

-- --------------------------------------------------------

--
-- Table structure for table `relation`
--

CREATE TABLE `relation` (
  `id` bigint(20) UNSIGNED NOT NULL,
  `driver_id` varchar(255) NOT NULL,
  `category_id` varchar(255) NOT NULL,
  `vehicle_id` varchar(255) NOT NULL,
  `status` tinyint(4) NOT NULL DEFAULT 1,
  `created_at` timestamp NULL DEFAULT NULL,
  `updated_at` timestamp NULL DEFAULT NULL
) ENGINE=InnoDB DEFAULT CHARSET=utf8mb4 COLLATE=utf8mb4_unicode_ci;

--
-- Dumping data for table `relation`
--

INSERT INTO `relation` (`id`, `driver_id`, `category_id`, `vehicle_id`, `status`, `created_at`, `updated_at`) VALUES
(1, '1', '5', '1', 1, NULL, NULL),
(2, '2', '5', '2', 1, NULL, NULL),
(3, '3', '4', '3', 1, NULL, NULL),
(4, '4', '5', '4', 1, NULL, NULL),
(5, '5', '5', '5', 1, NULL, NULL),
(6, '6', '5', '6', 1, NULL, NULL),
(7, '7', '2', '7', 1, NULL, NULL),
(8, '8', '3', '8', 1, NULL, NULL),
(9, '9', '1', '9', 1, NULL, NULL),
(10, '10', '3', '10', 1, NULL, NULL),
(11, '11', '5', '11', 1, NULL, NULL),
(12, '12', '1', '12', 1, NULL, NULL),
(13, '13', '5', '13', 1, NULL, NULL),
(14, '14', '4', '14', 1, NULL, NULL),
(15, '15', '2', '15', 1, NULL, NULL),
(16, '16', '4', '16', 1, NULL, NULL),
(17, '17', '4', '17', 1, NULL, NULL),
(18, '18', '1', '18', 1, NULL, NULL),
(19, '19', '1', '19', 1, NULL, NULL),
(20, '20', '3', '20', 1, NULL, NULL),
(21, '21', '3', '21', 1, NULL, NULL),
(22, '22', '4', '22', 1, NULL, NULL),
(23, '23', '2', '23', 1, NULL, NULL),
(24, '24', '2', '24', 1, NULL, NULL),
(25, '25', '5', '25', 1, NULL, NULL),
(26, '26', '5', '26', 1, NULL, NULL),
(27, '27', '3', '27', 1, NULL, NULL),
(28, '28', '2', '28', 1, NULL, NULL),
(29, '29', '1', '29', 1, NULL, NULL),
(30, '30', '4', '30', 1, NULL, NULL),
(31, '31', '2', '31', 1, NULL, NULL),
(32, '32', '1', '32', 1, NULL, NULL),
(33, '33', '2', '33', 1, NULL, NULL),
(34, '34', '5', '34', 1, NULL, NULL),
(35, '35', '3', '35', 1, NULL, NULL),
(36, '36', '2', '36', 1, NULL, NULL),
(37, '37', '5', '37', 1, NULL, NULL),
(38, '38', '5', '38', 1, NULL, NULL),
(39, '39', '2', '39', 1, NULL, NULL),
(40, '40', '1', '40', 1, NULL, NULL),
(41, '41', '4', '41', 1, NULL, NULL),
(42, '42', '5', '42', 1, NULL, NULL),
(43, '43', '2', '43', 1, NULL, NULL),
(44, '44', '5', '44', 1, NULL, NULL),
(45, '45', '5', '45', 1, NULL, NULL),
(46, '46', '3', '46', 1, NULL, NULL),
(47, '47', '3', '47', 1, NULL, NULL),
(48, '48', '1', '48', 1, NULL, NULL),
(49, '49', '1', '49', 1, NULL, NULL),
(50, '50', '1', '50', 1, NULL, NULL),
(51, '51', '3', '51', 1, NULL, NULL),
(52, '52', '4', '52', 1, NULL, NULL),
(53, '53', '5', '53', 1, NULL, NULL),
(54, '54', '5', '54', 1, NULL, NULL),
(55, '55', '2', '55', 1, NULL, NULL),
(56, '56', '5', '56', 1, NULL, NULL),
(57, '57', '1', '57', 1, NULL, NULL),
(58, '58', '4', '58', 1, NULL, NULL),
(59, '59', '1', '59', 1, NULL, NULL),
(60, '60', '5', '60', 1, NULL, NULL),
(61, '61', '2', '61', 1, NULL, NULL),
(62, '62', '3', '62', 1, NULL, NULL),
(63, '63', '2', '63', 1, NULL, NULL),
(64, '64', '5', '64', 1, NULL, NULL),
(65, '65', '2', '65', 1, NULL, NULL),
(66, '66', '2', '66', 1, NULL, NULL),
(67, '67', '5', '67', 1, NULL, NULL),
(68, '68', '1', '68', 1, NULL, NULL),
(69, '69', '3', '69', 1, NULL, NULL),
(70, '70', '2', '70', 1, NULL, NULL),
(71, '71', '3', '71', 1, NULL, NULL),
(72, '72', '2', '72', 1, NULL, NULL),
(73, '73', '5', '73', 1, NULL, NULL),
(74, '74', '4', '74', 1, NULL, NULL),
(75, '75', '5', '75', 1, NULL, NULL),
(76, '76', '5', '76', 1, NULL, NULL),
(77, '77', '5', '77', 1, NULL, NULL),
(78, '78', '2', '78', 1, NULL, NULL),
(79, '79', '3', '79', 1, NULL, NULL),
(80, '80', '2', '80', 1, NULL, NULL),
(81, '81', '2', '81', 1, NULL, NULL),
(82, '82', '3', '82', 1, NULL, NULL),
(83, '83', '1', '83', 1, NULL, NULL),
(84, '84', '1', '84', 1, NULL, NULL),
(85, '85', '4', '85', 1, NULL, NULL),
(86, '86', '2', '86', 1, NULL, NULL),
(87, '87', '3', '87', 1, NULL, NULL),
(88, '88', '2', '88', 1, NULL, NULL),
(89, '89', '1', '89', 1, NULL, NULL),
(90, '90', '1', '90', 1, NULL, NULL),
(91, '91', '5', '91', 1, NULL, NULL),
(92, '92', '3', '92', 1, NULL, NULL),
(93, '93', '2', '93', 1, NULL, NULL),
(94, '94', '5', '94', 1, NULL, NULL),
(95, '95', '4', '95', 1, NULL, NULL),
(96, '96', '3', '96', 1, NULL, NULL),
(97, '97', '4', '97', 1, NULL, NULL),
(98, '98', '4', '98', 1, NULL, NULL),
(99, '99', '1', '99', 1, NULL, NULL),
(100, '100', '4', '100', 1, NULL, NULL),
(101, '101', '2', '101', 1, NULL, NULL),
(102, '102', '4', '102', 1, NULL, NULL),
(103, '103', '5', '103', 1, NULL, NULL),
(104, '104', '5', '104', 1, NULL, NULL),
(105, '105', '4', '105', 1, NULL, NULL),
(106, '106', '4', '106', 1, NULL, NULL),
(107, '107', '1', '107', 1, NULL, NULL),
(108, '108', '1', '108', 1, NULL, NULL),
(109, '109', '4', '109', 1, NULL, NULL),
(110, '110', '5', '110', 1, NULL, NULL),
(111, '111', '5', '111', 1, NULL, NULL),
(112, '112', '1', '112', 1, NULL, NULL),
(113, '113', '1', '113', 1, NULL, NULL),
(114, '114', '3', '114', 1, NULL, NULL),
(115, '115', '3', '115', 1, NULL, NULL),
(116, '116', '4', '116', 1, NULL, NULL),
(117, '117', '5', '117', 1, NULL, NULL),
(118, '118', '1', '118', 1, NULL, NULL),
(119, '119', '5', '119', 1, NULL, NULL),
(120, '120', '1', '120', 1, NULL, NULL),
(121, '121', '3', '121', 1, NULL, NULL),
(122, '122', '1', '122', 1, NULL, NULL),
(123, '123', '1', '123', 1, NULL, NULL),
(124, '124', '2', '124', 1, NULL, NULL),
(125, '125', '3', '125', 1, NULL, NULL),
(126, '126', '5', '126', 1, NULL, NULL),
(127, '127', '4', '127', 1, NULL, NULL),
(128, '128', '5', '128', 1, NULL, NULL),
(129, '129', '2', '129', 1, NULL, NULL),
(130, '130', '1', '130', 1, NULL, NULL),
(131, '131', '2', '131', 1, NULL, NULL),
(132, '132', '4', '132', 1, NULL, NULL),
(133, '133', '2', '133', 1, NULL, NULL),
(134, '134', '5', '134', 1, NULL, NULL),
(135, '135', '4', '135', 1, NULL, NULL),
(136, '136', '4', '136', 1, NULL, NULL),
(137, '137', '1', '137', 1, NULL, NULL),
(138, '138', '3', '138', 1, NULL, NULL),
(139, '139', '5', '139', 1, NULL, NULL),
(140, '140', '2', '140', 1, NULL, NULL),
(141, '141', '3', '141', 1, NULL, NULL),
(142, '142', '3', '142', 1, NULL, NULL),
(143, '143', '5', '143', 1, NULL, NULL),
(144, '144', '2', '144', 1, NULL, NULL),
(145, '145', '5', '145', 1, NULL, NULL),
(146, '146', '2', '146', 1, NULL, NULL),
(147, '147', '2', '147', 1, NULL, NULL),
(148, '148', '5', '148', 1, NULL, NULL),
(149, '149', '2', '149', 1, NULL, NULL),
(150, '150', '5', '150', 1, NULL, NULL),
(151, '151', '2', '151', 1, NULL, NULL),
(152, '152', '1', '152', 1, NULL, NULL),
(153, '153', '5', '153', 1, NULL, NULL),
(154, '154', '2', '154', 1, NULL, NULL),
(155, '155', '4', '155', 1, NULL, NULL),
(156, '156', '3', '156', 1, NULL, NULL),
(157, '157', '5', '157', 1, NULL, NULL),
(158, '158', '5', '158', 1, NULL, NULL),
(159, '159', '1', '159', 1, NULL, NULL),
(160, '160', '4', '160', 1, NULL, NULL),
(161, '161', '5', '161', 1, NULL, NULL),
(162, '162', '4', '162', 1, NULL, NULL),
(163, '163', '2', '163', 1, NULL, NULL),
(164, '164', '3', '164', 1, NULL, NULL),
(165, '165', '5', '165', 1, NULL, NULL),
(166, '166', '1', '166', 1, NULL, NULL),
(167, '167', '5', '167', 1, NULL, NULL),
(168, '168', '2', '168', 1, NULL, NULL),
(169, '169', '4', '169', 1, NULL, NULL),
(170, '170', '1', '170', 1, NULL, NULL),
(171, '171', '4', '171', 1, NULL, NULL),
(172, '172', '1', '172', 1, NULL, NULL),
(173, '173', '1', '173', 1, NULL, NULL),
(174, '174', '2', '174', 1, NULL, NULL),
(175, '175', '3', '175', 1, NULL, NULL),
(176, '176', '1', '176', 1, NULL, NULL),
(177, '177', '4', '177', 1, NULL, NULL),
(178, '178', '1', '178', 1, NULL, NULL),
(179, '179', '3', '179', 1, NULL, NULL),
(180, '180', '2', '180', 1, NULL, NULL),
(181, '181', '1', '181', 1, NULL, NULL),
(182, '182', '3', '182', 1, NULL, NULL),
(183, '183', '3', '183', 1, NULL, NULL),
(184, '184', '5', '184', 1, NULL, NULL),
(185, '185', '3', '185', 1, NULL, NULL),
(186, '186', '4', '186', 1, NULL, NULL),
(187, '187', '4', '187', 1, NULL, NULL),
(188, '188', '2', '188', 1, NULL, NULL),
(189, '189', '5', '189', 1, NULL, NULL),
(190, '190', '3', '190', 1, NULL, NULL),
(191, '191', '3', '191', 1, NULL, NULL),
(192, '192', '4', '192', 1, NULL, NULL),
(193, '193', '4', '193', 1, NULL, NULL),
(194, '194', '4', '194', 1, NULL, NULL),
(195, '195', '2', '195', 1, NULL, NULL),
(196, '196', '2', '196', 1, NULL, NULL),
(197, '197', '5', '197', 1, NULL, NULL),
(198, '198', '4', '198', 1, NULL, NULL),
(199, '199', '3', '199', 1, NULL, NULL),
(200, '200', '4', '200', 1, NULL, NULL),
(201, '201', '5', '201', 1, NULL, NULL),
(202, '202', '1', '202', 1, NULL, NULL),
(203, '203', '2', '203', 1, NULL, NULL),
(204, '204', '1', '204', 1, NULL, NULL),
(205, '205', '3', '205', 1, NULL, NULL),
(206, '206', '5', '206', 1, NULL, NULL),
(207, '207', '1', '207', 1, NULL, NULL),
(208, '208', '5', '208', 1, NULL, NULL),
(209, '209', '1', '209', 1, NULL, NULL),
(210, '210', '2', '210', 1, NULL, NULL),
(211, '211', '1', '211', 1, NULL, NULL),
(212, '212', '4', '212', 1, NULL, NULL),
(213, '213', '2', '213', 1, NULL, NULL),
(214, '214', '5', '214', 1, NULL, NULL),
(215, '215', '4', '215', 1, NULL, NULL),
(216, '216', '4', '216', 1, NULL, NULL),
(217, '217', '4', '217', 1, NULL, NULL),
(218, '218', '5', '218', 1, NULL, NULL),
(219, '219', '3', '219', 1, NULL, NULL),
(220, '220', '5', '220', 1, NULL, NULL),
(221, '221', '1', '221', 1, NULL, NULL),
(222, '222', '3', '222', 1, NULL, NULL),
(223, '223', '4', '223', 1, NULL, NULL),
(224, '224', '3', '224', 1, NULL, NULL),
(225, '225', '1', '225', 1, NULL, NULL),
(226, '226', '3', '226', 1, NULL, NULL),
(227, '227', '2', '227', 1, NULL, NULL),
(228, '228', '1', '228', 1, NULL, NULL),
(229, '229', '4', '229', 1, NULL, NULL),
(230, '230', '4', '230', 1, NULL, NULL),
(231, '231', '2', '231', 1, NULL, NULL),
(232, '232', '5', '232', 1, NULL, NULL),
(233, '233', '1', '233', 1, NULL, NULL),
(234, '234', '1', '234', 1, NULL, NULL),
(235, '235', '2', '235', 1, NULL, NULL),
(236, '236', '5', '236', 1, NULL, NULL),
(237, '237', '4', '237', 1, NULL, NULL),
(238, '238', '3', '238', 1, NULL, NULL),
(239, '239', '2', '239', 1, NULL, NULL),
(240, '240', '5', '240', 1, NULL, NULL),
(241, '241', '5', '241', 1, NULL, NULL),
(242, '242', '5', '242', 1, NULL, NULL),
(243, '243', '5', '243', 1, NULL, NULL),
(244, '244', '4', '244', 1, NULL, NULL),
(245, '245', '4', '245', 1, NULL, NULL),
(246, '246', '3', '246', 1, NULL, NULL),
(247, '247', '2', '247', 1, NULL, NULL),
(248, '248', '4', '248', 1, NULL, NULL),
(249, '249', '3', '249', 1, NULL, NULL),
(250, '250', '3', '250', 1, NULL, NULL),
(251, '251', '1', '251', 1, NULL, NULL),
(252, '252', '3', '252', 1, NULL, NULL),
(253, '253', '4', '253', 1, NULL, NULL),
(254, '254', '5', '254', 1, NULL, NULL),
(255, '255', '3', '255', 1, NULL, NULL),
(256, '256', '1', '256', 1, NULL, NULL),
(257, '257', '2', '257', 1, NULL, NULL),
(258, '258', '1', '258', 1, NULL, NULL),
(259, '259', '3', '259', 1, NULL, NULL),
(260, '260', '1', '260', 1, NULL, NULL),
(261, '261', '2', '261', 1, NULL, NULL),
(262, '262', '3', '262', 1, NULL, NULL),
(263, '263', '2', '263', 1, NULL, NULL),
(264, '264', '1', '264', 1, NULL, NULL),
(265, '265', '3', '265', 1, NULL, NULL),
(266, '266', '2', '266', 1, NULL, NULL),
(267, '267', '3', '267', 1, NULL, NULL),
(268, '268', '5', '268', 1, NULL, NULL),
(269, '269', '5', '269', 1, NULL, NULL),
(270, '270', '2', '270', 1, NULL, NULL),
(271, '271', '2', '271', 1, NULL, NULL),
(272, '272', '2', '272', 1, NULL, NULL),
(273, '273', '2', '273', 1, NULL, NULL),
(274, '274', '3', '274', 1, NULL, NULL),
(275, '275', '3', '275', 1, NULL, NULL),
(276, '276', '2', '276', 1, NULL, NULL),
(277, '277', '2', '277', 1, NULL, NULL),
(278, '278', '3', '278', 1, NULL, NULL),
(279, '279', '3', '279', 1, NULL, NULL),
(280, '280', '1', '280', 1, NULL, NULL),
(281, '281', '5', '281', 1, NULL, NULL),
(282, '282', '4', '282', 1, NULL, NULL),
(283, '283', '2', '283', 1, NULL, NULL),
(284, '284', '3', '284', 1, NULL, NULL),
(285, '285', '5', '285', 1, NULL, NULL),
(286, '286', '5', '286', 1, NULL, NULL),
(287, '287', '3', '287', 1, NULL, NULL),
(288, '288', '3', '288', 1, NULL, NULL),
(289, '289', '5', '289', 1, NULL, NULL),
(290, '290', '3', '290', 1, NULL, NULL),
(291, '291', '5', '291', 1, NULL, NULL),
(292, '292', '1', '292', 1, NULL, NULL),
(293, '293', '5', '293', 1, NULL, NULL),
(294, '294', '5', '294', 1, NULL, NULL),
(295, '295', '1', '295', 1, NULL, NULL),
(296, '296', '3', '296', 1, NULL, NULL),
(297, '297', '1', '297', 1, NULL, NULL),
(298, '298', '4', '298', 1, NULL, NULL),
(299, '299', '1', '299', 1, NULL, NULL),
(300, '300', '1', '300', 1, NULL, NULL),
(301, '301', '2', '301', 1, NULL, NULL),
(302, '302', '1', '302', 1, NULL, NULL),
(303, '303', '2', '303', 1, NULL, NULL),
(304, '304', '1', '304', 1, NULL, NULL),
(305, '305', '1', '305', 1, NULL, NULL),
(306, '306', '2', '306', 1, NULL, NULL),
(307, '307', '5', '307', 1, NULL, NULL),
(308, '308', '2', '308', 1, NULL, NULL),
(309, '309', '4', '309', 1, NULL, NULL),
(310, '310', '4', '310', 1, NULL, NULL),
(311, '311', '4', '311', 1, NULL, NULL),
(312, '312', '5', '312', 1, NULL, NULL),
(313, '313', '4', '313', 1, NULL, NULL),
(314, '314', '1', '314', 1, NULL, NULL),
(315, '315', '1', '315', 1, NULL, NULL),
(316, '316', '4', '316', 1, NULL, NULL),
(317, '317', '5', '317', 1, NULL, NULL),
(318, '318', '1', '318', 1, NULL, NULL),
(319, '319', '2', '319', 1, NULL, NULL),
(320, '320', '3', '320', 1, NULL, NULL),
(321, '321', '3', '321', 1, NULL, NULL),
(322, '322', '1', '322', 1, NULL, NULL),
(323, '323', '2', '323', 1, NULL, NULL),
(324, '324', '5', '324', 1, NULL, NULL),
(325, '325', '3', '325', 1, NULL, NULL),
(326, '326', '5', '326', 1, NULL, NULL),
(327, '327', '3', '327', 1, NULL, NULL),
(328, '328', '4', '328', 1, NULL, NULL),
(329, '329', '4', '329', 1, NULL, NULL),
(330, '330', '3', '330', 1, NULL, NULL),
(331, '331', '1', '331', 1, NULL, NULL),
(332, '332', '1', '332', 1, NULL, NULL),
(333, '333', '5', '333', 1, NULL, NULL),
(334, '334', '4', '334', 1, NULL, NULL),
(335, '335', '1', '335', 1, NULL, NULL),
(336, '336', '4', '336', 1, NULL, NULL),
(337, '337', '1', '337', 1, NULL, NULL),
(338, '338', '5', '338', 1, NULL, NULL),
(339, '339', '2', '339', 1, NULL, NULL),
(340, '340', '3', '340', 1, NULL, NULL),
(341, '341', '3', '341', 1, NULL, NULL),
(342, '342', '3', '342', 1, NULL, NULL),
(343, '343', '2', '343', 1, NULL, NULL),
(344, '344', '2', '344', 1, NULL, NULL),
(345, '345', '5', '345', 1, NULL, NULL),
(346, '346', '1', '346', 1, NULL, NULL),
(347, '347', '4', '347', 1, NULL, NULL),
(348, '348', '1', '348', 1, NULL, NULL),
(349, '349', '4', '349', 1, NULL, NULL),
(350, '350', '5', '350', 1, NULL, NULL),
(351, '351', '1', '351', 1, NULL, NULL),
(352, '352', '5', '352', 1, NULL, NULL),
(353, '353', '5', '353', 1, NULL, NULL),
(354, '354', '2', '354', 1, NULL, NULL),
(355, '355', '1', '355', 1, NULL, NULL),
(356, '356', '2', '356', 1, NULL, NULL),
(357, '357', '5', '357', 1, NULL, NULL),
(358, '358', '3', '358', 1, NULL, NULL),
(359, '359', '4', '359', 1, NULL, NULL),
(360, '360', '4', '360', 1, NULL, NULL),
(361, '361', '4', '361', 1, NULL, NULL),
(362, '362', '3', '362', 1, NULL, NULL),
(363, '363', '2', '363', 1, NULL, NULL),
(364, '364', '1', '364', 1, NULL, NULL),
(365, '365', '5', '365', 1, NULL, NULL),
(366, '366', '5', '366', 1, NULL, NULL),
(367, '367', '4', '367', 1, NULL, NULL),
(368, '368', '1', '368', 1, NULL, NULL),
(369, '369', '1', '369', 1, NULL, NULL),
(370, '370', '3', '370', 1, NULL, NULL),
(371, '371', '5', '371', 1, NULL, NULL),
(372, '372', '2', '372', 1, NULL, NULL),
(373, '373', '5', '373', 1, NULL, NULL),
(374, '374', '3', '374', 1, NULL, NULL),
(375, '375', '1', '375', 1, NULL, NULL),
(376, '376', '3', '376', 1, NULL, NULL),
(377, '377', '5', '377', 1, NULL, NULL),
(378, '378', '2', '378', 1, NULL, NULL),
(379, '379', '1', '379', 1, NULL, NULL),
(380, '380', '5', '380', 1, NULL, NULL),
(381, '381', '1', '381', 1, NULL, NULL),
(382, '382', '4', '382', 1, NULL, NULL),
(383, '383', '1', '383', 1, NULL, NULL),
(384, '384', '4', '384', 1, NULL, NULL),
(385, '385', '4', '385', 1, NULL, NULL),
(386, '386', '5', '386', 1, NULL, NULL),
(387, '387', '3', '387', 1, NULL, NULL),
(388, '388', '4', '388', 1, NULL, NULL),
(389, '389', '3', '389', 1, NULL, NULL),
(390, '390', '1', '390', 1, NULL, NULL),
(391, '391', '3', '391', 1, NULL, NULL),
(392, '392', '5', '392', 1, NULL, NULL),
(393, '393', '2', '393', 1, NULL, NULL),
(394, '394', '1', '394', 1, NULL, NULL),
(395, '395', '3', '395', 1, NULL, NULL),
(396, '396', '5', '396', 1, NULL, NULL),
(397, '397', '4', '397', 1, NULL, NULL),
(398, '398', '2', '398', 1, NULL, NULL),
(399, '399', '5', '399', 1, NULL, NULL),
(400, '400', '5', '400', 1, NULL, NULL);

-- --------------------------------------------------------

--
-- Table structure for table `url`
--

CREATE TABLE `url` (
  `id` bigint(20) UNSIGNED NOT NULL,
  `url` varchar(255) DEFAULT NULL,
  `created_at` timestamp NULL DEFAULT NULL,
  `updated_at` timestamp NULL DEFAULT NULL
) ENGINE=InnoDB DEFAULT CHARSET=utf8mb4 COLLATE=utf8mb4_unicode_ci;

-- --------------------------------------------------------

--
-- Table structure for table `users`
--

CREATE TABLE `users` (
  `id` bigint(20) UNSIGNED NOT NULL,
  `name` varchar(255) NOT NULL,
  `email` varchar(255) NOT NULL,
  `email_verified_at` timestamp NULL DEFAULT NULL,
  `password` varchar(255) NOT NULL,
  `role` int(11) NOT NULL DEFAULT 0,
  `remember_token` varchar(100) DEFAULT NULL,
  `created_at` timestamp NULL DEFAULT NULL,
  `updated_at` timestamp NULL DEFAULT NULL
) ENGINE=InnoDB DEFAULT CHARSET=utf8mb4 COLLATE=utf8mb4_unicode_ci;

--
-- Dumping data for table `users`
--

INSERT INTO `users` (`id`, `name`, `email`, `email_verified_at`, `password`, `role`, `remember_token`, `created_at`, `updated_at`) VALUES
(1, 'sushant', 'abc@g', NULL, '$2y$10$K2TQN70U8hBt/OgQQh/Y3elYF0UJG7VbRyOm0lWFWZWE98xf1Gr5i', 1, NULL, NULL, NULL);

-- --------------------------------------------------------

--
-- Table structure for table `vehicles`
--

CREATE TABLE `vehicles` (
  `id` bigint(20) UNSIGNED NOT NULL,
  `vehicle_name` varchar(40) NOT NULL,
  `vehicle_number` varchar(40) NOT NULL,
  `vehicle_color` varchar(40) NOT NULL,
  `vehicle_permit` varchar(40) DEFAULT NULL,
  `category_id` int(11) NOT NULL,
  `created_at` timestamp NULL DEFAULT NULL,
  `updated_at` timestamp NULL DEFAULT NULL
) ENGINE=InnoDB DEFAULT CHARSET=utf8mb4 COLLATE=utf8mb4_unicode_ci;

--
-- Dumping data for table `vehicles`
--

INSERT INTO `vehicles` (`id`, `vehicle_name`, `vehicle_number`, `vehicle_color`, `vehicle_permit`, `category_id`, `created_at`, `updated_at`) VALUES
(1, 'atque', 'GA 08 6427', 'PaleTurquoise', '3', 5, NULL, NULL),
(2, 'dolor', 'GA 02 5386', 'Thistle', '1', 5, NULL, NULL),
(3, 'ut', 'GA 05 5281', 'DarkSlateBlue', '2', 4, NULL, NULL),
(4, 'perspiciatis', 'GA 07 6118', 'PeachPuff', '3', 5, NULL, NULL),
(5, 'nostrum', 'GA 03 5596', 'PaleVioletRed', '3', 5, NULL, NULL),
(6, 'dolorem', 'GA 08 913', 'MistyRose', '3', 5, NULL, NULL),
(7, 'ut', 'GA 03 550', 'LightYellow', '2', 2, NULL, NULL),
(8, 'cupiditate', 'GA 08 7526', 'Cornsilk', '3', 3, NULL, NULL),
(9, 'dolores', 'GA 07 5565', 'LawnGreen', '2', 1, NULL, NULL),
(10, 'dolores', 'GA 07 6347', 'LightYellow', '3', 3, NULL, NULL),
(11, 'rerum', 'GA 02 3344', 'LightCoral', '3', 5, NULL, NULL),
(12, 'ea', 'GA 03 3139', 'LawnGreen', '2', 1, NULL, NULL),
(13, 'sed', 'GA 08 4975', 'MediumBlue', '1', 5, NULL, NULL),
(14, 'quia', 'GA 07 3516', 'Moccasin', '1', 4, NULL, NULL),
(15, 'rem', 'GA 05 9620', 'Khaki', '2', 2, NULL, NULL),
(16, 'necessitatibus', 'GA 08 657', 'LightSteelBlue', '2', 4, NULL, NULL),
(17, 'dicta', 'GA 04 3205', 'Tomato', '1', 4, NULL, NULL),
(18, 'minus', 'GA 06 9319', 'Teal', '3', 1, NULL, NULL),
(19, 'provident', 'GA 07 3934', 'CadetBlue', '3', 1, NULL, NULL),
(20, 'saepe', 'GA 09 2677', 'Coral', '1', 3, NULL, NULL),
(21, 'aut', 'GA 01 5324', 'LavenderBlush', '2', 3, NULL, NULL),
(22, 'ut', 'GA 01 9414', 'DarkOliveGreen', '2', 4, NULL, NULL),
(23, 'sed', 'GA 03 5345', 'DarkGreen', '1', 2, NULL, NULL),
(24, 'sed', 'GA 08 8097', 'WhiteSmoke', '3', 2, NULL, NULL),
(25, 'accusamus', 'GA 02 489', 'SteelBlue', '3', 5, NULL, NULL),
(26, 'aspernatur', 'GA 05 6278', 'Aquamarine', '1', 5, NULL, NULL),
(27, 'sint', 'GA 08 8334', 'MediumBlue', '3', 3, NULL, NULL),
(28, 'dolorem', 'GA 05 8814', 'DarkSlateBlue', '1', 2, NULL, NULL),
(29, 'cupiditate', 'GA 04 5234', 'LightGray', '3', 1, NULL, NULL),
(30, 'aut', 'GA 06 6391', 'RoyalBlue', '2', 4, NULL, NULL),
(31, 'quaerat', 'GA 05 794', 'MediumVioletRed', '3', 2, NULL, NULL),
(32, 'consectetur', 'GA 04 5572', 'LightCyan', '1', 1, NULL, NULL),
(33, 'doloribus', 'GA 05 3664', 'Brown', '1', 2, NULL, NULL),
(34, 'quis', 'GA 01 737', 'FloralWhite', '1', 5, NULL, NULL),
(35, 'nihil', 'GA 05 5759', 'LightSkyBlue', '3', 3, NULL, NULL),
(36, 'dolore', 'GA 01 9304', 'DarkSlateGray', '1', 2, NULL, NULL),
(37, 'quod', 'GA 03 775', 'Chocolate', '3', 5, NULL, NULL),
(38, 'nesciunt', 'GA 05 6736', 'SteelBlue', '3', 5, NULL, NULL),
(39, 'neque', 'GA 09 7527', 'Tomato', '2', 2, NULL, NULL),
(40, 'facilis', 'GA 03 6911', 'DodgerBlue', '3', 1, NULL, NULL),
(41, 'eum', 'GA 03 367', 'HotPink', '2', 4, NULL, NULL),
(42, 'magnam', 'GA 02 309', 'DarkOliveGreen', '3', 5, NULL, NULL),
(43, 'quia', 'GA 07 1921', 'DodgerBlue', '3', 2, NULL, NULL),
(44, 'quo', 'GA 04 1773', 'DimGrey', '1', 5, NULL, NULL),
(45, 'consequatur', 'GA 07 6450', 'SaddleBrown', '1', 5, NULL, NULL),
(46, 'sequi', 'GA 09 4627', 'LightPink', '1', 3, NULL, NULL),
(47, 'aliquid', 'GA 03 4307', 'HotPink', '2', 3, NULL, NULL),
(48, 'error', 'GA 09 6338', 'Brown', '3', 1, NULL, NULL),
(49, 'totam', 'GA 05 9425', 'Cornsilk', '3', 1, NULL, NULL),
(50, 'ea', 'GA 04 6879', 'Ivory', '3', 1, NULL, NULL),
(51, 'laborum', 'GA 05 6750', 'Salmon', '2', 3, NULL, NULL),
(52, 'in', 'GA 02 8024', 'DarkBlue', '2', 4, NULL, NULL),
(53, 'aut', 'GA 04 3294', 'SlateGray', '3', 5, NULL, NULL),
(54, 'voluptas', 'GA 09 9166', 'RoyalBlue', '1', 5, NULL, NULL),
(55, 'tempora', 'GA 08 9520', 'MediumSpringGreen', '1', 2, NULL, NULL),
(56, 'qui', 'GA 04 394', 'DarkCyan', '2', 5, NULL, NULL),
(57, 'sapiente', 'GA 05 5851', 'LightSteelBlue', '3', 1, NULL, NULL),
(58, 'corporis', 'GA 06 558', 'Violet', '2', 4, NULL, NULL),
(59, 'est', 'GA 06 4852', 'Coral', '1', 1, NULL, NULL),
(60, 'asperiores', 'GA 01 1348', 'Navy', '3', 5, NULL, NULL),
(61, 'amet', 'GA 01 9784', 'RosyBrown', '2', 2, NULL, NULL),
(62, 'minus', 'GA 08 4932', 'PaleVioletRed', '1', 3, NULL, NULL),
(63, 'ea', 'GA 04 7632', 'MintCream', '2', 2, NULL, NULL),
(64, 'expedita', 'GA 02 7282', 'Yellow', '3', 5, NULL, NULL),
(65, 'et', 'GA 07 2581', 'Teal', '3', 2, NULL, NULL),
(66, 'id', 'GA 08 1866', 'Orange', '3', 2, NULL, NULL),
(67, 'deleniti', 'GA 07 911', 'MediumSpringGreen', '3', 5, NULL, NULL),
(68, 'ut', 'GA 04 8248', 'SlateGray', '3', 1, NULL, NULL),
(69, 'odit', 'GA 09 6050', 'FloralWhite', '3', 3, NULL, NULL),
(70, 'voluptas', 'GA 03 3533', 'Cornsilk', '3', 2, NULL, NULL),
(71, 'voluptas', 'GA 01 6987', 'MediumSpringGreen', '1', 3, NULL, NULL),
(72, 'itaque', 'GA 03 5452', 'DarkBlue', '3', 2, NULL, NULL),
(73, 'qui', 'GA 07 3256', 'MediumPurple', '1', 5, NULL, NULL),
(74, 'quidem', 'GA 05 5417', 'LightGoldenRodYellow', '3', 4, NULL, NULL),
(75, 'sunt', 'GA 02 622', 'PapayaWhip', '3', 5, NULL, NULL),
(76, 'possimus', 'GA 03 9575', 'Khaki', '3', 5, NULL, NULL),
(77, 'corrupti', 'GA 02 2489', 'LightCyan', '2', 5, NULL, NULL),
(78, 'blanditiis', 'GA 09 1528', 'OrangeRed', '2', 2, NULL, NULL),
(79, 'reprehenderit', 'GA 05 5207', 'DarkSlateBlue', '3', 3, NULL, NULL),
(80, 'aut', 'GA 04 3563', 'GoldenRod', '3', 2, NULL, NULL),
(81, 'dolores', 'GA 03 4498', 'MediumTurquoise', '3', 2, NULL, NULL),
(82, 'a', 'GA 06 7341', 'WhiteSmoke', '1', 3, NULL, NULL),
(83, 'nam', 'GA 03 7760', 'Lime', '2', 1, NULL, NULL),
(84, 'repudiandae', 'GA 04 353', 'SkyBlue', '3', 1, NULL, NULL),
(85, 'quis', 'GA 05 3986', 'Aquamarine', '1', 4, NULL, NULL),
(86, 'quos', 'GA 07 6406', 'DarkSalmon', '2', 2, NULL, NULL),
(87, 'praesentium', 'GA 01 8803', 'RosyBrown', '2', 3, NULL, NULL),
(88, 'ut', 'GA 08 9667', 'Violet', '2', 2, NULL, NULL),
(89, 'ut', 'GA 08 8268', 'MediumAquaMarine', '3', 1, NULL, NULL),
(90, 'dolores', 'GA 03 8889', 'Gainsboro', '3', 1, NULL, NULL),
(91, 'inventore', 'GA 08 4824', 'IndianRed', '2', 5, NULL, NULL),
(92, 'voluptatum', 'GA 02 859', 'MediumSeaGreen', '2', 3, NULL, NULL),
(93, 'nisi', 'GA 09 6766', 'PowderBlue', '2', 2, NULL, NULL),
(94, 'eius', 'GA 04 6287', 'PaleGoldenRod', '2', 5, NULL, NULL),
(95, 'suscipit', 'GA 05 4248', 'DarkSlateGray', '3', 4, NULL, NULL),
(96, 'error', 'GA 09 2955', 'SeaGreen', '3', 3, NULL, NULL),
(97, 'aperiam', 'GA 03 8495', 'Black', '2', 4, NULL, NULL),
(98, 'explicabo', 'GA 04 4501', 'MidnightBlue', '3', 4, NULL, NULL),
(99, 'atque', 'GA 01 8350', 'DarkGray', '2', 1, NULL, NULL),
(100, 'rerum', 'GA 01 5633', 'MintCream', '1', 4, NULL, NULL),
(101, 'minima', 'GA 04 9654', 'Lime', '3', 2, NULL, NULL),
(102, 'nihil', 'GA 05 6083', 'Cyan', '2', 4, NULL, NULL),
(103, 'ex', 'GA 03 8769', 'BlanchedAlmond', '1', 5, NULL, NULL),
(104, 'ut', 'GA 01 5259', 'MediumBlue', '2', 5, NULL, NULL),
(105, 'corporis', 'GA 04 8100', 'Thistle', '2', 4, NULL, NULL),
(106, 'ex', 'GA 08 3541', 'LightBlue', '2', 4, NULL, NULL),
(107, 'repudiandae', 'GA 09 8594', 'MidnightBlue', '2', 1, NULL, NULL),
(108, 'quos', 'GA 02 8893', 'SeaShell', '2', 1, NULL, NULL),
(109, 'quibusdam', 'GA 02 7330', 'Azure', '1', 4, NULL, NULL),
(110, 'sint', 'GA 07 5504', 'Violet', '3', 5, NULL, NULL),
(111, 'minima', 'GA 01 3103', 'Pink', '2', 5, NULL, NULL),
(112, 'et', 'GA 07 5805', 'AliceBlue', '2', 1, NULL, NULL),
(113, 'consectetur', 'GA 03 6593', 'CadetBlue', '1', 1, NULL, NULL),
(114, 'aut', 'GA 06 2503', 'HotPink', '3', 3, NULL, NULL),
(115, 'aut', 'GA 09 1120', 'DarkRed', '1', 3, NULL, NULL),
(116, 'eum', 'GA 07 2870', 'FireBrick', '2', 4, NULL, NULL),
(117, 'repellendus', 'GA 06 3549', 'LawnGreen', '3', 5, NULL, NULL),
(118, 'quia', 'GA 05 6264', 'DarkSlateGray', '1', 1, NULL, NULL),
(119, 'odio', 'GA 02 7200', 'MediumPurple', '2', 5, NULL, NULL),
(120, 'maxime', 'GA 05 7133', 'PeachPuff', '3', 1, NULL, NULL),
(121, 'voluptatem', 'GA 04 3476', 'Khaki', '3', 3, NULL, NULL),
(122, 'perspiciatis', 'GA 07 2795', 'Lavender', '1', 1, NULL, NULL),
(123, 'explicabo', 'GA 02 9902', 'FloralWhite', '1', 1, NULL, NULL),
(124, 'pariatur', 'GA 03 3884', 'DimGrey', '1', 2, NULL, NULL),
(125, 'quas', 'GA 02 5467', 'Khaki', '1', 3, NULL, NULL),
(126, 'recusandae', 'GA 04 6342', 'SeaShell', '2', 5, NULL, NULL),
(127, 'quia', 'GA 02 2043', 'MediumSlateBlue', '3', 4, NULL, NULL),
(128, 'cumque', 'GA 01 2065', 'DarkOliveGreen', '3', 5, NULL, NULL),
(129, 'laborum', 'GA 07 4533', 'Cornsilk', '2', 2, NULL, NULL),
(130, 'tempora', 'GA 08 9714', 'GoldenRod', '1', 1, NULL, NULL),
(131, 'iusto', 'GA 05 1136', 'LightGray', '2', 2, NULL, NULL),
(132, 'perferendis', 'GA 08 94', 'FloralWhite', '3', 4, NULL, NULL),
(133, 'similique', 'GA 05 6123', 'LavenderBlush', '1', 2, NULL, NULL),
(134, 'inventore', 'GA 05 8388', 'BlueViolet', '2', 5, NULL, NULL),
(135, 'deleniti', 'GA 01 2490', 'DodgerBlue', '1', 4, NULL, NULL),
(136, 'id', 'GA 02 1435', 'Aquamarine', '3', 4, NULL, NULL),
(137, 'non', 'GA 02 6278', 'LightSeaGreen', '2', 1, NULL, NULL),
(138, 'voluptas', 'GA 08 2195', 'LightCyan', '2', 3, NULL, NULL),
(139, 'quia', 'GA 01 4983', 'DeepPink', '3', 5, NULL, NULL),
(140, 'repellendus', 'GA 03 9642', 'HotPink', '3', 2, NULL, NULL),
(141, 'rerum', 'GA 05 7060', 'OliveDrab', '1', 3, NULL, NULL),
(142, 'harum', 'GA 06 2073', 'MediumTurquoise', '1', 3, NULL, NULL),
(143, 'quas', 'GA 09 7093', 'Ivory', '1', 5, NULL, NULL),
(144, 'eaque', 'GA 02 4301', 'SlateGray', '3', 2, NULL, NULL),
(145, 'est', 'GA 06 1640', 'CornflowerBlue', '3', 5, NULL, NULL),
(146, 'sed', 'GA 04 1989', 'CadetBlue', '3', 2, NULL, NULL),
(147, 'ipsa', 'GA 05 9902', 'DarkSlateBlue', '1', 2, NULL, NULL),
(148, 'sit', 'GA 02 3903', 'SeaShell', '1', 5, NULL, NULL),
(149, 'aliquam', 'GA 08 7330', 'Gold', '1', 2, NULL, NULL),
(150, 'quae', 'GA 08 506', 'MediumSeaGreen', '3', 5, NULL, NULL),
(151, 'necessitatibus', 'GA 09 4632', 'Magenta', '3', 2, NULL, NULL),
(152, 'debitis', 'GA 01 6855', 'RosyBrown', '2', 1, NULL, NULL),
(153, 'doloribus', 'GA 03 4874', 'CornflowerBlue', '2', 5, NULL, NULL),
(154, 'facere', 'GA 06 1228', 'DimGrey', '2', 2, NULL, NULL),
(155, 'voluptates', 'GA 03 82', 'Azure', '2', 4, NULL, NULL),
(156, 'libero', 'GA 08 848', 'Navy', '3', 3, NULL, NULL),
(157, 'minima', 'GA 02 8608', 'PaleGreen', '3', 5, NULL, NULL),
(158, 'animi', 'GA 05 2277', 'DarkKhaki', '3', 5, NULL, NULL),
(159, 'et', 'GA 07 5779', 'Lime', '3', 1, NULL, NULL),
(160, 'et', 'GA 02 6832', 'Gray', '2', 4, NULL, NULL),
(161, 'omnis', 'GA 05 5633', 'MidnightBlue', '3', 5, NULL, NULL),
(162, 'iure', 'GA 02 427', 'DarkRed', '3', 4, NULL, NULL),
(163, 'aut', 'GA 04 1259', 'SaddleBrown', '2', 2, NULL, NULL),
(164, 'ducimus', 'GA 02 2638', 'Gainsboro', '2', 3, NULL, NULL),
(165, 'reprehenderit', 'GA 07 1514', 'Linen', '1', 5, NULL, NULL),
(166, 'molestiae', 'GA 06 9174', 'LawnGreen', '2', 1, NULL, NULL),
(167, 'officiis', 'GA 07 1118', 'DarkSlateBlue', '2', 5, NULL, NULL),
(168, 'quod', 'GA 03 5176', 'Wheat', '1', 2, NULL, NULL),
(169, 'aut', 'GA 04 7321', 'OrangeRed', '2', 4, NULL, NULL),
(170, 'praesentium', 'GA 01 3101', 'Turquoise', '1', 1, NULL, NULL),
(171, 'repellat', 'GA 06 6611', 'Coral', '1', 4, NULL, NULL),
(172, 'dignissimos', 'GA 02 2627', 'Azure', '2', 1, NULL, NULL),
(173, 'ab', 'GA 08 8776', 'DimGrey', '1', 1, NULL, NULL),
(174, 'placeat', 'GA 09 530', 'LightPink', '2', 2, NULL, NULL),
(175, 'optio', 'GA 06 9191', 'Tan', '3', 3, NULL, NULL),
(176, 'ut', 'GA 06 2435', 'Pink', '2', 1, NULL, NULL),
(177, 'iure', 'GA 02 8322', 'PowderBlue', '1', 4, NULL, NULL),
(178, 'aut', 'GA 08 1854', 'SaddleBrown', '3', 1, NULL, NULL),
(179, 'consequuntur', 'GA 06 3047', 'DodgerBlue', '2', 3, NULL, NULL),
(180, 'sit', 'GA 08 6324', 'GreenYellow', '3', 2, NULL, NULL),
(181, 'dolorem', 'GA 02 6435', 'HoneyDew', '3', 1, NULL, NULL),
(182, 'cumque', 'GA 09 5886', 'Tomato', '1', 3, NULL, NULL),
(183, 'id', 'GA 05 2455', 'LightSkyBlue', '3', 3, NULL, NULL),
(184, 'aut', 'GA 09 5466', 'MistyRose', '1', 5, NULL, NULL),
(185, 'aut', 'GA 03 9475', 'Moccasin', '3', 3, NULL, NULL),
(186, 'quia', 'GA 01 1265', 'Teal', '2', 4, NULL, NULL),
(187, 'enim', 'GA 02 1569', 'BlueViolet', '1', 4, NULL, NULL),
(188, 'blanditiis', 'GA 08 7575', 'WhiteSmoke', '2', 2, NULL, NULL),
(189, 'beatae', 'GA 05 8537', 'LightPink', '3', 5, NULL, NULL),
(190, 'iste', 'GA 09 25', 'SandyBrown', '1', 3, NULL, NULL),
(191, 'ipsa', 'GA 07 4857', 'LightSkyBlue', '1', 3, NULL, NULL),
(192, 'esse', 'GA 09 5895', 'Red', '3', 4, NULL, NULL),
(193, 'omnis', 'GA 01 1771', 'Khaki', '2', 4, NULL, NULL),
(194, 'molestias', 'GA 01 180', 'DimGrey', '3', 4, NULL, NULL),
(195, 'soluta', 'GA 02 563', 'DarkMagenta', '1', 2, NULL, NULL),
(196, 'alias', 'GA 08 6455', 'Azure', '1', 2, NULL, NULL),
(197, 'numquam', 'GA 08 5708', 'Tan', '1', 5, NULL, NULL),
(198, 'ut', 'GA 01 1738', 'Thistle', '3', 4, NULL, NULL),
(199, 'voluptatum', 'GA 04 7522', 'SaddleBrown', '3', 3, NULL, NULL),
(200, 'natus', 'GA 06 5091', 'PaleTurquoise', '2', 4, NULL, NULL),
(201, 'ipsa', 'GA 03 1194', 'SandyBrown', '2', 5, NULL, NULL),
(202, 'et', 'GA 03 4715', 'DarkViolet', '2', 1, NULL, NULL),
(203, 'tempora', 'GA 09 3346', 'Black', '3', 2, NULL, NULL),
(204, 'amet', 'GA 06 7624', 'Blue', '1', 1, NULL, NULL),
(205, 'pariatur', 'GA 03 9252', 'Aquamarine', '3', 3, NULL, NULL),
(206, 'molestiae', 'GA 05 8726', 'CadetBlue', '1', 5, NULL, NULL),
(207, 'reiciendis', 'GA 09 1978', 'LightSlateGray', '2', 1, NULL, NULL),
(208, 'voluptatibus', 'GA 03 1915', 'MistyRose', '3', 5, NULL, NULL),
(209, 'magnam', 'GA 08 9526', 'LightYellow', '3', 1, NULL, NULL),
(210, 'voluptatem', 'GA 07 5137', 'MediumSpringGreen', '3', 2, NULL, NULL),
(211, 'ut', 'GA 09 2208', 'MediumVioletRed', '3', 1, NULL, NULL),
(212, 'blanditiis', 'GA 07 98', 'Gainsboro', '1', 4, NULL, NULL),
(213, 'itaque', 'GA 05 1717', 'Navy', '1', 2, NULL, NULL),
(214, 'amet', 'GA 04 8980', 'PaleVioletRed', '1', 5, NULL, NULL),
(215, 'iste', 'GA 06 2669', 'SeaShell', '3', 4, NULL, NULL),
(216, 'sequi', 'GA 09 1701', 'LightGreen', '3', 4, NULL, NULL),
(217, 'tempora', 'GA 08 6976', 'Linen', '2', 4, NULL, NULL),
(218, 'perspiciatis', 'GA 03 2882', 'Fuchsia', '1', 5, NULL, NULL),
(219, 'blanditiis', 'GA 02 7610', 'ForestGreen', '2', 3, NULL, NULL),
(220, 'iure', 'GA 09 895', 'MediumAquaMarine', '3', 5, NULL, NULL),
(221, 'ad', 'GA 09 921', 'SteelBlue', '2', 1, NULL, NULL),
(222, 'laudantium', 'GA 08 2035', 'MediumTurquoise', '2', 3, NULL, NULL),
(223, 'aut', 'GA 02 5926', 'GreenYellow', '2', 4, NULL, NULL),
(224, 'vitae', 'GA 09 91', 'DeepSkyBlue', '1', 3, NULL, NULL),
(225, 'doloribus', 'GA 07 9250', 'Thistle', '3', 1, NULL, NULL),
(226, 'ut', 'GA 01 9453', 'PaleVioletRed', '1', 3, NULL, NULL),
(227, 'quia', 'GA 05 486', 'LightYellow', '1', 2, NULL, NULL),
(228, 'qui', 'GA 08 6049', 'HotPink', '1', 1, NULL, NULL),
(229, 'vel', 'GA 02 4102', 'DeepPink', '3', 4, NULL, NULL),
(230, 'iure', 'GA 09 4730', 'DarkCyan', '3', 4, NULL, NULL),
(231, 'qui', 'GA 04 2443', 'BlueViolet', '3', 2, NULL, NULL),
(232, 'saepe', 'GA 05 7372', 'MediumSlateBlue', '1', 5, NULL, NULL),
(233, 'culpa', 'GA 08 5932', 'DeepPink', '3', 1, NULL, NULL),
(234, 'debitis', 'GA 08 675', 'Azure', '3', 1, NULL, NULL),
(235, 'aut', 'GA 02 4489', 'OldLace', '1', 2, NULL, NULL),
(236, 'eum', 'GA 06 3536', 'DarkGray', '2', 5, NULL, NULL),
(237, 'aspernatur', 'GA 02 9902', 'MediumPurple', '3', 4, NULL, NULL),
(238, 'molestias', 'GA 03 4658', 'Turquoise', '1', 3, NULL, NULL),
(239, 'officia', 'GA 02 8179', 'LightSeaGreen', '1', 2, NULL, NULL),
(240, 'nihil', 'GA 09 6912', 'LightSkyBlue', '3', 5, NULL, NULL),
(241, 'at', 'GA 02 192', 'Silver', '3', 5, NULL, NULL),
(242, 'esse', 'GA 01 3688', 'Thistle', '2', 5, NULL, NULL),
(243, 'consectetur', 'GA 02 4132', 'OrangeRed', '3', 5, NULL, NULL),
(244, 'aliquid', 'GA 09 8625', 'Magenta', '3', 4, NULL, NULL),
(245, 'quam', 'GA 03 3401', 'Lime', '1', 4, NULL, NULL),
(246, 'ab', 'GA 02 3672', 'DeepSkyBlue', '3', 3, NULL, NULL),
(247, 'saepe', 'GA 05 7570', 'GoldenRod', '3', 2, NULL, NULL),
(248, 'qui', 'GA 07 7390', 'Gray', '2', 4, NULL, NULL),
(249, 'rerum', 'GA 09 2240', 'MediumPurple', '2', 3, NULL, NULL),
(250, 'et', 'GA 03 7226', 'Silver', '2', 3, NULL, NULL),
(251, 'consequatur', 'GA 05 8504', 'DimGrey', '1', 1, NULL, NULL),
(252, 'rerum', 'GA 01 7294', 'SeaGreen', '3', 3, NULL, NULL),
(253, 'ducimus', 'GA 06 3726', 'Orchid', '3', 4, NULL, NULL),
(254, 'aut', 'GA 03 6426', 'Gray', '1', 5, NULL, NULL),
(255, 'dignissimos', 'GA 02 7138', 'OrangeRed', '2', 3, NULL, NULL),
(256, 'atque', 'GA 06 1006', 'DarkSeaGreen', '1', 1, NULL, NULL),
(257, 'aut', 'GA 08 1815', 'GreenYellow', '3', 2, NULL, NULL),
(258, 'deleniti', 'GA 08 5397', 'GhostWhite', '3', 1, NULL, NULL),
(259, 'culpa', 'GA 09 8722', 'LightSkyBlue', '1', 3, NULL, NULL),
(260, 'excepturi', 'GA 03 5752', 'Gainsboro', '2', 1, NULL, NULL),
(261, 'reprehenderit', 'GA 06 328', 'BlueViolet', '3', 2, NULL, NULL),
(262, 'explicabo', 'GA 09 8459', 'AntiqueWhite', '1', 3, NULL, NULL),
(263, 'pariatur', 'GA 05 1301', 'Lavender', '1', 2, NULL, NULL),
(264, 'officiis', 'GA 02 3950', 'LightSkyBlue', '2', 1, NULL, NULL),
(265, 'amet', 'GA 05 2210', 'Fuchsia', '3', 3, NULL, NULL),
(266, 'accusamus', 'GA 09 5640', 'ForestGreen', '2', 2, NULL, NULL),
(267, 'recusandae', 'GA 09 3232', 'PaleVioletRed', '2', 3, NULL, NULL),
(268, 'minus', 'GA 02 7648', 'Plum', '3', 5, NULL, NULL),
(269, 'et', 'GA 09 3364', 'Cornsilk', '2', 5, NULL, NULL),
(270, 'fugiat', 'GA 09 8707', 'MediumBlue', '3', 2, NULL, NULL),
(271, 'rerum', 'GA 06 7111', 'DeepPink', '2', 2, NULL, NULL),
(272, 'aut', 'GA 07 7976', 'Crimson', '2', 2, NULL, NULL),
(273, 'at', 'GA 09 4346', 'Fuchsia', '1', 2, NULL, NULL),
(274, 'alias', 'GA 01 1713', 'MediumSeaGreen', '3', 3, NULL, NULL),
(275, 'quisquam', 'GA 06 6212', 'PapayaWhip', '1', 3, NULL, NULL),
(276, 'repellat', 'GA 07 3906', 'MidnightBlue', '2', 2, NULL, NULL),
(277, 'qui', 'GA 05 5883', 'FireBrick', '2', 2, NULL, NULL),
(278, 'consectetur', 'GA 09 3161', 'Ivory', '2', 3, NULL, NULL),
(279, 'inventore', 'GA 04 2461', 'MediumTurquoise', '2', 3, NULL, NULL),
(280, 'adipisci', 'GA 03 6656', 'AntiqueWhite', '3', 1, NULL, NULL),
(281, 'repellat', 'GA 06 8917', 'Cyan', '1', 5, NULL, NULL),
(282, 'sit', 'GA 08 2269', 'LightSeaGreen', '1', 4, NULL, NULL),
(283, 'exercitationem', 'GA 07 6330', 'DarkGray', '3', 2, NULL, NULL),
(284, 'dignissimos', 'GA 09 5648', 'GhostWhite', '3', 3, NULL, NULL),
(285, 'eaque', 'GA 06 3251', 'Salmon', '3', 5, NULL, NULL),
(286, 'animi', 'GA 06 335', 'Yellow', '3', 5, NULL, NULL),
(287, 'est', 'GA 02 96', 'MediumVioletRed', '2', 3, NULL, NULL),
(288, 'qui', 'GA 02 5333', 'LavenderBlush', '1', 3, NULL, NULL),
(289, 'modi', 'GA 07 8388', 'DarkRed', '1', 5, NULL, NULL),
(290, 'nihil', 'GA 08 4316', 'Gray', '1', 3, NULL, NULL),
(291, 'commodi', 'GA 05 2042', 'GreenYellow', '1', 5, NULL, NULL),
(292, 'quo', 'GA 06 6604', 'NavajoWhite', '3', 1, NULL, NULL),
(293, 'a', 'GA 06 6987', 'Aquamarine', '1', 5, NULL, NULL),
(294, 'ut', 'GA 08 1353', 'HotPink', '1', 5, NULL, NULL),
(295, 'ea', 'GA 07 5091', 'Teal', '1', 1, NULL, NULL),
(296, 'et', 'GA 07 493', 'Gray', '1', 3, NULL, NULL),
(297, 'fuga', 'GA 03 4260', 'Cyan', '2', 1, NULL, NULL),
(298, 'ut', 'GA 03 3715', 'OrangeRed', '1', 4, NULL, NULL),
(299, 'sunt', 'GA 06 9927', 'MediumOrchid', '2', 1, NULL, NULL),
(300, 'amet', 'GA 04 9322', 'Tomato', '1', 1, NULL, NULL),
(301, 'quisquam', 'GA 03 6848', 'DarkOrchid', '2', 2, NULL, NULL),
(302, 'maiores', 'GA 07 2018', 'SpringGreen', '3', 1, NULL, NULL),
(303, 'delectus', 'GA 06 7492', 'LawnGreen', '1', 2, NULL, NULL),
(304, 'modi', 'GA 07 352', 'Coral', '1', 1, NULL, NULL),
(305, 'est', 'GA 02 1814', 'BlanchedAlmond', '1', 1, NULL, NULL),
(306, 'excepturi', 'GA 01 7075', 'MintCream', '1', 2, NULL, NULL),
(307, 'vel', 'GA 03 3489', 'LightSkyBlue', '3', 5, NULL, NULL),
(308, 'praesentium', 'GA 03 2907', 'SpringGreen', '2', 2, NULL, NULL),
(309, 'tempora', 'GA 07 6387', 'Bisque', '3', 4, NULL, NULL),
(310, 'et', 'GA 02 708', 'Pink', '1', 4, NULL, NULL),
(311, 'eos', 'GA 06 3691', 'MediumSlateBlue', '1', 4, NULL, NULL),
(312, 'quo', 'GA 06 9246', 'DarkSalmon', '2', 5, NULL, NULL),
(313, 'et', 'GA 09 8419', 'LightSeaGreen', '1', 4, NULL, NULL),
(314, 'sed', 'GA 03 2902', 'Magenta', '1', 1, NULL, NULL),
(315, 'voluptatum', 'GA 02 1700', 'LightGoldenRodYellow', '1', 1, NULL, NULL),
(316, 'eos', 'GA 06 5495', 'MediumAquaMarine', '2', 4, NULL, NULL),
(317, 'voluptas', 'GA 01 8403', 'Plum', '2', 5, NULL, NULL),
(318, 'error', 'GA 06 5755', 'OldLace', '2', 1, NULL, NULL),
(319, 'sunt', 'GA 06 1431', 'Coral', '2', 2, NULL, NULL),
(320, 'et', 'GA 07 2131', 'DarkSlateBlue', '2', 3, NULL, NULL),
(321, 'dolor', 'GA 04 6058', 'Orchid', '3', 3, NULL, NULL),
(322, 'ut', 'GA 05 1899', 'SkyBlue', '2', 1, NULL, NULL),
(323, 'fuga', 'GA 03 2828', 'PaleGoldenRod', '2', 2, NULL, NULL),
(324, 'est', 'GA 02 3708', 'GreenYellow', '3', 5, NULL, NULL),
(325, 'vero', 'GA 09 9757', 'Black', '2', 3, NULL, NULL),
(326, 'necessitatibus', 'GA 06 8311', 'LightSalmon', '2', 5, NULL, NULL),
(327, 'quae', 'GA 02 1338', 'ForestGreen', '3', 3, NULL, NULL),
(328, 'voluptatem', 'GA 03 8505', 'MediumSlateBlue', '2', 4, NULL, NULL),
(329, 'et', 'GA 08 7976', 'Sienna', '2', 4, NULL, NULL),
(330, 'expedita', 'GA 04 2579', 'Aquamarine', '2', 3, NULL, NULL),
(331, 'officia', 'GA 03 9132', 'DodgerBlue', '1', 1, NULL, NULL),
(332, 'voluptates', 'GA 01 5734', 'LemonChiffon', '1', 1, NULL, NULL),
(333, 'quia', 'GA 08 545', 'Aqua', '2', 5, NULL, NULL),
(334, 'eum', 'GA 01 5221', 'WhiteSmoke', '2', 4, NULL, NULL),
(335, 'nihil', 'GA 01 6257', 'Turquoise', '1', 1, NULL, NULL),
(336, 'deleniti', 'GA 07 348', 'LightSlateGray', '3', 4, NULL, NULL),
(337, 'non', 'GA 06 605', 'MidnightBlue', '3', 1, NULL, NULL),
(338, 'alias', 'GA 07 4319', 'ForestGreen', '3', 5, NULL, NULL),
(339, 'ab', 'GA 06 1134', 'PaleVioletRed', '1', 2, NULL, NULL),
(340, 'ducimus', 'GA 02 2416', 'Lavender', '3', 3, NULL, NULL),
(341, 'nisi', 'GA 07 338', 'Cornsilk', '3', 3, NULL, NULL),
(342, 'sunt', 'GA 09 5142', 'Purple', '1', 3, NULL, NULL),
(343, 'sunt', 'GA 01 3566', 'HoneyDew', '2', 2, NULL, NULL),
(344, 'id', 'GA 08 3748', 'YellowGreen', '1', 2, NULL, NULL),
(345, 'similique', 'GA 05 6741', 'MistyRose', '1', 5, NULL, NULL),
(346, 'mollitia', 'GA 03 424', 'MediumSlateBlue', '3', 1, NULL, NULL),
(347, 'nihil', 'GA 01 2965', 'GoldenRod', '1', 4, NULL, NULL),
(348, 'nihil', 'GA 05 3612', 'Gainsboro', '2', 1, NULL, NULL),
(349, 'voluptate', 'GA 05 2855', 'DarkOrchid', '1', 4, NULL, NULL),
(350, 'aperiam', 'GA 01 8236', 'Khaki', '1', 5, NULL, NULL),
(351, 'voluptatum', 'GA 04 7883', 'MediumSeaGreen', '2', 1, NULL, NULL),
(352, 'reprehenderit', 'GA 08 9592', 'Fuchsia', '3', 5, NULL, NULL),
(353, 'nesciunt', 'GA 09 3590', 'Khaki', '2', 5, NULL, NULL),
(354, 'nihil', 'GA 03 5959', 'Cornsilk', '1', 2, NULL, NULL),
(355, 'voluptates', 'GA 08 4462', 'Fuchsia', '2', 1, NULL, NULL),
(356, 'aut', 'GA 08 6841', 'Gray', '2', 2, NULL, NULL),
(357, 'ut', 'GA 08 4784', 'Turquoise', '2', 5, NULL, NULL),
(358, 'nam', 'GA 05 5298', 'Maroon', '1', 3, NULL, NULL),
(359, 'quos', 'GA 04 21', 'DarkViolet', '3', 4, NULL, NULL),
(360, 'minima', 'GA 03 6966', 'Aquamarine', '1', 4, NULL, NULL),
(361, 'iste', 'GA 03 4632', 'MediumBlue', '2', 4, NULL, NULL),
(362, 'aut', 'GA 09 4087', 'Turquoise', '1', 3, NULL, NULL),
(363, 'et', 'GA 04 444', 'MediumAquaMarine', '2', 2, NULL, NULL),
(364, 'maxime', 'GA 09 4896', 'Khaki', '1', 1, NULL, NULL),
(365, 'consequatur', 'GA 06 10', 'LightCyan', '2', 5, NULL, NULL),
(366, 'magni', 'GA 07 942', 'LightBlue', '1', 5, NULL, NULL),
(367, 'repudiandae', 'GA 04 4856', 'DarkOrchid', '1', 4, NULL, NULL),
(368, 'minima', 'GA 06 8221', 'LightCyan', '2', 1, NULL, NULL),
(369, 'ratione', 'GA 02 4865', 'BurlyWood', '2', 1, NULL, NULL),
(370, 'laudantium', 'GA 09 9873', 'LightSalmon', '2', 3, NULL, NULL),
(371, 'laborum', 'GA 07 6325', 'MediumOrchid', '3', 5, NULL, NULL),
(372, 'itaque', 'GA 05 2005', 'Orange', '3', 2, NULL, NULL),
(373, 'nihil', 'GA 04 891', 'Peru', '1', 5, NULL, NULL),
(374, 'quia', 'GA 09 9164', 'SlateBlue', '1', 3, NULL, NULL),
(375, 'possimus', 'GA 08 9717', 'RosyBrown', '3', 1, NULL, NULL),
(376, 'dolorum', 'GA 06 1327', 'MidnightBlue', '1', 3, NULL, NULL),
(377, 'ut', 'GA 01 2916', 'DimGrey', '3', 5, NULL, NULL),
(378, 'iure', 'GA 06 9843', 'Brown', '1', 2, NULL, NULL),
(379, 'qui', 'GA 01 4586', 'DarkSlateGray', '2', 1, NULL, NULL),
(380, 'culpa', 'GA 04 6051', 'Tan', '3', 5, NULL, NULL),
(381, 'molestias', 'GA 06 5826', 'FireBrick', '2', 1, NULL, NULL),
(382, 'error', 'GA 06 1618', 'BlueViolet', '1', 4, NULL, NULL),
(383, 'expedita', 'GA 03 2016', 'Black', '1', 1, NULL, NULL),
(384, 'recusandae', 'GA 01 5129', 'MediumBlue', '1', 4, NULL, NULL),
(385, 'alias', 'GA 09 8875', 'Orchid', '3', 4, NULL, NULL),
(386, 'similique', 'GA 04 2305', 'DarkTurquoise', '3', 5, NULL, NULL),
(387, 'consequatur', 'GA 05 1064', 'GhostWhite', '3', 3, NULL, NULL),
(388, 'asperiores', 'GA 03 16', 'DarkSeaGreen', '3', 4, NULL, NULL),
(389, 'illum', 'GA 08 3877', 'Crimson', '3', 3, NULL, NULL),
(390, 'rerum', 'GA 08 2057', 'Cornsilk', '2', 1, NULL, NULL),
(391, 'atque', 'GA 05 4575', 'Gray', '3', 3, NULL, NULL),
(392, 'ut', 'GA 08 2987', 'Linen', '3', 5, NULL, NULL),
(393, 'qui', 'GA 09 5522', 'Thistle', '2', 2, NULL, NULL),
(394, 'ut', 'GA 08 4581', 'Orchid', '1', 1, NULL, NULL),
(395, 'iusto', 'GA 03 5173', 'CadetBlue', '2', 3, NULL, NULL),
(396, 'esse', 'GA 07 6328', 'Navy', '3', 5, NULL, NULL),
(397, 'non', 'GA 02 8476', 'MediumAquaMarine', '2', 4, NULL, NULL),
(398, 'doloribus', 'GA 09 7172', 'MintCream', '1', 2, NULL, NULL),
(399, 'libero', 'GA 06 6663', 'DarkGoldenRod', '3', 5, NULL, NULL),
(400, 'accusamus', 'GA 05 7758', 'GoldenRod', '1', 5, NULL, NULL);

-- --------------------------------------------------------

--
-- Table structure for table `vehicle_category`
--

CREATE TABLE `vehicle_category` (
  `id` bigint(20) UNSIGNED NOT NULL,
  `type` varchar(40) NOT NULL,
  `fair` varchar(40) NOT NULL,
  `created_at` timestamp NULL DEFAULT NULL,
  `updated_at` timestamp NULL DEFAULT NULL
) ENGINE=InnoDB DEFAULT CHARSET=utf8mb4 COLLATE=utf8mb4_unicode_ci;

--
-- Dumping data for table `vehicle_category`
--

INSERT INTO `vehicle_category` (`id`, `type`, `fair`, `created_at`, `updated_at`) VALUES
(1, 'Hatchback', '29', NULL, NULL),
(2, 'Super Hatchback', '32', NULL, NULL),
(3, 'Sedan', '38', NULL, NULL),
(4, 'Muv', '46', NULL, NULL),
(5, 'Super Suv', '58', NULL, NULL);

--
-- Indexes for dumped tables
--

--
-- Indexes for table `admin`
--
ALTER TABLE `admin`
  ADD PRIMARY KEY (`id`),
  ADD UNIQUE KEY `admin_email_unique` (`email`);

--
-- Indexes for table `contact`
--
ALTER TABLE `contact`
  ADD PRIMARY KEY (`id`);

--
-- Indexes for table `customer`
--
ALTER TABLE `customer`
  ADD PRIMARY KEY (`id`);

--
-- Indexes for table `drivers`
--
ALTER TABLE `drivers`
  ADD PRIMARY KEY (`id`);

--
-- Indexes for table `failed_jobs`
--
ALTER TABLE `failed_jobs`
  ADD PRIMARY KEY (`id`),
  ADD UNIQUE KEY `failed_jobs_uuid_unique` (`uuid`);

--
-- Indexes for table `migrations`
--
ALTER TABLE `migrations`
  ADD PRIMARY KEY (`id`);

--
-- Indexes for table `password_resets`
--
ALTER TABLE `password_resets`
  ADD PRIMARY KEY (`email`);

--
-- Indexes for table `permit`
--
ALTER TABLE `permit`
  ADD PRIMARY KEY (`id`);

--
-- Indexes for table `personal_access_tokens`
--
ALTER TABLE `personal_access_tokens`
  ADD PRIMARY KEY (`id`),
  ADD UNIQUE KEY `personal_access_tokens_token_unique` (`token`),
  ADD KEY `personal_access_tokens_tokenable_type_tokenable_id_index` (`tokenable_type`,`tokenable_id`);

--
-- Indexes for table `price`
--
ALTER TABLE `price`
  ADD PRIMARY KEY (`id`);

--
-- Indexes for table `qrcode`
--
ALTER TABLE `qrcode`
  ADD PRIMARY KEY (`id`);

--
-- Indexes for table `queue`
--
ALTER TABLE `queue`
  ADD PRIMARY KEY (`id`);

--
-- Indexes for table `relation`
--
ALTER TABLE `relation`
  ADD PRIMARY KEY (`id`);

--
-- Indexes for table `url`
--
ALTER TABLE `url`
  ADD PRIMARY KEY (`id`);

--
-- Indexes for table `users`
--
ALTER TABLE `users`
  ADD PRIMARY KEY (`id`),
  ADD UNIQUE KEY `users_email_unique` (`email`);

--
-- Indexes for table `vehicles`
--
ALTER TABLE `vehicles`
  ADD PRIMARY KEY (`id`);

--
-- Indexes for table `vehicle_category`
--
ALTER TABLE `vehicle_category`
  ADD PRIMARY KEY (`id`);

--
-- AUTO_INCREMENT for dumped tables
--

--
-- AUTO_INCREMENT for table `admin`
--
ALTER TABLE `admin`
  MODIFY `id` bigint(20) UNSIGNED NOT NULL AUTO_INCREMENT, AUTO_INCREMENT=2;

--
-- AUTO_INCREMENT for table `contact`
--
ALTER TABLE `contact`
  MODIFY `id` bigint(20) UNSIGNED NOT NULL AUTO_INCREMENT;

--
-- AUTO_INCREMENT for table `customer`
--
ALTER TABLE `customer`
  MODIFY `id` bigint(20) UNSIGNED NOT NULL AUTO_INCREMENT, AUTO_INCREMENT=1001;

--
-- AUTO_INCREMENT for table `drivers`
--
ALTER TABLE `drivers`
  MODIFY `id` bigint(20) UNSIGNED NOT NULL AUTO_INCREMENT, AUTO_INCREMENT=401;

--
-- AUTO_INCREMENT for table `failed_jobs`
--
ALTER TABLE `failed_jobs`
  MODIFY `id` bigint(20) UNSIGNED NOT NULL AUTO_INCREMENT;

--
-- AUTO_INCREMENT for table `migrations`
--
ALTER TABLE `migrations`
  MODIFY `id` int(10) UNSIGNED NOT NULL AUTO_INCREMENT;

--
-- AUTO_INCREMENT for table `permit`
--
ALTER TABLE `permit`
  MODIFY `id` bigint(20) UNSIGNED NOT NULL AUTO_INCREMENT;

--
-- AUTO_INCREMENT for table `personal_access_tokens`
--
ALTER TABLE `personal_access_tokens`
  MODIFY `id` bigint(20) UNSIGNED NOT NULL AUTO_INCREMENT;

--
-- AUTO_INCREMENT for table `price`
--
ALTER TABLE `price`
  MODIFY `id` bigint(20) UNSIGNED NOT NULL AUTO_INCREMENT, AUTO_INCREMENT=2;

--
-- AUTO_INCREMENT for table `qrcode`
--
ALTER TABLE `qrcode`
  MODIFY `id` bigint(20) UNSIGNED NOT NULL AUTO_INCREMENT;

--
-- AUTO_INCREMENT for table `queue`
--
ALTER TABLE `queue`
  MODIFY `id` bigint(20) UNSIGNED NOT NULL AUTO_INCREMENT, AUTO_INCREMENT=401;

--
-- AUTO_INCREMENT for table `relation`
--
ALTER TABLE `relation`
  MODIFY `id` bigint(20) UNSIGNED NOT NULL AUTO_INCREMENT, AUTO_INCREMENT=401;

--
-- AUTO_INCREMENT for table `url`
--
ALTER TABLE `url`
  MODIFY `id` bigint(20) UNSIGNED NOT NULL AUTO_INCREMENT;

--
-- AUTO_INCREMENT for table `users`
--
ALTER TABLE `users`
  MODIFY `id` bigint(20) UNSIGNED NOT NULL AUTO_INCREMENT, AUTO_INCREMENT=2;

--
-- AUTO_INCREMENT for table `vehicles`
--
ALTER TABLE `vehicles`
  MODIFY `id` bigint(20) UNSIGNED NOT NULL AUTO_INCREMENT, AUTO_INCREMENT=401;

--
-- AUTO_INCREMENT for table `vehicle_category`
--
ALTER TABLE `vehicle_category`
  MODIFY `id` bigint(20) UNSIGNED NOT NULL AUTO_INCREMENT, AUTO_INCREMENT=6;
COMMIT;

/*!40101 SET CHARACTER_SET_CLIENT=@OLD_CHARACTER_SET_CLIENT */;
/*!40101 SET CHARACTER_SET_RESULTS=@OLD_CHARACTER_SET_RESULTS */;
/*!40101 SET COLLATION_CONNECTION=@OLD_COLLATION_CONNECTION */;
